---------------------------------------------------------------------------------------------------
Date: 8/26/2026 -- 23:53:37 (uptime: 0d, 00h 00m 08s)
---------------------------------------------------------------------------------------------------
Counter                                                      | TM Name                   | Value
---------------------------------------------------------------------------------------------------
capture.kernel_packets                                       | Total                     | 262
capture.afpacket.polls                                       | Total                     | 728
capture.afpacket.poll_timeout                                | Total                     | 622
capture.afpacket.poll_data                                   | Total                     | 106
decoder.pkts                                                 | Total                     | 504
decoder.bytes                                                | Total                     | 1500895
decoder.ipv4                                                 | Total                     | 496
decoder.ipv6                                                 | Total                     | 8
decoder.ethernet                                             | Total                     | 504
decoder.tcp                                                  | Total                     | 504
tcp.syn                                                      | Total                     | 10
tcp.synack                                                   | Total                     | 6
tcp.rst                                                      | Total                     | 8
decoder.avg_pkt_size                                         | Total                     | 2977
decoder.max_pkt_size                                         | Total                     | 32834
tcp.active_sessions                                          | Total                     | 8
flow.total                                                   | Total                     | 14
flow.active                                                  | Total                     | 14
flow.tcp                                                     | Total                     | 14
flow.wrk.spare_sync_avg                                      | Total                     | 100
flow.wrk.spare_sync                                          | Total                     | 7
tcp.sessions                                                 | Total                     | 8
tcp.ssn_from_pool                                            | Total                     | 8
tcp.invalid_checksum                                         | Total                     | 291
flow.mgr.rows_per_sec                                        | Total                     | 7208
flow.spare                                                   | Total                     | 9300
flow.mgr.rows_maxlen                                         | Total                     | 1
flow.mgr.flows_checked                                       | Total                     | 8
flow.mgr.flows_notimeout                                     | Total                     | 8
memcap.pressure                                              | Total                     | 11
memcap.pressure_max                                          | Total                     | 11
defrag.memuse                                                | Total                     | 33554432
tcp.memuse                                                   | Total                     | 7471104
tcp.reassembly_memuse                                        | Total                     | 1376256
http.byterange.memuse                                        | Total                     | 176384
http.byterange.memcap                                        | Total                     | 104857600
ippair.memuse                                                | Total                     | 406144
ippair.memcap                                                | Total                     | 16777216
host.memuse                                                  | Total                     | 390144
host.memcap                                                  | Total                     | 33554432
flow.memuse                                                  | Total                     | 9411456
---------------------------------------------------------------------------------------------------
Date: 8/26/2026 -- 23:53:45 (uptime: 0d, 00h 00m 16s)
---------------------------------------------------------------------------------------------------
Counter                                                      | TM Name                   | Value
---------------------------------------------------------------------------------------------------
capture.kernel_packets                                       | Total                     | 2171
capture.afpacket.polls                                       | Total                     | 1967
capture.afpacket.poll_timeout                                | Total                     | 1608
capture.afpacket.poll_data                                   | Total                     | 359
decoder.pkts                                                 | Total                     | 2189
decoder.bytes                                                | Total                     | 4987008
decoder.ipv4                                                 | Total                     | 2159
decoder.ipv6                                                 | Total                     | 30
decoder.ethernet                                             | Total                     | 2189
decoder.tcp                                                  | Total                     | 2185
tcp.syn                                                      | Total                     | 63
tcp.synack                                                   | Total                     | 50
tcp.rst                                                      | Total                     | 27
decoder.icmpv6                                               | Total                     | 4
decoder.avg_pkt_size                                         | Total                     | 2278
decoder.max_pkt_size                                         | Total                     | 32834
tcp.active_sessions                                          | Total                     | 22
flow.total                                                   | Total                     | 74
flow.active                                                  | Total                     | 74
flow.tcp                                                     | Total                     | 72
flow.icmpv6                                                  | Total                     | 2
flow.wrk.spare_sync_avg                                      | Total                     | 100
flow.wrk.spare_sync                                          | Total                     | 12
tcp.sessions                                                 | Total                     | 22
tcp.ssn_from_pool                                            | Total                     | 22
tcp.invalid_checksum                                         | Total                     | 1194
flow.mgr.full_hash_pass                                      | Total                     | 1
flow.mgr.rows_per_sec                                        | Total                     | 7208
flow.spare                                                   | Total                     | 10100
flow.mgr.rows_maxlen                                         | Total                     | 1
flow.mgr.flows_checked                                       | Total                     | 57
flow.mgr.flows_notimeout                                     | Total                     | 57
memcap.pressure                                              | Total                     | 11
memcap.pressure_max                                          | Total                     | 11
defrag.memuse                                                | Total                     | 33554432
tcp.memuse                                                   | Total                     | 7471104
tcp.reassembly_memuse                                        | Total                     | 1376256
http.byterange.memuse                                        | Total                     | 176384
http.byterange.memcap                                        | Total                     | 104857600
ippair.memuse                                                | Total                     | 406144
ippair.memcap                                                | Total                     | 16777216
host.memuse                                                  | Total                     | 390144
host.memcap                                                  | Total                     | 33554432
flow.memuse                                                  | Total                     | 9817056
---------------------------------------------------------------------------------------------------
Date: 8/26/2026 -- 23:53:53 (uptime: 0d, 00h 00m 24s)
---------------------------------------------------------------------------------------------------
Counter                                                      | TM Name                   | Value
---------------------------------------------------------------------------------------------------
capture.kernel_packets                                       | Total                     | 2843
capture.afpacket.polls                                       | Total                     | 2707
capture.afpacket.poll_timeout                                | Total                     | 2292
capture.afpacket.poll_data                                   | Total                     | 415
decoder.pkts                                                 | Total                     | 2875
decoder.bytes                                                | Total                     | 5295317
decoder.ipv4                                                 | Total                     | 2845
decoder.ipv6                                                 | Total                     | 30
decoder.ethernet                                             | Total                     | 2875
decoder.tcp                                                  | Total                     | 2871
tcp.syn                                                      | Total                     | 105
tcp.synack                                                   | Total                     | 92
tcp.rst                                                      | Total                     | 29
decoder.icmpv6                                               | Total                     | 4
decoder.avg_pkt_size                                         | Total                     | 1841
decoder.max_pkt_size                                         | Total                     | 32834
tcp.active_sessions                                          | Total                     | 23
flow.total                                                   | Total                     | 121
flow.active                                                  | Total                     | 121
flow.tcp                                                     | Total                     | 119
flow.icmpv6                                                  | Total                     | 2
flow.wrk.spare_sync_avg                                      | Total                     | 100
flow.wrk.spare_sync                                          | Total                     | 12
tcp.sessions                                                 | Total                     | 23
tcp.ssn_from_pool                                            | Total                     | 23
tcp.invalid_checksum                                         | Total                     | 1529
flow.mgr.full_hash_pass                                      | Total                     | 2
flow.mgr.rows_per_sec                                        | Total                     | 7208
flow.spare                                                   | Total                     | 10100
flow.mgr.rows_maxlen                                         | Total                     | 1
flow.mgr.flows_checked                                       | Total                     | 94
flow.mgr.flows_notimeout                                     | Total                     | 94
memcap.pressure                                              | Total                     | 11
memcap.pressure_max                                          | Total                     | 11
defrag.memuse                                                | Total                     | 33554432
tcp.memuse                                                   | Total                     | 7471104
tcp.reassembly_memuse                                        | Total                     | 1376256
http.byterange.memuse                                        | Total                     | 176384
http.byterange.memcap                                        | Total                     | 104857600
ippair.memuse                                                | Total                     | 406144
ippair.memcap                                                | Total                     | 16777216
host.memuse                                                  | Total                     | 390144
host.memcap                                                  | Total                     | 33554432
flow.memuse                                                  | Total                     | 9817056
---------------------------------------------------------------------------------------------------
Date: 8/26/2026 -- 23:54:01 (uptime: 0d, 00h 00m 32s)
---------------------------------------------------------------------------------------------------
Counter                                                      | TM Name                   | Value
---------------------------------------------------------------------------------------------------
capture.kernel_packets                                       | Total                     | 3264
capture.afpacket.polls                                       | Total                     | 3795
capture.afpacket.poll_timeout                                | Total                     | 3330
capture.afpacket.poll_data                                   | Total                     | 465
decoder.pkts                                                 | Total                     | 4254
decoder.bytes                                                | Total                     | 6132666
decoder.ipv4                                                 | Total                     | 4224
decoder.ipv6                                                 | Total                     | 30
decoder.ethernet                                             | Total                     | 4254
decoder.tcp                                                  | Total                     | 4250
tcp.syn                                                      | Total                     | 156
tcp.synack                                                   | Total                     | 143
tcp.rst                                                      | Total                     | 29
decoder.icmpv6                                               | Total                     | 4
decoder.avg_pkt_size                                         | Total                     | 1441
decoder.max_pkt_size                                         | Total                     | 32834
tcp.active_sessions                                          | Total                     | 23
flow.total                                                   | Total                     | 172
flow.active                                                  | Total                     | 172
flow.tcp                                                     | Total                     | 170
flow.icmpv6                                                  | Total                     | 2
flow.wrk.spare_sync_avg                                      | Total                     | 100
flow.wrk.spare_sync                                          | Total                     | 12
tcp.sessions                                                 | Total                     | 23
tcp.ssn_from_pool                                            | Total                     | 23
tcp.invalid_checksum                                         | Total                     | 2062
flow.mgr.full_hash_pass                                      | Total                     | 3
flow.mgr.rows_per_sec                                        | Total                     | 7208
flow.spare                                                   | Total                     | 10100
flow.mgr.rows_maxlen                                         | Total                     | 1
flow.mgr.flows_checked                                       | Total                     | 131
flow.mgr.flows_notimeout                                     | Total                     | 131
memcap.pressure                                              | Total                     | 11
memcap.pressure_max                                          | Total                     | 11
defrag.memuse                                                | Total                     | 33554432
tcp.memuse                                                   | Total                     | 7471104
tcp.reassembly_memuse                                        | Total                     | 1376256
http.byterange.memuse                                        | Total                     | 176384
http.byterange.memcap                                        | Total                     | 104857600
ippair.memuse                                                | Total                     | 406144
ippair.memcap                                                | Total                     | 16777216
host.memuse                                                  | Total                     | 390144
host.memcap                                                  | Total                     | 33554432
flow.memuse                                                  | Total                     | 9817056
---------------------------------------------------------------------------------------------------
Date: 8/26/2026 -- 23:54:09 (uptime: 0d, 00h 00m 40s)
---------------------------------------------------------------------------------------------------
Counter                                                      | TM Name                   | Value
---------------------------------------------------------------------------------------------------
capture.kernel_packets                                       | Total                     | 4821
capture.afpacket.polls                                       | Total                     | 4874
capture.afpacket.poll_timeout                                | Total                     | 4369
capture.afpacket.poll_data                                   | Total                     | 505
decoder.pkts                                                 | Total                     | 4820
decoder.bytes                                                | Total                     | 6301517
decoder.ipv4                                                 | Total                     | 4790
decoder.ipv6                                                 | Total                     | 30
decoder.ethernet                                             | Total                     | 4820
decoder.tcp                                                  | Total                     | 4816
tcp.syn                                                      | Total                     | 195
tcp.synack                                                   | Total                     | 182
tcp.rst                                                      | Total                     | 29
decoder.icmpv6                                               | Total                     | 4
decoder.avg_pkt_size                                         | Total                     | 1307
decoder.max_pkt_size                                         | Total                     | 32834
tcp.active_sessions                                          | Total                     | 23
flow.total                                                   | Total                     | 212
flow.active                                                  | Total                     | 212
flow.tcp                                                     | Total                     | 210
flow.icmpv6                                                  | Total                     | 2
flow.wrk.spare_sync_avg                                      | Total                     | 100
flow.wrk.spare_sync                                          | Total                     | 12
tcp.sessions                                                 | Total                     | 23
tcp.ssn_from_pool                                            | Total                     | 23
tcp.invalid_checksum                                         | Total                     | 2336
flow.mgr.full_hash_pass                                      | Total                     | 4
flow.mgr.rows_per_sec                                        | Total                     | 7208
flow.spare                                                   | Total                     | 10100
flow.mgr.rows_maxlen                                         | Total                     | 1
flow.mgr.flows_checked                                       | Total                     | 178
flow.mgr.flows_notimeout                                     | Total                     | 178
memcap.pressure                                              | Total                     | 11
memcap.pressure_max                                          | Total                     | 11
defrag.memuse                                                | Total                     | 33554432
tcp.memuse                                                   | Total                     | 7471104
tcp.reassembly_memuse                                        | Total                     | 1376256
http.byterange.memuse                                        | Total                     | 176384
http.byterange.memcap                                        | Total                     | 104857600
ippair.memuse                                                | Total                     | 406144
ippair.memcap                                                | Total                     | 16777216
host.memuse                                                  | Total                     | 390144
host.memcap                                                  | Total                     | 33554432
flow.memuse                                                  | Total                     | 9817056
---------------------------------------------------------------------------------------------------
Date: 8/26/2026 -- 23:54:17 (uptime: 0d, 00h 00m 48s)
---------------------------------------------------------------------------------------------------
Counter                                                      | TM Name                   | Value
---------------------------------------------------------------------------------------------------
capture.kernel_packets                                       | Total                     | 4995
capture.afpacket.polls                                       | Total                     | 5589
capture.afpacket.poll_timeout                                | Total                     | 5063
capture.afpacket.poll_data                                   | Total                     | 526
decoder.pkts                                                 | Total                     | 5002
decoder.bytes                                                | Total                     | 6350392
decoder.ipv4                                                 | Total                     | 4972
decoder.ipv6                                                 | Total                     | 30
decoder.ethernet                                             | Total                     | 5002
decoder.tcp                                                  | Total                     | 4998
tcp.syn                                                      | Total                     | 195
tcp.synack                                                   | Total                     | 182
tcp.rst                                                      | Total                     | 29
decoder.icmpv6                                               | Total                     | 4
decoder.avg_pkt_size                                         | Total                     | 1269
decoder.max_pkt_size                                         | Total                     | 32834
tcp.active_sessions                                          | Total                     | 23
flow.total                                                   | Total                     | 212
flow.active                                                  | Total                     | 212
flow.tcp                                                     | Total                     | 210
flow.icmpv6                                                  | Total                     | 2
flow.wrk.spare_sync_avg                                      | Total                     | 100
flow.wrk.spare_sync                                          | Total                     | 12
tcp.sessions                                                 | Total                     | 23
tcp.ssn_from_pool                                            | Total                     | 23
tcp.invalid_checksum                                         | Total                     | 2418
flow.mgr.full_hash_pass                                      | Total                     | 5
flow.mgr.rows_per_sec                                        | Total                     | 7208
flow.spare                                                   | Total                     | 10100
flow.mgr.rows_maxlen                                         | Total                     | 1
flow.mgr.flows_checked                                       | Total                     | 204
flow.mgr.flows_notimeout                                     | Total                     | 204
memcap.pressure                                              | Total                     | 11
memcap.pressure_max                                          | Total                     | 11
defrag.memuse                                                | Total                     | 33554432
tcp.memuse                                                   | Total                     | 7471104
tcp.reassembly_memuse                                        | Total                     | 1376256
http.byterange.memuse                                        | Total                     | 176384
http.byterange.memcap                                        | Total                     | 104857600
ippair.memuse                                                | Total                     | 406144
ippair.memcap                                                | Total                     | 16777216
host.memuse                                                  | Total                     | 390144
host.memcap                                                  | Total                     | 33554432
flow.memuse                                                  | Total                     | 9817056
---------------------------------------------------------------------------------------------------
Date: 8/26/2026 -- 23:54:25 (uptime: 0d, 00h 00m 56s)
---------------------------------------------------------------------------------------------------
Counter                                                      | TM Name                   | Value
---------------------------------------------------------------------------------------------------
capture.kernel_packets                                       | Total                     | 5641
capture.afpacket.polls                                       | Total                     | 6681
capture.afpacket.poll_timeout                                | Total                     | 6095
capture.afpacket.poll_data                                   | Total                     | 586
decoder.pkts                                                 | Total                     | 5640
decoder.bytes                                                | Total                     | 6562440
decoder.ipv4                                                 | Total                     | 5610
decoder.ipv6                                                 | Total                     | 30
decoder.ethernet                                             | Total                     | 5640
decoder.tcp                                                  | Total                     | 5636
tcp.syn                                                      | Total                     | 237
tcp.synack                                                   | Total                     | 224
tcp.rst                                                      | Total                     | 29
decoder.icmpv6                                               | Total                     | 4
decoder.avg_pkt_size                                         | Total                     | 1163
decoder.max_pkt_size                                         | Total                     | 32834
tcp.active_sessions                                          | Total                     | 23
flow.total                                                   | Total                     | 254
flow.active                                                  | Total                     | 254
flow.tcp                                                     | Total                     | 252
flow.icmpv6                                                  | Total                     | 2
flow.wrk.spare_sync_avg                                      | Total                     | 100
flow.wrk.spare_sync                                          | Total                     | 12
tcp.sessions                                                 | Total                     | 23
tcp.ssn_from_pool                                            | Total                     | 23
tcp.invalid_checksum                                         | Total                     | 2718
flow.mgr.full_hash_pass                                      | Total                     | 6
flow.mgr.rows_per_sec                                        | Total                     | 7208
flow.spare                                                   | Total                     | 10100
flow.mgr.rows_maxlen                                         | Total                     | 1
flow.mgr.flows_checked                                       | Total                     | 239
flow.mgr.flows_notimeout                                     | Total                     | 239
memcap.pressure                                              | Total                     | 11
memcap.pressure_max                                          | Total                     | 11
defrag.memuse                                                | Total                     | 33554432
tcp.memuse                                                   | Total                     | 7471104
tcp.reassembly_memuse                                        | Total                     | 1376256
http.byterange.memuse                                        | Total                     | 176384
http.byterange.memcap                                        | Total                     | 104857600
ippair.memuse                                                | Total                     | 406144
ippair.memcap                                                | Total                     | 16777216
host.memuse                                                  | Total                     | 390144
host.memcap                                                  | Total                     | 33554432
flow.memuse                                                  | Total                     | 9817056
---------------------------------------------------------------------------------------------------
Date: 8/26/2026 -- 23:54:33 (uptime: 0d, 00h 01m 04s)
---------------------------------------------------------------------------------------------------
Counter                                                      | TM Name                   | Value
---------------------------------------------------------------------------------------------------
capture.kernel_packets                                       | Total                     | 6364
capture.afpacket.polls                                       | Total                     | 7775
capture.afpacket.poll_timeout                                | Total                     | 7127
capture.afpacket.poll_data                                   | Total                     | 648
decoder.pkts                                                 | Total                     | 6363
decoder.bytes                                                | Total                     | 6789577
decoder.ipv4                                                 | Total                     | 6333
decoder.ipv6                                                 | Total                     | 30
decoder.ethernet                                             | Total                     | 6363
decoder.tcp                                                  | Total                     | 6359
tcp.syn                                                      | Total                     | 285
tcp.synack                                                   | Total                     | 272
tcp.rst                                                      | Total                     | 29
decoder.icmpv6                                               | Total                     | 4
decoder.avg_pkt_size                                         | Total                     | 1067
decoder.max_pkt_size                                         | Total                     | 32834
tcp.active_sessions                                          | Total                     | 23
flow.total                                                   | Total                     | 303
flow.active                                                  | Total                     | 303
flow.tcp                                                     | Total                     | 301
flow.icmpv6                                                  | Total                     | 2
flow.wrk.spare_sync_avg                                      | Total                     | 100
flow.wrk.spare_sync                                          | Total                     | 12
tcp.sessions                                                 | Total                     | 23
tcp.ssn_from_pool                                            | Total                     | 23
tcp.invalid_checksum                                         | Total                     | 3058
flow.mgr.full_hash_pass                                      | Total                     | 7
flow.mgr.rows_per_sec                                        | Total                     | 7208
flow.spare                                                   | Total                     | 10100
flow.mgr.rows_maxlen                                         | Total                     | 1
flow.mgr.flows_checked                                       | Total                     | 281
flow.mgr.flows_notimeout                                     | Total                     | 281
memcap.pressure                                              | Total                     | 11
memcap.pressure_max                                          | Total                     | 11
defrag.memuse                                                | Total                     | 33554432
tcp.memuse                                                   | Total                     | 7471104
tcp.reassembly_memuse                                        | Total                     | 1376256
http.byterange.memuse                                        | Total                     | 176384
http.byterange.memcap                                        | Total                     | 104857600
ippair.memuse                                                | Total                     | 406144
ippair.memcap                                                | Total                     | 16777216
host.memuse                                                  | Total                     | 390144
host.memcap                                                  | Total                     | 33554432
flow.memuse                                                  | Total                     | 9817056
---------------------------------------------------------------------------------------------------
Date: 8/26/2026 -- 23:54:41 (uptime: 0d, 00h 01m 12s)
---------------------------------------------------------------------------------------------------
Counter                                                      | TM Name                   | Value
---------------------------------------------------------------------------------------------------
capture.kernel_packets                                       | Total                     | 6663
capture.afpacket.polls                                       | Total                     | 8492
capture.afpacket.poll_timeout                                | Total                     | 7822
capture.afpacket.poll_data                                   | Total                     | 670
decoder.pkts                                                 | Total                     | 6750
decoder.bytes                                                | Total                     | 6911869
decoder.ipv4                                                 | Total                     | 6720
decoder.ipv6                                                 | Total                     | 30
decoder.ethernet                                             | Total                     | 6750
decoder.tcp                                                  | Total                     | 6746
tcp.syn                                                      | Total                     | 324
tcp.synack                                                   | Total                     | 311
tcp.rst                                                      | Total                     | 29
decoder.icmpv6                                               | Total                     | 4
decoder.avg_pkt_size                                         | Total                     | 1023
decoder.max_pkt_size                                         | Total                     | 32834
tcp.active_sessions                                          | Total                     | 16
flow.total                                                   | Total                     | 342
flow.active                                                  | Total                     | 327
flow.tcp                                                     | Total                     | 340
flow.icmpv6                                                  | Total                     | 2
flow.wrk.spare_sync_avg                                      | Total                     | 100
flow.wrk.spare_sync                                          | Total                     | 12
tcp.sessions                                                 | Total                     | 23
tcp.ssn_from_pool                                            | Total                     | 23
tcp.invalid_checksum                                         | Total                     | 3250
flow.end.state.new                                           | Total                     | 15
flow.end.tcp_state.syn_sent                                  | Total                     | 7
flow.mgr.full_hash_pass                                      | Total                     | 7
flow.mgr.rows_per_sec                                        | Total                     | 7208
flow.spare                                                   | Total                     | 10109
flow.mgr.rows_maxlen                                         | Total                     | 1
flow.mgr.flows_checked                                       | Total                     | 328
flow.mgr.flows_notimeout                                     | Total                     | 313
flow.mgr.flows_timeout                                       | Total                     | 15
flow.mgr.flows_evicted                                       | Total                     | 15
memcap.pressure                                              | Total                     | 11
memcap.pressure_max                                          | Total                     | 11
defrag.memuse                                                | Total                     | 33554432
flow.recycler.recycled                                       | Total                     | 15
flow.recycler.queue_max                                      | Total                     | 6
tcp.memuse                                                   | Total                     | 7471104
tcp.reassembly_memuse                                        | Total                     | 1376256
http.byterange.memuse                                        | Total                     | 176384
http.byterange.memcap                                        | Total                     | 104857600
ippair.memuse                                                | Total                     | 406144
ippair.memcap                                                | Total                     | 16777216
host.memuse                                                  | Total                     | 390144
host.memcap                                                  | Total                     | 33554432
flow.memuse                                                  | Total                     | 9817056
---------------------------------------------------------------------------------------------------
Date: 8/26/2026 -- 23:54:49 (uptime: 0d, 00h 01m 20s)
---------------------------------------------------------------------------------------------------
Counter                                                      | TM Name                   | Value
---------------------------------------------------------------------------------------------------
capture.kernel_packets                                       | Total                     | 7022
capture.afpacket.polls                                       | Total                     | 9567
capture.afpacket.poll_timeout                                | Total                     | 8863
capture.afpacket.poll_data                                   | Total                     | 704
decoder.pkts                                                 | Total                     | 7026
decoder.bytes                                                | Total                     | 7003473
decoder.ipv4                                                 | Total                     | 6996
decoder.ipv6                                                 | Total                     | 30
decoder.ethernet                                             | Total                     | 7026
decoder.tcp                                                  | Total                     | 7022
tcp.syn                                                      | Total                     | 329
tcp.synack                                                   | Total                     | 316
tcp.rst                                                      | Total                     | 30
decoder.icmpv6                                               | Total                     | 4
decoder.avg_pkt_size                                         | Total                     | 996
decoder.max_pkt_size                                         | Total                     | 32834
tcp.active_sessions                                          | Total                     | 6
flow.total                                                   | Total                     | 347
flow.active                                                  | Total                     | 287
flow.tcp                                                     | Total                     | 345
flow.icmpv6                                                  | Total                     | 2
flow.wrk.spare_sync_avg                                      | Total                     | 100
flow.wrk.spare_sync                                          | Total                     | 12
tcp.sessions                                                 | Total                     | 24
tcp.ssn_from_pool                                            | Total                     | 24
tcp.invalid_checksum                                         | Total                     | 3376
flow.end.state.new                                           | Total                     | 60
flow.end.tcp_state.syn_sent                                  | Total                     | 18
flow.mgr.full_hash_pass                                      | Total                     | 8
flow.mgr.rows_per_sec                                        | Total                     | 7208
flow.spare                                                   | Total                     | 10155
flow.mgr.rows_maxlen                                         | Total                     | 1
flow.mgr.flows_checked                                       | Total                     | 413
flow.mgr.flows_notimeout                                     | Total                     | 353
flow.mgr.flows_timeout                                       | Total                     | 60
flow.mgr.flows_evicted                                       | Total                     | 60
memcap.pressure                                              | Total                     | 11
memcap.pressure_max                                          | Total                     | 11
defrag.memuse                                                | Total                     | 33554432
flow.recycler.recycled                                       | Total                     | 60
flow.recycler.queue_max                                      | Total                     | 6
tcp.memuse                                                   | Total                     | 7471104
tcp.reassembly_memuse                                        | Total                     | 1376256
http.byterange.memuse                                        | Total                     | 176384
http.byterange.memcap                                        | Total                     | 104857600
ippair.memuse                                                | Total                     | 406144
ippair.memcap                                                | Total                     | 16777216
host.memuse                                                  | Total                     | 390144
host.memcap                                                  | Total                     | 33554432
flow.memuse                                                  | Total                     | 9817056
---------------------------------------------------------------------------------------------------
Date: 8/26/2026 -- 23:54:57 (uptime: 0d, 00h 01m 28s)
---------------------------------------------------------------------------------------------------
Counter                                                      | TM Name                   | Value
---------------------------------------------------------------------------------------------------
capture.kernel_packets                                       | Total                     | 7579
capture.afpacket.polls                                       | Total                     | 10652
capture.afpacket.poll_timeout                                | Total                     | 9907
capture.afpacket.poll_data                                   | Total                     | 745
decoder.pkts                                                 | Total                     | 7578
decoder.bytes                                                | Total                     | 7173393
decoder.ipv4                                                 | Total                     | 7548
decoder.ipv6                                                 | Total                     | 30
decoder.ethernet                                             | Total                     | 7578
decoder.tcp                                                  | Total                     | 7574
tcp.syn                                                      | Total                     | 367
tcp.synack                                                   | Total                     | 354
tcp.rst                                                      | Total                     | 30
decoder.icmpv6                                               | Total                     | 4
decoder.avg_pkt_size                                         | Total                     | 946
decoder.max_pkt_size                                         | Total                     | 32834
tcp.active_sessions                                          | Total                     | 2
flow.total                                                   | Total                     | 385
flow.active                                                  | Total                     | 281
flow.tcp                                                     | Total                     | 383
flow.icmpv6                                                  | Total                     | 2
flow.wrk.spare_sync_avg                                      | Total                     | 100
flow.wrk.spare_sync                                          | Total                     | 12
tcp.sessions                                                 | Total                     | 24
tcp.ssn_from_pool                                            | Total                     | 24
tcp.invalid_checksum                                         | Total                     | 3639
flow.end.state.new                                           | Total                     | 104
flow.end.tcp_state.syn_sent                                  | Total                     | 22
flow.mgr.full_hash_pass                                      | Total                     | 9
flow.mgr.rows_per_sec                                        | Total                     | 7208
flow.spare                                                   | Total                     | 10199
flow.mgr.rows_maxlen                                         | Total                     | 2
flow.mgr.flows_checked                                       | Total                     | 507
flow.mgr.flows_notimeout                                     | Total                     | 403
flow.mgr.flows_timeout                                       | Total                     | 104
flow.mgr.flows_evicted                                       | Total                     | 104
memcap.pressure                                              | Total                     | 11
memcap.pressure_max                                          | Total                     | 11
defrag.memuse                                                | Total                     | 33554432
flow.recycler.recycled                                       | Total                     | 104
flow.recycler.queue_avg                                      | Total                     | 1
flow.recycler.queue_max                                      | Total                     | 9
tcp.memuse                                                   | Total                     | 7471104
tcp.reassembly_memuse                                        | Total                     | 1376256
http.byterange.memuse                                        | Total                     | 176384
http.byterange.memcap                                        | Total                     | 104857600
ippair.memuse                                                | Total                     | 406144
ippair.memcap                                                | Total                     | 16777216
host.memuse                                                  | Total                     | 390144
host.memcap                                                  | Total                     | 33554432
flow.memuse                                                  | Total                     | 9817056
---------------------------------------------------------------------------------------------------
Date: 8/26/2026 -- 23:55:05 (uptime: 0d, 00h 01m 36s)
---------------------------------------------------------------------------------------------------
Counter                                                      | TM Name                   | Value
---------------------------------------------------------------------------------------------------
capture.kernel_packets                                       | Total                     | 8176
capture.afpacket.polls                                       | Total                     | 11383
capture.afpacket.poll_timeout                                | Total                     | 10590
capture.afpacket.poll_data                                   | Total                     | 793
decoder.pkts                                                 | Total                     | 8175
decoder.bytes                                                | Total                     | 7346400
decoder.ipv4                                                 | Total                     | 8145
decoder.ipv6                                                 | Total                     | 30
decoder.ethernet                                             | Total                     | 8175
decoder.tcp                                                  | Total                     | 8171
tcp.syn                                                      | Total                     | 406
tcp.synack                                                   | Total                     | 393
tcp.rst                                                      | Total                     | 30
decoder.icmpv6                                               | Total                     | 4
decoder.avg_pkt_size                                         | Total                     | 898
decoder.max_pkt_size                                         | Total                     | 32834
tcp.active_sessions                                          | Total                     | 2
flow.total                                                   | Total                     | 424
flow.active                                                  | Total                     | 297
flow.tcp                                                     | Total                     | 422
flow.icmpv6                                                  | Total                     | 2
flow.wrk.spare_sync_avg                                      | Total                     | 100
flow.wrk.spare_sync                                          | Total                     | 12
tcp.sessions                                                 | Total                     | 24
tcp.ssn_from_pool                                            | Total                     | 24
tcp.invalid_checksum                                         | Total                     | 3930
flow.end.state.new                                           | Total                     | 127
flow.end.tcp_state.syn_sent                                  | Total                     | 22
flow.mgr.full_hash_pass                                      | Total                     | 10
flow.mgr.rows_per_sec                                        | Total                     | 7208
flow.spare                                                   | Total                     | 10220
flow.mgr.rows_maxlen                                         | Total                     | 2
flow.mgr.flows_checked                                       | Total                     | 554
flow.mgr.flows_notimeout                                     | Total                     | 427
flow.mgr.flows_timeout                                       | Total                     | 127
flow.mgr.flows_evicted                                       | Total                     | 127
memcap.pressure                                              | Total                     | 11
memcap.pressure_max                                          | Total                     | 11
defrag.memuse                                                | Total                     | 33554432
flow.recycler.recycled                                       | Total                     | 127
flow.recycler.queue_avg                                      | Total                     | 1
flow.recycler.queue_max                                      | Total                     | 9
tcp.memuse                                                   | Total                     | 7471104
tcp.reassembly_memuse                                        | Total                     | 1376256
http.byterange.memuse                                        | Total                     | 176384
http.byterange.memcap                                        | Total                     | 104857600
ippair.memuse                                                | Total                     | 406144
ippair.memcap                                                | Total                     | 16777216
host.memuse                                                  | Total                     | 390144
host.memcap                                                  | Total                     | 33554432
flow.memuse                                                  | Total                     | 9817056
---------------------------------------------------------------------------------------------------
Date: 8/26/2026 -- 23:55:13 (uptime: 0d, 00h 01m 44s)
---------------------------------------------------------------------------------------------------
Counter                                                      | TM Name                   | Value
---------------------------------------------------------------------------------------------------
capture.kernel_packets                                       | Total                     | 8723
capture.afpacket.polls                                       | Total                     | 12460
capture.afpacket.poll_timeout                                | Total                     | 11630
capture.afpacket.poll_data                                   | Total                     | 830
decoder.pkts                                                 | Total                     | 8722
decoder.bytes                                                | Total                     | 7516119
decoder.ipv4                                                 | Total                     | 8692
decoder.ipv6                                                 | Total                     | 30
decoder.ethernet                                             | Total                     | 8722
decoder.tcp                                                  | Total                     | 8718
tcp.syn                                                      | Total                     | 445
tcp.synack                                                   | Total                     | 432
tcp.rst                                                      | Total                     | 30
decoder.icmpv6                                               | Total                     | 4
decoder.avg_pkt_size                                         | Total                     | 861
decoder.max_pkt_size                                         | Total                     | 32834
tcp.active_sessions                                          | Total                     | 2
flow.total                                                   | Total                     | 463
flow.active                                                  | Total                     | 297
flow.tcp                                                     | Total                     | 461
flow.icmpv6                                                  | Total                     | 2
flow.wrk.spare_sync_avg                                      | Total                     | 100
flow.wrk.spare_sync                                          | Total                     | 12
tcp.sessions                                                 | Total                     | 24
tcp.ssn_from_pool                                            | Total                     | 24
tcp.invalid_checksum                                         | Total                     | 4186
flow.end.state.new                                           | Total                     | 166
flow.end.tcp_state.syn_sent                                  | Total                     | 22
flow.mgr.full_hash_pass                                      | Total                     | 11
flow.mgr.rows_per_sec                                        | Total                     | 7208
flow.spare                                                   | Total                     | 10263
flow.mgr.rows_maxlen                                         | Total                     | 2
flow.mgr.flows_checked                                       | Total                     | 633
flow.mgr.flows_notimeout                                     | Total                     | 467
flow.mgr.flows_timeout                                       | Total                     | 166
flow.mgr.flows_evicted                                       | Total                     | 166
memcap.pressure                                              | Total                     | 11
memcap.pressure_max                                          | Total                     | 11
defrag.memuse                                                | Total                     | 33554432
flow.recycler.recycled                                       | Total                     | 166
flow.recycler.queue_avg                                      | Total                     | 1
flow.recycler.queue_max                                      | Total                     | 9
tcp.memuse                                                   | Total                     | 7471104
tcp.reassembly_memuse                                        | Total                     | 1376256
http.byterange.memuse                                        | Total                     | 176384
http.byterange.memcap                                        | Total                     | 104857600
ippair.memuse                                                | Total                     | 406144
ippair.memcap                                                | Total                     | 16777216
host.memuse                                                  | Total                     | 390144
host.memcap                                                  | Total                     | 33554432
flow.memuse                                                  | Total                     | 9817056
---------------------------------------------------------------------------------------------------
Date: 8/26/2026 -- 23:55:21 (uptime: 0d, 00h 01m 52s)
---------------------------------------------------------------------------------------------------
Counter                                                      | TM Name                   | Value
---------------------------------------------------------------------------------------------------
capture.kernel_packets                                       | Total                     | 9360
capture.afpacket.polls                                       | Total                     | 13545
capture.afpacket.poll_timeout                                | Total                     | 12660
capture.afpacket.poll_data                                   | Total                     | 885
decoder.pkts                                                 | Total                     | 9416
decoder.bytes                                                | Total                     | 7745814
decoder.ipv4                                                 | Total                     | 9386
decoder.ipv6                                                 | Total                     | 30
decoder.ethernet                                             | Total                     | 9416
decoder.tcp                                                  | Total                     | 9412
tcp.syn                                                      | Total                     | 490
tcp.synack                                                   | Total                     | 477
tcp.rst                                                      | Total                     | 31
decoder.icmpv6                                               | Total                     | 4
decoder.avg_pkt_size                                         | Total                     | 822
decoder.max_pkt_size                                         | Total                     | 32834
tcp.active_sessions                                          | Total                     | 3
flow.total                                                   | Total                     | 508
flow.active                                                  | Total                     | 300
flow.tcp                                                     | Total                     | 506
flow.icmpv6                                                  | Total                     | 2
flow.wrk.spare_sync_avg                                      | Total                     | 100
flow.wrk.spare_sync                                          | Total                     | 12
tcp.sessions                                                 | Total                     | 25
tcp.ssn_from_pool                                            | Total                     | 25
tcp.invalid_checksum                                         | Total                     | 4519
flow.end.state.new                                           | Total                     | 208
flow.end.tcp_state.syn_sent                                  | Total                     | 22
flow.mgr.full_hash_pass                                      | Total                     | 12
flow.mgr.rows_per_sec                                        | Total                     | 7208
flow.spare                                                   | Total                     | 10302
flow.mgr.rows_maxlen                                         | Total                     | 2
flow.mgr.flows_checked                                       | Total                     | 704
flow.mgr.flows_notimeout                                     | Total                     | 496
flow.mgr.flows_timeout                                       | Total                     | 208
flow.mgr.flows_evicted                                       | Total                     | 208
memcap.pressure                                              | Total                     | 11
memcap.pressure_max                                          | Total                     | 11
defrag.memuse                                                | Total                     | 33554432
flow.recycler.recycled                                       | Total                     | 208
flow.recycler.queue_avg                                      | Total                     | 1
flow.recycler.queue_max                                      | Total                     | 9
tcp.memuse                                                   | Total                     | 7471104
tcp.reassembly_memuse                                        | Total                     | 1376256
http.byterange.memuse                                        | Total                     | 176384
http.byterange.memcap                                        | Total                     | 104857600
ippair.memuse                                                | Total                     | 406144
ippair.memcap                                                | Total                     | 16777216
host.memuse                                                  | Total                     | 390144
host.memcap                                                  | Total                     | 33554432
flow.memuse                                                  | Total                     | 9817056
---------------------------------------------------------------------------------------------------
Date: 8/26/2026 -- 23:55:29 (uptime: 0d, 00h 02m 00s)
---------------------------------------------------------------------------------------------------
Counter                                                      | TM Name                   | Value
---------------------------------------------------------------------------------------------------
capture.kernel_packets                                       | Total                     | 9422
capture.afpacket.polls                                       | Total                     | 14254
capture.afpacket.poll_timeout                                | Total                     | 13367
capture.afpacket.poll_data                                   | Total                     | 887
decoder.pkts                                                 | Total                     | 9421
decoder.bytes                                                | Total                     | 7746168
decoder.ipv4                                                 | Total                     | 9391
decoder.ipv6                                                 | Total                     | 30
decoder.ethernet                                             | Total                     | 9421
decoder.tcp                                                  | Total                     | 9417
tcp.syn                                                      | Total                     | 490
tcp.synack                                                   | Total                     | 477
tcp.rst                                                      | Total                     | 31
decoder.icmpv6                                               | Total                     | 4
decoder.avg_pkt_size                                         | Total                     | 822
decoder.max_pkt_size                                         | Total                     | 32834
tcp.active_sessions                                          | Total                     | 3
flow.total                                                   | Total                     | 508
flow.active                                                  | Total                     | 275
flow.tcp                                                     | Total                     | 506
flow.icmpv6                                                  | Total                     | 2
flow.wrk.spare_sync_avg                                      | Total                     | 100
flow.wrk.spare_sync                                          | Total                     | 12
tcp.sessions                                                 | Total                     | 25
tcp.ssn_from_pool                                            | Total                     | 25
tcp.invalid_checksum                                         | Total                     | 4521
flow.end.state.new                                           | Total                     | 233
flow.end.tcp_state.syn_sent                                  | Total                     | 22
flow.mgr.full_hash_pass                                      | Total                     | 12
flow.mgr.rows_per_sec                                        | Total                     | 7208
flow.spare                                                   | Total                     | 10329
flow.mgr.rows_maxlen                                         | Total                     | 2
flow.mgr.flows_checked                                       | Total                     | 764
flow.mgr.flows_notimeout                                     | Total                     | 531
flow.mgr.flows_timeout                                       | Total                     | 233
flow.mgr.flows_evicted                                       | Total                     | 233
memcap.pressure                                              | Total                     | 11
memcap.pressure_max                                          | Total                     | 11
defrag.memuse                                                | Total                     | 33554432
flow.recycler.recycled                                       | Total                     | 233
flow.recycler.queue_avg                                      | Total                     | 1
flow.recycler.queue_max                                      | Total                     | 9
tcp.memuse                                                   | Total                     | 7471104
tcp.reassembly_memuse                                        | Total                     | 1376256
http.byterange.memuse                                        | Total                     | 176384
http.byterange.memcap                                        | Total                     | 104857600
ippair.memuse                                                | Total                     | 406144
ippair.memcap                                                | Total                     | 16777216
host.memuse                                                  | Total                     | 390144
host.memcap                                                  | Total                     | 33554432
flow.memuse                                                  | Total                     | 9817056
---------------------------------------------------------------------------------------------------
Date: 8/26/2026 -- 23:55:37 (uptime: 0d, 00h 02m 08s)
---------------------------------------------------------------------------------------------------
Counter                                                      | TM Name                   | Value
---------------------------------------------------------------------------------------------------
capture.kernel_packets                                       | Total                     | 10152
capture.afpacket.polls                                       | Total                     | 15342
capture.afpacket.poll_timeout                                | Total                     | 14400
capture.afpacket.poll_data                                   | Total                     | 942
decoder.pkts                                                 | Total                     | 10151
decoder.bytes                                                | Total                     | 7973828
decoder.ipv4                                                 | Total                     | 10121
decoder.ipv6                                                 | Total                     | 30
decoder.ethernet                                             | Total                     | 10151
decoder.tcp                                                  | Total                     | 10147
tcp.syn                                                      | Total                     | 538
tcp.synack                                                   | Total                     | 525
tcp.rst                                                      | Total                     | 31
decoder.icmpv6                                               | Total                     | 4
decoder.avg_pkt_size                                         | Total                     | 785
decoder.max_pkt_size                                         | Total                     | 32834
tcp.active_sessions                                          | Total                     | 3
flow.total                                                   | Total                     | 556
flow.active                                                  | Total                     | 286
flow.tcp                                                     | Total                     | 554
flow.icmpv6                                                  | Total                     | 2
flow.wrk.spare_sync_avg                                      | Total                     | 100
flow.wrk.spare_sync                                          | Total                     | 12
tcp.sessions                                                 | Total                     | 25
tcp.ssn_from_pool                                            | Total                     | 25
tcp.invalid_checksum                                         | Total                     | 4869
flow.end.state.new                                           | Total                     | 270
flow.end.tcp_state.syn_sent                                  | Total                     | 22
flow.mgr.full_hash_pass                                      | Total                     | 13
flow.mgr.rows_per_sec                                        | Total                     | 7208
flow.spare                                                   | Total                     | 10366
flow.mgr.rows_maxlen                                         | Total                     | 2
flow.mgr.flows_checked                                       | Total                     | 851
flow.mgr.flows_notimeout                                     | Total                     | 581
flow.mgr.flows_timeout                                       | Total                     | 270
flow.mgr.flows_evicted                                       | Total                     | 270
memcap.pressure                                              | Total                     | 11
memcap.pressure_max                                          | Total                     | 11
defrag.memuse                                                | Total                     | 33554432
flow.recycler.recycled                                       | Total                     | 270
flow.recycler.queue_avg                                      | Total                     | 1
flow.recycler.queue_max                                      | Total                     | 9
tcp.memuse                                                   | Total                     | 7471104
tcp.reassembly_memuse                                        | Total                     | 1376256
http.byterange.memuse                                        | Total                     | 176384
http.byterange.memcap                                        | Total                     | 104857600
ippair.memuse                                                | Total                     | 406144
ippair.memcap                                                | Total                     | 16777216
host.memuse                                                  | Total                     | 390144
host.memcap                                                  | Total                     | 33554432
flow.memuse                                                  | Total                     | 9817056
---------------------------------------------------------------------------------------------------
Date: 8/26/2026 -- 23:55:45 (uptime: 0d, 00h 02m 16s)
---------------------------------------------------------------------------------------------------
Counter                                                      | TM Name                   | Value
---------------------------------------------------------------------------------------------------
capture.kernel_packets                                       | Total                     | 10713
capture.afpacket.polls                                       | Total                     | 16419
capture.afpacket.poll_timeout                                | Total                     | 15437
capture.afpacket.poll_data                                   | Total                     | 982
decoder.pkts                                                 | Total                     | 10712
decoder.bytes                                                | Total                     | 8144438
decoder.ipv4                                                 | Total                     | 10682
decoder.ipv6                                                 | Total                     | 30
decoder.ethernet                                             | Total                     | 10712
decoder.tcp                                                  | Total                     | 10708
tcp.syn                                                      | Total                     | 577
tcp.synack                                                   | Total                     | 564
tcp.rst                                                      | Total                     | 31
decoder.icmpv6                                               | Total                     | 4
decoder.avg_pkt_size                                         | Total                     | 760
decoder.max_pkt_size                                         | Total                     | 32834
tcp.active_sessions                                          | Total                     | 3
flow.total                                                   | Total                     | 595
flow.active                                                  | Total                     | 281
flow.tcp                                                     | Total                     | 593
flow.icmpv6                                                  | Total                     | 2
flow.wrk.spare_sync_avg                                      | Total                     | 100
flow.wrk.spare_sync                                          | Total                     | 12
flow.wrk.flows_evicted                                       | Total                     | 1
tcp.sessions                                                 | Total                     | 25
tcp.ssn_from_pool                                            | Total                     | 25
tcp.invalid_checksum                                         | Total                     | 5138
flow.end.state.new                                           | Total                     | 314
flow.end.tcp_state.syn_sent                                  | Total                     | 22
flow.mgr.full_hash_pass                                      | Total                     | 14
flow.mgr.rows_per_sec                                        | Total                     | 7208
flow.spare                                                   | Total                     | 10409
flow.mgr.rows_maxlen                                         | Total                     | 2
flow.mgr.flows_checked                                       | Total                     | 931
flow.mgr.flows_notimeout                                     | Total                     | 618
flow.mgr.flows_timeout                                       | Total                     | 313
flow.mgr.flows_evicted                                       | Total                     | 313
memcap.pressure                                              | Total                     | 11
memcap.pressure_max                                          | Total                     | 11
defrag.memuse                                                | Total                     | 33554432
flow.recycler.recycled                                       | Total                     | 313
flow.recycler.queue_avg                                      | Total                     | 2
flow.recycler.queue_max                                      | Total                     | 9
tcp.memuse                                                   | Total                     | 7471104
tcp.reassembly_memuse                                        | Total                     | 1376256
http.byterange.memuse                                        | Total                     | 176384
http.byterange.memcap                                        | Total                     | 104857600
ippair.memuse                                                | Total                     | 406144
ippair.memcap                                                | Total                     | 16777216
host.memuse                                                  | Total                     | 390144
host.memcap                                                  | Total                     | 33554432
flow.memuse                                                  | Total                     | 9817056
---------------------------------------------------------------------------------------------------
Date: 8/26/2026 -- 23:55:53 (uptime: 0d, 00h 02m 24s)
---------------------------------------------------------------------------------------------------
Counter                                                      | TM Name                   | Value
---------------------------------------------------------------------------------------------------
capture.kernel_packets                                       | Total                     | 11277
capture.afpacket.polls                                       | Total                     | 17150
capture.afpacket.poll_timeout                                | Total                     | 16115
capture.afpacket.poll_data                                   | Total                     | 1035
decoder.pkts                                                 | Total                     | 11359
decoder.bytes                                                | Total                     | 8357117
decoder.ipv4                                                 | Total                     | 11329
decoder.ipv6                                                 | Total                     | 30
decoder.ethernet                                             | Total                     | 11359
decoder.tcp                                                  | Total                     | 11355
tcp.syn                                                      | Total                     | 619
tcp.synack                                                   | Total                     | 606
tcp.rst                                                      | Total                     | 31
decoder.icmpv6                                               | Total                     | 4
decoder.avg_pkt_size                                         | Total                     | 735
decoder.max_pkt_size                                         | Total                     | 32834
tcp.active_sessions                                          | Total                     | 3
flow.total                                                   | Total                     | 637
flow.active                                                  | Total                     | 301
flow.tcp                                                     | Total                     | 635
flow.icmpv6                                                  | Total                     | 2
flow.wrk.spare_sync_avg                                      | Total                     | 100
flow.wrk.spare_sync                                          | Total                     | 12
flow.wrk.flows_evicted                                       | Total                     | 1
tcp.sessions                                                 | Total                     | 25
tcp.ssn_from_pool                                            | Total                     | 25
tcp.invalid_checksum                                         | Total                     | 5444
flow.end.state.new                                           | Total                     | 336
flow.end.tcp_state.syn_sent                                  | Total                     | 22
flow.mgr.full_hash_pass                                      | Total                     | 15
flow.mgr.rows_per_sec                                        | Total                     | 7208
flow.spare                                                   | Total                     | 10433
flow.mgr.rows_maxlen                                         | Total                     | 2
flow.mgr.flows_checked                                       | Total                     | 984
flow.mgr.flows_notimeout                                     | Total                     | 649
flow.mgr.flows_timeout                                       | Total                     | 335
flow.mgr.flows_evicted                                       | Total                     | 335
memcap.pressure                                              | Total                     | 11
memcap.pressure_max                                          | Total                     | 11
defrag.memuse                                                | Total                     | 33554432
flow.recycler.recycled                                       | Total                     | 335
flow.recycler.queue_avg                                      | Total                     | 2
flow.recycler.queue_max                                      | Total                     | 9
tcp.memuse                                                   | Total                     | 7471104
tcp.reassembly_memuse                                        | Total                     | 1376256
http.byterange.memuse                                        | Total                     | 176384
http.byterange.memcap                                        | Total                     | 104857600
ippair.memuse                                                | Total                     | 406144
ippair.memcap                                                | Total                     | 16777216
host.memuse                                                  | Total                     | 390144
host.memcap                                                  | Total                     | 33554432
flow.memuse                                                  | Total                     | 9817056
---------------------------------------------------------------------------------------------------
Date: 8/26/2026 -- 23:56:01 (uptime: 0d, 00h 02m 32s)
---------------------------------------------------------------------------------------------------
Counter                                                      | TM Name                   | Value
---------------------------------------------------------------------------------------------------
capture.kernel_packets                                       | Total                     | 11756
capture.afpacket.polls                                       | Total                     | 18222
capture.afpacket.poll_timeout                                | Total                     | 17162
capture.afpacket.poll_data                                   | Total                     | 1060
decoder.pkts                                                 | Total                     | 11755
decoder.bytes                                                | Total                     | 8484204
decoder.ipv4                                                 | Total                     | 11725
decoder.ipv6                                                 | Total                     | 30
decoder.ethernet                                             | Total                     | 11755
decoder.tcp                                                  | Total                     | 11751
tcp.syn                                                      | Total                     | 658
tcp.synack                                                   | Total                     | 645
tcp.rst                                                      | Total                     | 31
decoder.icmpv6                                               | Total                     | 4
decoder.avg_pkt_size                                         | Total                     | 721
decoder.max_pkt_size                                         | Total                     | 32834
tcp.active_sessions                                          | Total                     | 2
flow.total                                                   | Total                     | 676
flow.active                                                  | Total                     | 304
flow.tcp                                                     | Total                     | 674
flow.icmpv6                                                  | Total                     | 2
flow.wrk.spare_sync_avg                                      | Total                     | 100
flow.wrk.spare_sync                                          | Total                     | 12
flow.wrk.flows_evicted                                       | Total                     | 1
tcp.sessions                                                 | Total                     | 25
tcp.ssn_from_pool                                            | Total                     | 25
tcp.invalid_checksum                                         | Total                     | 5635
flow.end.state.new                                           | Total                     | 372
flow.end.tcp_state.syn_sent                                  | Total                     | 23
flow.mgr.full_hash_pass                                      | Total                     | 16
flow.mgr.rows_per_sec                                        | Total                     | 7208
flow.spare                                                   | Total                     | 10467
flow.mgr.rows_maxlen                                         | Total                     | 2
flow.mgr.flows_checked                                       | Total                     | 1062
flow.mgr.flows_notimeout                                     | Total                     | 691
flow.mgr.flows_timeout                                       | Total                     | 371
flow.mgr.flows_evicted                                       | Total                     | 371
memcap.pressure                                              | Total                     | 11
memcap.pressure_max                                          | Total                     | 11
defrag.memuse                                                | Total                     | 33554432
flow.recycler.recycled                                       | Total                     | 371
flow.recycler.queue_avg                                      | Total                     | 2
flow.recycler.queue_max                                      | Total                     | 9
tcp.memuse                                                   | Total                     | 7471104
tcp.reassembly_memuse                                        | Total                     | 1376256
http.byterange.memuse                                        | Total                     | 176384
http.byterange.memcap                                        | Total                     | 104857600
ippair.memuse                                                | Total                     | 406144
ippair.memcap                                                | Total                     | 16777216
host.memuse                                                  | Total                     | 390144
host.memcap                                                  | Total                     | 33554432
flow.memuse                                                  | Total                     | 9817056
---------------------------------------------------------------------------------------------------
Date: 8/26/2026 -- 23:56:09 (uptime: 0d, 00h 02m 40s)
---------------------------------------------------------------------------------------------------
Counter                                                      | TM Name                   | Value
---------------------------------------------------------------------------------------------------
capture.kernel_packets                                       | Total                     | 12332
capture.afpacket.polls                                       | Total                     | 19309
capture.afpacket.poll_timeout                                | Total                     | 18205
capture.afpacket.poll_data                                   | Total                     | 1104
decoder.pkts                                                 | Total                     | 12322
decoder.bytes                                                | Total                     | 8655181
decoder.ipv4                                                 | Total                     | 12292
decoder.ipv6                                                 | Total                     | 30
decoder.ethernet                                             | Total                     | 12322
decoder.tcp                                                  | Total                     | 12318
tcp.syn                                                      | Total                     | 697
tcp.synack                                                   | Total                     | 684
tcp.rst                                                      | Total                     | 31
decoder.icmpv6                                               | Total                     | 4
decoder.avg_pkt_size                                         | Total                     | 702
decoder.max_pkt_size                                         | Total                     | 32834
tcp.active_sessions                                          | Total                     | 2
flow.total                                                   | Total                     | 715
flow.active                                                  | Total                     | 306
flow.tcp                                                     | Total                     | 713
flow.icmpv6                                                  | Total                     | 2
flow.wrk.spare_sync_avg                                      | Total                     | 100
flow.wrk.spare_sync                                          | Total                     | 12
flow.wrk.flows_evicted                                       | Total                     | 1
tcp.sessions                                                 | Total                     | 25
tcp.ssn_from_pool                                            | Total                     | 25
tcp.invalid_checksum                                         | Total                     | 5899
flow.end.state.new                                           | Total                     | 409
flow.end.tcp_state.syn_sent                                  | Total                     | 23
flow.mgr.full_hash_pass                                      | Total                     | 17
flow.mgr.rows_per_sec                                        | Total                     | 7208
flow.spare                                                   | Total                     | 10504
flow.mgr.rows_maxlen                                         | Total                     | 2
flow.mgr.flows_checked                                       | Total                     | 1130
flow.mgr.flows_notimeout                                     | Total                     | 722
flow.mgr.flows_timeout                                       | Total                     | 408
flow.mgr.flows_evicted                                       | Total                     | 408
memcap.pressure                                              | Total                     | 11
memcap.pressure_max                                          | Total                     | 11
defrag.memuse                                                | Total                     | 33554432
flow.recycler.recycled                                       | Total                     | 408
flow.recycler.queue_avg                                      | Total                     | 2
flow.recycler.queue_max                                      | Total                     | 9
tcp.memuse                                                   | Total                     | 7471104
tcp.reassembly_memuse                                        | Total                     | 1376256
http.byterange.memuse                                        | Total                     | 176384
http.byterange.memcap                                        | Total                     | 104857600
ippair.memuse                                                | Total                     | 406144
ippair.memcap                                                | Total                     | 16777216
host.memuse                                                  | Total                     | 390144
host.memcap                                                  | Total                     | 33554432
flow.memuse                                                  | Total                     | 9817056
---------------------------------------------------------------------------------------------------
Date: 8/26/2026 -- 23:56:17 (uptime: 0d, 00h 02m 48s)
---------------------------------------------------------------------------------------------------
Counter                                                      | TM Name                   | Value
---------------------------------------------------------------------------------------------------
capture.kernel_packets                                       | Total                     | 12479
capture.afpacket.polls                                       | Total                     | 20022
capture.afpacket.poll_timeout                                | Total                     | 18902
capture.afpacket.poll_data                                   | Total                     | 1120
decoder.pkts                                                 | Total                     | 12478
decoder.bytes                                                | Total                     | 8698116
decoder.ipv4                                                 | Total                     | 12448
decoder.ipv6                                                 | Total                     | 30
decoder.ethernet                                             | Total                     | 12478
decoder.tcp                                                  | Total                     | 12474
tcp.syn                                                      | Total                     | 697
tcp.synack                                                   | Total                     | 684
tcp.rst                                                      | Total                     | 31
decoder.icmpv6                                               | Total                     | 4
decoder.avg_pkt_size                                         | Total                     | 697
decoder.max_pkt_size                                         | Total                     | 32834
tcp.active_sessions                                          | Total                     | 2
flow.total                                                   | Total                     | 715
flow.active                                                  | Total                     | 283
flow.tcp                                                     | Total                     | 713
flow.icmpv6                                                  | Total                     | 2
flow.wrk.spare_sync_avg                                      | Total                     | 100
flow.wrk.spare_sync                                          | Total                     | 12
flow.wrk.flows_evicted                                       | Total                     | 1
tcp.sessions                                                 | Total                     | 25
tcp.ssn_from_pool                                            | Total                     | 25
tcp.invalid_checksum                                         | Total                     | 5969
flow.end.state.new                                           | Total                     | 432
flow.end.tcp_state.syn_sent                                  | Total                     | 23
flow.mgr.full_hash_pass                                      | Total                     | 18
flow.mgr.rows_per_sec                                        | Total                     | 7208
flow.spare                                                   | Total                     | 10527
flow.mgr.rows_maxlen                                         | Total                     | 2
flow.mgr.flows_checked                                       | Total                     | 1185
flow.mgr.flows_notimeout                                     | Total                     | 754
flow.mgr.flows_timeout                                       | Total                     | 431
flow.mgr.flows_evicted                                       | Total                     | 431
memcap.pressure                                              | Total                     | 11
memcap.pressure_max                                          | Total                     | 11
defrag.memuse                                                | Total                     | 33554432
flow.recycler.recycled                                       | Total                     | 431
flow.recycler.queue_avg                                      | Total                     | 2
flow.recycler.queue_max                                      | Total                     | 9
tcp.memuse                                                   | Total                     | 7471104
tcp.reassembly_memuse                                        | Total                     | 1376256
http.byterange.memuse                                        | Total                     | 176384
http.byterange.memcap                                        | Total                     | 104857600
ippair.memuse                                                | Total                     | 406144
ippair.memcap                                                | Total                     | 16777216
host.memuse                                                  | Total                     | 390144
host.memcap                                                  | Total                     | 33554432
flow.memuse                                                  | Total                     | 9817056
---------------------------------------------------------------------------------------------------
Date: 8/26/2026 -- 23:56:25 (uptime: 0d, 00h 02m 56s)
---------------------------------------------------------------------------------------------------
Counter                                                      | TM Name                   | Value
---------------------------------------------------------------------------------------------------
capture.kernel_packets                                       | Total                     | 13125
capture.afpacket.polls                                       | Total                     | 21108
capture.afpacket.poll_timeout                                | Total                     | 19928
capture.afpacket.poll_data                                   | Total                     | 1180
decoder.pkts                                                 | Total                     | 13124
decoder.bytes                                                | Total                     | 8910761
decoder.ipv4                                                 | Total                     | 13094
decoder.ipv6                                                 | Total                     | 30
decoder.ethernet                                             | Total                     | 13124
decoder.tcp                                                  | Total                     | 13120
tcp.syn                                                      | Total                     | 740
tcp.synack                                                   | Total                     | 727
tcp.rst                                                      | Total                     | 32
decoder.icmpv6                                               | Total                     | 4
decoder.avg_pkt_size                                         | Total                     | 678
decoder.max_pkt_size                                         | Total                     | 32834
tcp.active_sessions                                          | Total                     | 2
flow.total                                                   | Total                     | 758
flow.active                                                  | Total                     | 287
flow.tcp                                                     | Total                     | 756
flow.icmpv6                                                  | Total                     | 2
flow.wrk.spare_sync_avg                                      | Total                     | 100
flow.wrk.spare_sync                                          | Total                     | 12
flow.wrk.flows_evicted                                       | Total                     | 1
tcp.sessions                                                 | Total                     | 26
tcp.ssn_from_pool                                            | Total                     | 26
tcp.invalid_checksum                                         | Total                     | 6272
flow.end.state.new                                           | Total                     | 471
flow.end.tcp_state.syn_sent                                  | Total                     | 24
flow.mgr.full_hash_pass                                      | Total                     | 19
flow.mgr.rows_per_sec                                        | Total                     | 7208
flow.spare                                                   | Total                     | 10565
flow.mgr.rows_maxlen                                         | Total                     | 2
flow.mgr.flows_checked                                       | Total                     | 1260
flow.mgr.flows_notimeout                                     | Total                     | 790
flow.mgr.flows_timeout                                       | Total                     | 470
flow.mgr.flows_evicted                                       | Total                     | 470
memcap.pressure                                              | Total                     | 11
memcap.pressure_max                                          | Total                     | 11
defrag.memuse                                                | Total                     | 33554432
flow.recycler.recycled                                       | Total                     | 470
flow.recycler.queue_avg                                      | Total                     | 2
flow.recycler.queue_max                                      | Total                     | 9
tcp.memuse                                                   | Total                     | 7471104
tcp.reassembly_memuse                                        | Total                     | 1376256
http.byterange.memuse                                        | Total                     | 176384
http.byterange.memcap                                        | Total                     | 104857600
ippair.memuse                                                | Total                     | 406144
ippair.memcap                                                | Total                     | 16777216
host.memuse                                                  | Total                     | 390144
host.memcap                                                  | Total                     | 33554432
flow.memuse                                                  | Total                     | 9817056
---------------------------------------------------------------------------------------------------
Date: 8/26/2026 -- 23:56:33 (uptime: 0d, 00h 03m 04s)
---------------------------------------------------------------------------------------------------
Counter                                                      | TM Name                   | Value
---------------------------------------------------------------------------------------------------
capture.kernel_packets                                       | Total                     | 13850
capture.afpacket.polls                                       | Total                     | 22199
capture.afpacket.poll_timeout                                | Total                     | 20964
capture.afpacket.poll_data                                   | Total                     | 1235
decoder.pkts                                                 | Total                     | 13849
decoder.bytes                                                | Total                     | 9138049
decoder.ipv4                                                 | Total                     | 13819
decoder.ipv6                                                 | Total                     | 30
decoder.ethernet                                             | Total                     | 13849
decoder.tcp                                                  | Total                     | 13845
tcp.syn                                                      | Total                     | 788
tcp.synack                                                   | Total                     | 775
tcp.rst                                                      | Total                     | 32
decoder.icmpv6                                               | Total                     | 4
decoder.avg_pkt_size                                         | Total                     | 659
decoder.max_pkt_size                                         | Total                     | 32834
tcp.active_sessions                                          | Total                     | 2
flow.total                                                   | Total                     | 806
flow.active                                                  | Total                     | 291
flow.tcp                                                     | Total                     | 804
flow.icmpv6                                                  | Total                     | 2
flow.wrk.spare_sync_avg                                      | Total                     | 100
flow.wrk.spare_sync                                          | Total                     | 12
flow.wrk.flows_evicted                                       | Total                     | 1
tcp.sessions                                                 | Total                     | 26
tcp.ssn_from_pool                                            | Total                     | 26
tcp.invalid_checksum                                         | Total                     | 6619
flow.end.state.new                                           | Total                     | 515
flow.end.tcp_state.syn_sent                                  | Total                     | 24
flow.mgr.full_hash_pass                                      | Total                     | 20
flow.mgr.rows_per_sec                                        | Total                     | 7208
flow.spare                                                   | Total                     | 10607
flow.mgr.rows_maxlen                                         | Total                     | 2
flow.mgr.flows_checked                                       | Total                     | 1346
flow.mgr.flows_notimeout                                     | Total                     | 832
flow.mgr.flows_timeout                                       | Total                     | 514
flow.mgr.flows_evicted                                       | Total                     | 514
memcap.pressure                                              | Total                     | 11
memcap.pressure_max                                          | Total                     | 11
defrag.memuse                                                | Total                     | 33554432
flow.recycler.recycled                                       | Total                     | 514
flow.recycler.queue_avg                                      | Total                     | 2
flow.recycler.queue_max                                      | Total                     | 9
tcp.memuse                                                   | Total                     | 7471104
tcp.reassembly_memuse                                        | Total                     | 1376256
http.byterange.memuse                                        | Total                     | 176384
http.byterange.memcap                                        | Total                     | 104857600
ippair.memuse                                                | Total                     | 406144
ippair.memcap                                                | Total                     | 16777216
host.memuse                                                  | Total                     | 390144
host.memcap                                                  | Total                     | 33554432
flow.memuse                                                  | Total                     | 9817056
---------------------------------------------------------------------------------------------------
Date: 8/26/2026 -- 23:56:41 (uptime: 0d, 00h 03m 12s)
---------------------------------------------------------------------------------------------------
Counter                                                      | TM Name                   | Value
---------------------------------------------------------------------------------------------------
capture.kernel_packets                                       | Total                     | 14262
capture.afpacket.polls                                       | Total                     | 22921
capture.afpacket.poll_timeout                                | Total                     | 21657
capture.afpacket.poll_data                                   | Total                     | 1264
decoder.pkts                                                 | Total                     | 14261
decoder.bytes                                                | Total                     | 9266192
decoder.ipv4                                                 | Total                     | 14231
decoder.ipv6                                                 | Total                     | 30
decoder.ethernet                                             | Total                     | 14261
decoder.tcp                                                  | Total                     | 14257
tcp.syn                                                      | Total                     | 827
tcp.synack                                                   | Total                     | 814
tcp.rst                                                      | Total                     | 32
decoder.icmpv6                                               | Total                     | 4
decoder.avg_pkt_size                                         | Total                     | 649
decoder.max_pkt_size                                         | Total                     | 32834
tcp.active_sessions                                          | Total                     | 2
flow.total                                                   | Total                     | 845
flow.active                                                  | Total                     | 301
flow.tcp                                                     | Total                     | 843
flow.icmpv6                                                  | Total                     | 2
flow.wrk.spare_sync_avg                                      | Total                     | 100
flow.wrk.spare_sync                                          | Total                     | 12
flow.wrk.flows_evicted                                       | Total                     | 1
tcp.sessions                                                 | Total                     | 26
tcp.ssn_from_pool                                            | Total                     | 26
tcp.invalid_checksum                                         | Total                     | 6822
flow.end.state.new                                           | Total                     | 544
flow.end.tcp_state.syn_sent                                  | Total                     | 24
flow.mgr.full_hash_pass                                      | Total                     | 20
flow.mgr.rows_per_sec                                        | Total                     | 7208
flow.spare                                                   | Total                     | 10638
flow.mgr.rows_maxlen                                         | Total                     | 2
flow.mgr.flows_checked                                       | Total                     | 1400
flow.mgr.flows_notimeout                                     | Total                     | 857
flow.mgr.flows_timeout                                       | Total                     | 543
flow.mgr.flows_evicted                                       | Total                     | 543
memcap.pressure                                              | Total                     | 11
memcap.pressure_max                                          | Total                     | 11
defrag.memuse                                                | Total                     | 33554432
flow.recycler.recycled                                       | Total                     | 543
flow.recycler.queue_avg                                      | Total                     | 2
flow.recycler.queue_max                                      | Total                     | 9
tcp.memuse                                                   | Total                     | 7471104
tcp.reassembly_memuse                                        | Total                     | 1376256
http.byterange.memuse                                        | Total                     | 176384
http.byterange.memcap                                        | Total                     | 104857600
ippair.memuse                                                | Total                     | 406144
ippair.memcap                                                | Total                     | 16777216
host.memuse                                                  | Total                     | 390144
host.memcap                                                  | Total                     | 33554432
flow.memuse                                                  | Total                     | 9817056
---------------------------------------------------------------------------------------------------
Date: 8/26/2026 -- 23:56:49 (uptime: 0d, 00h 03m 20s)
---------------------------------------------------------------------------------------------------
Counter                                                      | TM Name                   | Value
---------------------------------------------------------------------------------------------------
capture.kernel_packets                                       | Total                     | 14756
capture.afpacket.polls                                       | Total                     | 23996
capture.afpacket.poll_timeout                                | Total                     | 22689
capture.afpacket.poll_data                                   | Total                     | 1307
decoder.pkts                                                 | Total                     | 14742
decoder.bytes                                                | Total                     | 9454397
decoder.ipv4                                                 | Total                     | 14712
decoder.ipv6                                                 | Total                     | 30
decoder.ethernet                                             | Total                     | 14742
decoder.tcp                                                  | Total                     | 14738
tcp.syn                                                      | Total                     | 857
tcp.synack                                                   | Total                     | 844
tcp.rst                                                      | Total                     | 32
decoder.icmpv6                                               | Total                     | 4
decoder.avg_pkt_size                                         | Total                     | 641
decoder.max_pkt_size                                         | Total                     | 32834
tcp.active_sessions                                          | Total                     | 2
flow.total                                                   | Total                     | 875
flow.active                                                  | Total                     | 298
flow.tcp                                                     | Total                     | 873
flow.icmpv6                                                  | Total                     | 2
flow.wrk.spare_sync_avg                                      | Total                     | 100
flow.wrk.spare_sync                                          | Total                     | 12
flow.wrk.flows_evicted                                       | Total                     | 1
tcp.sessions                                                 | Total                     | 26
tcp.ssn_from_pool                                            | Total                     | 26
tcp.invalid_checksum                                         | Total                     | 7037
flow.end.state.new                                           | Total                     | 577
flow.end.tcp_state.syn_sent                                  | Total                     | 24
flow.mgr.full_hash_pass                                      | Total                     | 21
flow.mgr.rows_per_sec                                        | Total                     | 7208
flow.spare                                                   | Total                     | 10674
flow.mgr.rows_maxlen                                         | Total                     | 2
flow.mgr.flows_checked                                       | Total                     | 1472
flow.mgr.flows_notimeout                                     | Total                     | 896
flow.mgr.flows_timeout                                       | Total                     | 576
flow.mgr.flows_evicted                                       | Total                     | 576
memcap.pressure                                              | Total                     | 11
memcap.pressure_max                                          | Total                     | 11
defrag.memuse                                                | Total                     | 33554432
flow.recycler.recycled                                       | Total                     | 576
flow.recycler.queue_avg                                      | Total                     | 2
flow.recycler.queue_max                                      | Total                     | 9
tcp.memuse                                                   | Total                     | 7471104
tcp.reassembly_memuse                                        | Total                     | 1376256
http.byterange.memuse                                        | Total                     | 176384
http.byterange.memcap                                        | Total                     | 104857600
ippair.memuse                                                | Total                     | 406144
ippair.memcap                                                | Total                     | 16777216
host.memuse                                                  | Total                     | 390144
host.memcap                                                  | Total                     | 33554432
flow.memuse                                                  | Total                     | 9817056
---------------------------------------------------------------------------------------------------
Date: 8/26/2026 -- 23:56:57 (uptime: 0d, 00h 03m 28s)
---------------------------------------------------------------------------------------------------
Counter                                                      | TM Name                   | Value
---------------------------------------------------------------------------------------------------
capture.kernel_packets                                       | Total                     | 15053
capture.afpacket.polls                                       | Total                     | 25070
capture.afpacket.poll_timeout                                | Total                     | 23732
capture.afpacket.poll_data                                   | Total                     | 1338
decoder.pkts                                                 | Total                     | 15052
decoder.bytes                                                | Total                     | 9521057
decoder.ipv4                                                 | Total                     | 15022
decoder.ipv6                                                 | Total                     | 30
decoder.ethernet                                             | Total                     | 15052
decoder.tcp                                                  | Total                     | 15048
tcp.syn                                                      | Total                     | 869
tcp.synack                                                   | Total                     | 856
tcp.rst                                                      | Total                     | 32
decoder.icmpv6                                               | Total                     | 4
decoder.avg_pkt_size                                         | Total                     | 632
decoder.max_pkt_size                                         | Total                     | 32834
tcp.active_sessions                                          | Total                     | 2
flow.total                                                   | Total                     | 887
flow.active                                                  | Total                     | 270
flow.tcp                                                     | Total                     | 885
flow.icmpv6                                                  | Total                     | 2
flow.wrk.spare_sync_avg                                      | Total                     | 100
flow.wrk.spare_sync                                          | Total                     | 12
flow.wrk.flows_evicted                                       | Total                     | 1
tcp.sessions                                                 | Total                     | 26
tcp.ssn_from_pool                                            | Total                     | 26
tcp.invalid_checksum                                         | Total                     | 7186
flow.end.state.new                                           | Total                     | 617
flow.end.tcp_state.syn_sent                                  | Total                     | 24
flow.mgr.full_hash_pass                                      | Total                     | 22
flow.mgr.rows_per_sec                                        | Total                     | 7208
flow.spare                                                   | Total                     | 10710
flow.mgr.rows_maxlen                                         | Total                     | 2
flow.mgr.flows_checked                                       | Total                     | 1561
flow.mgr.flows_notimeout                                     | Total                     | 945
flow.mgr.flows_timeout                                       | Total                     | 616
flow.mgr.flows_evicted                                       | Total                     | 616
memcap.pressure                                              | Total                     | 11
memcap.pressure_max                                          | Total                     | 11
defrag.memuse                                                | Total                     | 33554432
flow.recycler.recycled                                       | Total                     | 616
flow.recycler.queue_avg                                      | Total                     | 2
flow.recycler.queue_max                                      | Total                     | 9
tcp.memuse                                                   | Total                     | 7471104
tcp.reassembly_memuse                                        | Total                     | 1376256
http.byterange.memuse                                        | Total                     | 176384
http.byterange.memcap                                        | Total                     | 104857600
ippair.memuse                                                | Total                     | 406144
ippair.memcap                                                | Total                     | 16777216
host.memuse                                                  | Total                     | 390144
host.memcap                                                  | Total                     | 33554432
flow.memuse                                                  | Total                     | 9817056
---------------------------------------------------------------------------------------------------
Date: 8/26/2026 -- 23:57:05 (uptime: 0d, 00h 03m 36s)
---------------------------------------------------------------------------------------------------
Counter                                                      | TM Name                   | Value
---------------------------------------------------------------------------------------------------
capture.kernel_packets                                       | Total                     | 15630
capture.afpacket.polls                                       | Total                     | 25801
capture.afpacket.poll_timeout                                | Total                     | 24417
capture.afpacket.poll_data                                   | Total                     | 1384
decoder.pkts                                                 | Total                     | 15629
decoder.bytes                                                | Total                     | 9692744
decoder.ipv4                                                 | Total                     | 15599
decoder.ipv6                                                 | Total                     | 30
decoder.ethernet                                             | Total                     | 15629
decoder.tcp                                                  | Total                     | 15625
tcp.syn                                                      | Total                     | 908
tcp.synack                                                   | Total                     | 895
tcp.rst                                                      | Total                     | 32
decoder.icmpv6                                               | Total                     | 4
decoder.avg_pkt_size                                         | Total                     | 620
decoder.max_pkt_size                                         | Total                     | 32834
tcp.active_sessions                                          | Total                     | 2
flow.total                                                   | Total                     | 926
flow.active                                                  | Total                     | 284
flow.tcp                                                     | Total                     | 924
flow.icmpv6                                                  | Total                     | 2
flow.wrk.spare_sync_avg                                      | Total                     | 100
flow.wrk.spare_sync                                          | Total                     | 12
flow.wrk.flows_evicted                                       | Total                     | 1
tcp.sessions                                                 | Total                     | 26
tcp.ssn_from_pool                                            | Total                     | 26
tcp.invalid_checksum                                         | Total                     | 7468
flow.end.state.new                                           | Total                     | 642
flow.end.tcp_state.syn_sent                                  | Total                     | 24
flow.mgr.full_hash_pass                                      | Total                     | 23
flow.mgr.rows_per_sec                                        | Total                     | 7208
flow.spare                                                   | Total                     | 10734
flow.mgr.rows_maxlen                                         | Total                     | 2
flow.mgr.flows_checked                                       | Total                     | 1609
flow.mgr.flows_notimeout                                     | Total                     | 968
flow.mgr.flows_timeout                                       | Total                     | 641
flow.mgr.flows_evicted                                       | Total                     | 641
memcap.pressure                                              | Total                     | 11
memcap.pressure_max                                          | Total                     | 11
defrag.memuse                                                | Total                     | 33554432
flow.recycler.recycled                                       | Total                     | 641
flow.recycler.queue_avg                                      | Total                     | 2
flow.recycler.queue_max                                      | Total                     | 9
tcp.memuse                                                   | Total                     | 7471104
tcp.reassembly_memuse                                        | Total                     | 1376256
http.byterange.memuse                                        | Total                     | 176384
http.byterange.memcap                                        | Total                     | 104857600
ippair.memuse                                                | Total                     | 406144
ippair.memcap                                                | Total                     | 16777216
host.memuse                                                  | Total                     | 390144
host.memcap                                                  | Total                     | 33554432
flow.memuse                                                  | Total                     | 9817056
---------------------------------------------------------------------------------------------------
Date: 8/26/2026 -- 23:57:13 (uptime: 0d, 00h 03m 44s)
---------------------------------------------------------------------------------------------------
Counter                                                      | TM Name                   | Value
---------------------------------------------------------------------------------------------------
capture.kernel_packets                                       | Total                     | 16209
capture.afpacket.polls                                       | Total                     | 26885
capture.afpacket.poll_timeout                                | Total                     | 25457
capture.afpacket.poll_data                                   | Total                     | 1428
decoder.pkts                                                 | Total                     | 16208
decoder.bytes                                                | Total                     | 9864575
decoder.ipv4                                                 | Total                     | 16178
decoder.ipv6                                                 | Total                     | 30
decoder.ethernet                                             | Total                     | 16208
decoder.tcp                                                  | Total                     | 16204
tcp.syn                                                      | Total                     | 947
tcp.synack                                                   | Total                     | 934
tcp.rst                                                      | Total                     | 32
decoder.icmpv6                                               | Total                     | 4
decoder.avg_pkt_size                                         | Total                     | 608
decoder.max_pkt_size                                         | Total                     | 32834
tcp.active_sessions                                          | Total                     | 2
flow.total                                                   | Total                     | 965
flow.active                                                  | Total                     | 295
flow.tcp                                                     | Total                     | 963
flow.icmpv6                                                  | Total                     | 2
flow.wrk.spare_sync_avg                                      | Total                     | 100
flow.wrk.spare_sync                                          | Total                     | 13
flow.wrk.flows_evicted                                       | Total                     | 1
tcp.sessions                                                 | Total                     | 26
tcp.ssn_from_pool                                            | Total                     | 26
tcp.invalid_checksum                                         | Total                     | 7748
flow.end.state.new                                           | Total                     | 670
flow.end.tcp_state.syn_sent                                  | Total                     | 24
flow.mgr.full_hash_pass                                      | Total                     | 24
flow.mgr.rows_per_sec                                        | Total                     | 7208
flow.spare                                                   | Total                     | 10667
flow.mgr.rows_maxlen                                         | Total                     | 2
flow.mgr.flows_checked                                       | Total                     | 1670
flow.mgr.flows_notimeout                                     | Total                     | 1001
flow.mgr.flows_timeout                                       | Total                     | 669
flow.mgr.flows_evicted                                       | Total                     | 669
memcap.pressure                                              | Total                     | 11
memcap.pressure_max                                          | Total                     | 11
defrag.memuse                                                | Total                     | 33554432
flow.recycler.recycled                                       | Total                     | 669
flow.recycler.queue_avg                                      | Total                     | 2
flow.recycler.queue_max                                      | Total                     | 9
tcp.memuse                                                   | Total                     | 7471104
tcp.reassembly_memuse                                        | Total                     | 1376256
http.byterange.memuse                                        | Total                     | 176384
http.byterange.memcap                                        | Total                     | 104857600
ippair.memuse                                                | Total                     | 406144
ippair.memcap                                                | Total                     | 16777216
host.memuse                                                  | Total                     | 390144
host.memcap                                                  | Total                     | 33554432
flow.memuse                                                  | Total                     | 9817056
---------------------------------------------------------------------------------------------------
Date: 8/26/2026 -- 23:57:21 (uptime: 0d, 00h 03m 52s)
---------------------------------------------------------------------------------------------------
Counter                                                      | TM Name                   | Value
---------------------------------------------------------------------------------------------------
capture.kernel_packets                                       | Total                     | 16864
capture.afpacket.polls                                       | Total                     | 27975
capture.afpacket.poll_timeout                                | Total                     | 26492
capture.afpacket.poll_data                                   | Total                     | 1483
decoder.pkts                                                 | Total                     | 16863
decoder.bytes                                                | Total                     | 10077827
decoder.ipv4                                                 | Total                     | 16833
decoder.ipv6                                                 | Total                     | 30
decoder.ethernet                                             | Total                     | 16863
decoder.tcp                                                  | Total                     | 16859
tcp.syn                                                      | Total                     | 990
tcp.synack                                                   | Total                     | 977
tcp.rst                                                      | Total                     | 33
decoder.icmpv6                                               | Total                     | 4
decoder.avg_pkt_size                                         | Total                     | 597
decoder.max_pkt_size                                         | Total                     | 32834
tcp.active_sessions                                          | Total                     | 3
flow.total                                                   | Total                     | 1008
flow.active                                                  | Total                     | 297
flow.tcp                                                     | Total                     | 1006
flow.icmpv6                                                  | Total                     | 2
flow.wrk.spare_sync_avg                                      | Total                     | 100
flow.wrk.spare_sync                                          | Total                     | 13
flow.wrk.flows_evicted                                       | Total                     | 1
tcp.sessions                                                 | Total                     | 27
tcp.ssn_from_pool                                            | Total                     | 27
tcp.invalid_checksum                                         | Total                     | 8060
flow.end.state.new                                           | Total                     | 711
flow.end.tcp_state.syn_sent                                  | Total                     | 24
flow.mgr.full_hash_pass                                      | Total                     | 25
flow.mgr.rows_per_sec                                        | Total                     | 7208
flow.spare                                                   | Total                     | 10706
flow.mgr.rows_maxlen                                         | Total                     | 2
flow.mgr.flows_checked                                       | Total                     | 1754
flow.mgr.flows_notimeout                                     | Total                     | 1044
flow.mgr.flows_timeout                                       | Total                     | 710
flow.mgr.flows_evicted                                       | Total                     | 710
memcap.pressure                                              | Total                     | 11
memcap.pressure_max                                          | Total                     | 11
defrag.memuse                                                | Total                     | 33554432
flow.recycler.recycled                                       | Total                     | 710
flow.recycler.queue_avg                                      | Total                     | 2
flow.recycler.queue_max                                      | Total                     | 9
tcp.memuse                                                   | Total                     | 7471104
tcp.reassembly_memuse                                        | Total                     | 1376256
http.byterange.memuse                                        | Total                     | 176384
http.byterange.memcap                                        | Total                     | 104857600
ippair.memuse                                                | Total                     | 406144
ippair.memcap                                                | Total                     | 16777216
host.memuse                                                  | Total                     | 390144
host.memcap                                                  | Total                     | 33554432
flow.memuse                                                  | Total                     | 9817056
---------------------------------------------------------------------------------------------------
Date: 8/26/2026 -- 23:57:29 (uptime: 0d, 00h 04m 00s)
---------------------------------------------------------------------------------------------------
Counter                                                      | TM Name                   | Value
---------------------------------------------------------------------------------------------------
capture.kernel_packets                                       | Total                     | 16864
capture.afpacket.polls                                       | Total                     | 28676
capture.afpacket.poll_timeout                                | Total                     | 27193
capture.afpacket.poll_data                                   | Total                     | 1483
decoder.pkts                                                 | Total                     | 16863
decoder.bytes                                                | Total                     | 10077827
decoder.ipv4                                                 | Total                     | 16833
decoder.ipv6                                                 | Total                     | 30
decoder.ethernet                                             | Total                     | 16863
decoder.tcp                                                  | Total                     | 16859
tcp.syn                                                      | Total                     | 990
tcp.synack                                                   | Total                     | 977
tcp.rst                                                      | Total                     | 33
decoder.icmpv6                                               | Total                     | 4
decoder.avg_pkt_size                                         | Total                     | 597
decoder.max_pkt_size                                         | Total                     | 32834
tcp.active_sessions                                          | Total                     | 2
flow.total                                                   | Total                     | 1008
flow.active                                                  | Total                     | 269
flow.tcp                                                     | Total                     | 1006
flow.icmpv6                                                  | Total                     | 2
flow.wrk.spare_sync_avg                                      | Total                     | 100
flow.wrk.spare_sync                                          | Total                     | 13
flow.wrk.flows_evicted                                       | Total                     | 1
tcp.sessions                                                 | Total                     | 27
tcp.ssn_from_pool                                            | Total                     | 27
tcp.invalid_checksum                                         | Total                     | 8060
flow.end.state.new                                           | Total                     | 739
flow.end.tcp_state.syn_sent                                  | Total                     | 25
flow.mgr.full_hash_pass                                      | Total                     | 26
flow.mgr.rows_per_sec                                        | Total                     | 7208
flow.spare                                                   | Total                     | 10736
flow.mgr.rows_maxlen                                         | Total                     | 2
flow.mgr.flows_checked                                       | Total                     | 1809
flow.mgr.flows_notimeout                                     | Total                     | 1071
flow.mgr.flows_timeout                                       | Total                     | 738
flow.mgr.flows_evicted                                       | Total                     | 738
memcap.pressure                                              | Total                     | 11
memcap.pressure_max                                          | Total                     | 11
defrag.memuse                                                | Total                     | 33554432
flow.recycler.recycled                                       | Total                     | 738
flow.recycler.queue_avg                                      | Total                     | 2
flow.recycler.queue_max                                      | Total                     | 9
tcp.memuse                                                   | Total                     | 7471104
tcp.reassembly_memuse                                        | Total                     | 1376256
http.byterange.memuse                                        | Total                     | 176384
http.byterange.memcap                                        | Total                     | 104857600
ippair.memuse                                                | Total                     | 406144
ippair.memcap                                                | Total                     | 16777216
host.memuse                                                  | Total                     | 390144
host.memcap                                                  | Total                     | 33554432
flow.memuse                                                  | Total                     | 9817056
---------------------------------------------------------------------------------------------------
Date: 8/26/2026 -- 23:57:37 (uptime: 0d, 00h 04m 08s)
---------------------------------------------------------------------------------------------------
Counter                                                      | TM Name                   | Value
---------------------------------------------------------------------------------------------------
capture.kernel_packets                                       | Total                     | 17592
capture.afpacket.polls                                       | Total                     | 29764
capture.afpacket.poll_timeout                                | Total                     | 28223
capture.afpacket.poll_data                                   | Total                     | 1541
decoder.pkts                                                 | Total                     | 17591
decoder.bytes                                                | Total                     | 10305349
decoder.ipv4                                                 | Total                     | 17561
decoder.ipv6                                                 | Total                     | 30
decoder.ethernet                                             | Total                     | 17591
decoder.tcp                                                  | Total                     | 17587
tcp.syn                                                      | Total                     | 1038
tcp.synack                                                   | Total                     | 1025
tcp.rst                                                      | Total                     | 33
decoder.icmpv6                                               | Total                     | 4
decoder.avg_pkt_size                                         | Total                     | 585
decoder.max_pkt_size                                         | Total                     | 32834
tcp.active_sessions                                          | Total                     | 2
flow.total                                                   | Total                     | 1056
flow.active                                                  | Total                     | 276
flow.tcp                                                     | Total                     | 1054
flow.icmpv6                                                  | Total                     | 2
flow.wrk.spare_sync_avg                                      | Total                     | 100
flow.wrk.spare_sync                                          | Total                     | 13
flow.wrk.flows_evicted                                       | Total                     | 1
tcp.sessions                                                 | Total                     | 27
tcp.ssn_from_pool                                            | Total                     | 27
tcp.invalid_checksum                                         | Total                     | 8406
flow.end.state.new                                           | Total                     | 780
flow.end.tcp_state.syn_sent                                  | Total                     | 25
flow.mgr.full_hash_pass                                      | Total                     | 27
flow.mgr.rows_per_sec                                        | Total                     | 7208
flow.spare                                                   | Total                     | 10774
flow.mgr.rows_maxlen                                         | Total                     | 2
flow.mgr.flows_checked                                       | Total                     | 1883
flow.mgr.flows_notimeout                                     | Total                     | 1104
flow.mgr.flows_timeout                                       | Total                     | 779
flow.mgr.flows_evicted                                       | Total                     | 779
memcap.pressure                                              | Total                     | 11
memcap.pressure_max                                          | Total                     | 11
defrag.memuse                                                | Total                     | 33554432
flow.recycler.recycled                                       | Total                     | 779
flow.recycler.queue_avg                                      | Total                     | 2
flow.recycler.queue_max                                      | Total                     | 9
tcp.memuse                                                   | Total                     | 7471104
tcp.reassembly_memuse                                        | Total                     | 1376256
http.byterange.memuse                                        | Total                     | 176384
http.byterange.memcap                                        | Total                     | 104857600
ippair.memuse                                                | Total                     | 406144
ippair.memcap                                                | Total                     | 16777216
host.memuse                                                  | Total                     | 390144
host.memcap                                                  | Total                     | 33554432
flow.memuse                                                  | Total                     | 9817056
---------------------------------------------------------------------------------------------------
Date: 8/26/2026 -- 23:57:45 (uptime: 0d, 00h 04m 16s)
---------------------------------------------------------------------------------------------------
Counter                                                      | TM Name                   | Value
---------------------------------------------------------------------------------------------------
capture.kernel_packets                                       | Total                     | 18145
capture.afpacket.polls                                       | Total                     | 30843
capture.afpacket.poll_timeout                                | Total                     | 29269
capture.afpacket.poll_data                                   | Total                     | 1574
decoder.pkts                                                 | Total                     | 18144
decoder.bytes                                                | Total                     | 10475468
decoder.ipv4                                                 | Total                     | 18114
decoder.ipv6                                                 | Total                     | 30
decoder.ethernet                                             | Total                     | 18144
decoder.tcp                                                  | Total                     | 18140
tcp.syn                                                      | Total                     | 1077
tcp.synack                                                   | Total                     | 1064
tcp.rst                                                      | Total                     | 33
decoder.icmpv6                                               | Total                     | 4
decoder.avg_pkt_size                                         | Total                     | 577
decoder.max_pkt_size                                         | Total                     | 32834
tcp.active_sessions                                          | Total                     | 2
flow.total                                                   | Total                     | 1095
flow.active                                                  | Total                     | 279
flow.tcp                                                     | Total                     | 1093
flow.icmpv6                                                  | Total                     | 2
flow.wrk.spare_sync_avg                                      | Total                     | 99
flow.wrk.spare_sync                                          | Total                     | 15
flow.wrk.spare_sync_incomplete                               | Total                     | 1
flow.wrk.flows_evicted                                       | Total                     | 1
tcp.sessions                                                 | Total                     | 27
tcp.ssn_from_pool                                            | Total                     | 27
tcp.invalid_checksum                                         | Total                     | 8668
flow.end.state.new                                           | Total                     | 816
flow.end.tcp_state.syn_sent                                  | Total                     | 25
flow.mgr.full_hash_pass                                      | Total                     | 28
flow.mgr.rows_per_sec                                        | Total                     | 7208
flow.spare                                                   | Total                     | 10613
flow.mgr.rows_maxlen                                         | Total                     | 2
flow.mgr.flows_checked                                       | Total                     | 1963
flow.mgr.flows_notimeout                                     | Total                     | 1148
flow.mgr.flows_timeout                                       | Total                     | 815
flow.mgr.flows_evicted                                       | Total                     | 815
memcap.pressure                                              | Total                     | 11
memcap.pressure_max                                          | Total                     | 11
defrag.memuse                                                | Total                     | 33554432
flow.recycler.recycled                                       | Total                     | 815
flow.recycler.queue_avg                                      | Total                     | 2
flow.recycler.queue_max                                      | Total                     | 9
tcp.memuse                                                   | Total                     | 7471104
tcp.reassembly_memuse                                        | Total                     | 1376256
http.byterange.memuse                                        | Total                     | 176384
http.byterange.memcap                                        | Total                     | 104857600
ippair.memuse                                                | Total                     | 406144
ippair.memcap                                                | Total                     | 16777216
host.memuse                                                  | Total                     | 390144
host.memcap                                                  | Total                     | 33554432
flow.memuse                                                  | Total                     | 9817056
---------------------------------------------------------------------------------------------------
Date: 8/26/2026 -- 23:57:53 (uptime: 0d, 00h 04m 24s)
---------------------------------------------------------------------------------------------------
Counter                                                      | TM Name                   | Value
---------------------------------------------------------------------------------------------------
capture.kernel_packets                                       | Total                     | 18781
capture.afpacket.polls                                       | Total                     | 31574
capture.afpacket.poll_timeout                                | Total                     | 29952
capture.afpacket.poll_data                                   | Total                     | 1622
decoder.pkts                                                 | Total                     | 18780
decoder.bytes                                                | Total                     | 10687472
decoder.ipv4                                                 | Total                     | 18750
decoder.ipv6                                                 | Total                     | 30
decoder.ethernet                                             | Total                     | 18780
decoder.tcp                                                  | Total                     | 18776
tcp.syn                                                      | Total                     | 1119
tcp.synack                                                   | Total                     | 1106
tcp.rst                                                      | Total                     | 33
decoder.icmpv6                                               | Total                     | 4
decoder.avg_pkt_size                                         | Total                     | 569
decoder.max_pkt_size                                         | Total                     | 32834
tcp.active_sessions                                          | Total                     | 2
flow.total                                                   | Total                     | 1136
flow.active                                                  | Total                     | 297
flow.tcp                                                     | Total                     | 1134
flow.icmpv6                                                  | Total                     | 2
flow.wrk.spare_sync_avg                                      | Total                     | 99
flow.wrk.spare_sync                                          | Total                     | 16
flow.wrk.spare_sync_incomplete                               | Total                     | 2
flow.wrk.flows_evicted                                       | Total                     | 1
tcp.sessions                                                 | Total                     | 27
tcp.ssn_from_pool                                            | Total                     | 27
tcp.invalid_checksum                                         | Total                     | 8963
flow.end.state.new                                           | Total                     | 839
flow.end.tcp_state.syn_sent                                  | Total                     | 25
flow.mgr.full_hash_pass                                      | Total                     | 28
flow.mgr.rows_per_sec                                        | Total                     | 7208
flow.spare                                                   | Total                     | 10537
flow.mgr.rows_maxlen                                         | Total                     | 2
flow.mgr.flows_checked                                       | Total                     | 2025
flow.mgr.flows_notimeout                                     | Total                     | 1187
flow.mgr.flows_timeout                                       | Total                     | 838
flow.mgr.flows_evicted                                       | Total                     | 838
memcap.pressure                                              | Total                     | 11
memcap.pressure_max                                          | Total                     | 11
defrag.memuse                                                | Total                     | 33554432
flow.recycler.recycled                                       | Total                     | 838
flow.recycler.queue_avg                                      | Total                     | 2
flow.recycler.queue_max                                      | Total                     | 9
tcp.memuse                                                   | Total                     | 7471104
tcp.reassembly_memuse                                        | Total                     | 1376256
http.byterange.memuse                                        | Total                     | 176384
http.byterange.memcap                                        | Total                     | 104857600
ippair.memuse                                                | Total                     | 406144
ippair.memcap                                                | Total                     | 16777216
host.memuse                                                  | Total                     | 390144
host.memcap                                                  | Total                     | 33554432
flow.memuse                                                  | Total                     | 9817056
---------------------------------------------------------------------------------------------------
Date: 8/26/2026 -- 23:58:01 (uptime: 0d, 00h 04m 32s)
---------------------------------------------------------------------------------------------------
Counter                                                      | TM Name                   | Value
---------------------------------------------------------------------------------------------------
capture.kernel_packets                                       | Total                     | 19168
capture.afpacket.polls                                       | Total                     | 32650
capture.afpacket.poll_timeout                                | Total                     | 30995
capture.afpacket.poll_data                                   | Total                     | 1655
decoder.pkts                                                 | Total                     | 19178
decoder.bytes                                                | Total                     | 10819054
decoder.ipv4                                                 | Total                     | 19148
decoder.ipv6                                                 | Total                     | 30
decoder.ethernet                                             | Total                     | 19178
decoder.tcp                                                  | Total                     | 19174
tcp.syn                                                      | Total                     | 1145
tcp.synack                                                   | Total                     | 1132
tcp.rst                                                      | Total                     | 33
decoder.icmpv6                                               | Total                     | 4
decoder.avg_pkt_size                                         | Total                     | 564
decoder.max_pkt_size                                         | Total                     | 32834
tcp.active_sessions                                          | Total                     | 2
flow.total                                                   | Total                     | 1162
flow.active                                                  | Total                     | 286
flow.tcp                                                     | Total                     | 1160
flow.icmpv6                                                  | Total                     | 2
flow.wrk.spare_sync_avg                                      | Total                     | 99
flow.wrk.spare_sync                                          | Total                     | 16
flow.wrk.spare_sync_incomplete                               | Total                     | 2
flow.wrk.flows_evicted                                       | Total                     | 1
tcp.sessions                                                 | Total                     | 27
tcp.ssn_from_pool                                            | Total                     | 27
tcp.invalid_checksum                                         | Total                     | 9154
flow.end.state.new                                           | Total                     | 876
flow.end.tcp_state.syn_sent                                  | Total                     | 25
flow.mgr.full_hash_pass                                      | Total                     | 29
flow.mgr.rows_per_sec                                        | Total                     | 7208
flow.spare                                                   | Total                     | 10577
flow.mgr.rows_maxlen                                         | Total                     | 2
flow.mgr.flows_checked                                       | Total                     | 2098
flow.mgr.flows_notimeout                                     | Total                     | 1223
flow.mgr.flows_timeout                                       | Total                     | 875
flow.mgr.flows_evicted                                       | Total                     | 875
memcap.pressure                                              | Total                     | 11
memcap.pressure_max                                          | Total                     | 11
defrag.memuse                                                | Total                     | 33554432
flow.recycler.recycled                                       | Total                     | 875
flow.recycler.queue_avg                                      | Total                     | 2
flow.recycler.queue_max                                      | Total                     | 9
tcp.memuse                                                   | Total                     | 7471104
tcp.reassembly_memuse                                        | Total                     | 1376256
http.byterange.memuse                                        | Total                     | 176384
http.byterange.memcap                                        | Total                     | 104857600
ippair.memuse                                                | Total                     | 406144
ippair.memcap                                                | Total                     | 16777216
host.memuse                                                  | Total                     | 390144
host.memcap                                                  | Total                     | 33554432
flow.memuse                                                  | Total                     | 9817056
---------------------------------------------------------------------------------------------------
Date: 8/26/2026 -- 23:58:09 (uptime: 0d, 00h 04m 40s)
---------------------------------------------------------------------------------------------------
Counter                                                      | TM Name                   | Value
---------------------------------------------------------------------------------------------------
capture.kernel_packets                                       | Total                     | 19582
capture.afpacket.polls                                       | Total                     | 33727
capture.afpacket.poll_timeout                                | Total                     | 32033
capture.afpacket.poll_data                                   | Total                     | 1694
decoder.pkts                                                 | Total                     | 19581
decoder.bytes                                                | Total                     | 10944747
decoder.ipv4                                                 | Total                     | 19551
decoder.ipv6                                                 | Total                     | 30
decoder.ethernet                                             | Total                     | 19581
decoder.tcp                                                  | Total                     | 19577
tcp.syn                                                      | Total                     | 1172
tcp.synack                                                   | Total                     | 1159
tcp.rst                                                      | Total                     | 33
decoder.icmpv6                                               | Total                     | 4
decoder.avg_pkt_size                                         | Total                     | 558
decoder.max_pkt_size                                         | Total                     | 32834
tcp.active_sessions                                          | Total                     | 2
flow.total                                                   | Total                     | 1189
flow.active                                                  | Total                     | 277
flow.tcp                                                     | Total                     | 1187
flow.icmpv6                                                  | Total                     | 2
flow.wrk.spare_sync_avg                                      | Total                     | 99
flow.wrk.spare_sync                                          | Total                     | 18
flow.wrk.spare_sync_incomplete                               | Total                     | 4
flow.wrk.flows_evicted                                       | Total                     | 1
tcp.sessions                                                 | Total                     | 27
tcp.ssn_from_pool                                            | Total                     | 27
tcp.invalid_checksum                                         | Total                     | 9348
flow.end.state.new                                           | Total                     | 912
flow.end.tcp_state.syn_sent                                  | Total                     | 25
flow.mgr.full_hash_pass                                      | Total                     | 30
flow.mgr.rows_per_sec                                        | Total                     | 7208
flow.spare                                                   | Total                     | 10419
flow.mgr.rows_maxlen                                         | Total                     | 2
flow.mgr.flows_checked                                       | Total                     | 2164
flow.mgr.flows_notimeout                                     | Total                     | 1253
flow.mgr.flows_timeout                                       | Total                     | 911
flow.mgr.flows_evicted                                       | Total                     | 911
memcap.pressure                                              | Total                     | 11
memcap.pressure_max                                          | Total                     | 11
defrag.memuse                                                | Total                     | 33554432
flow.recycler.recycled                                       | Total                     | 911
flow.recycler.queue_avg                                      | Total                     | 2
flow.recycler.queue_max                                      | Total                     | 9
tcp.memuse                                                   | Total                     | 7471104
tcp.reassembly_memuse                                        | Total                     | 1376256
http.byterange.memuse                                        | Total                     | 176384
http.byterange.memcap                                        | Total                     | 104857600
ippair.memuse                                                | Total                     | 406144
ippair.memcap                                                | Total                     | 16777216
host.memuse                                                  | Total                     | 390144
host.memcap                                                  | Total                     | 33554432
flow.memuse                                                  | Total                     | 9817056
---------------------------------------------------------------------------------------------------
Date: 8/26/2026 -- 23:58:17 (uptime: 0d, 00h 04m 48s)
---------------------------------------------------------------------------------------------------
Counter                                                      | TM Name                   | Value
---------------------------------------------------------------------------------------------------
capture.kernel_packets                                       | Total                     | 19631
capture.afpacket.polls                                       | Total                     | 34434
capture.afpacket.poll_timeout                                | Total                     | 32735
capture.afpacket.poll_data                                   | Total                     | 1699
decoder.pkts                                                 | Total                     | 19630
decoder.bytes                                                | Total                     | 10958168
decoder.ipv4                                                 | Total                     | 19600
decoder.ipv6                                                 | Total                     | 30
decoder.ethernet                                             | Total                     | 19630
decoder.tcp                                                  | Total                     | 19626
tcp.syn                                                      | Total                     | 1172
tcp.synack                                                   | Total                     | 1159
tcp.rst                                                      | Total                     | 33
decoder.icmpv6                                               | Total                     | 4
decoder.avg_pkt_size                                         | Total                     | 558
decoder.max_pkt_size                                         | Total                     | 32834
tcp.active_sessions                                          | Total                     | 2
flow.total                                                   | Total                     | 1189
flow.active                                                  | Total                     | 257
flow.tcp                                                     | Total                     | 1187
flow.icmpv6                                                  | Total                     | 2
flow.wrk.spare_sync_avg                                      | Total                     | 99
flow.wrk.spare_sync                                          | Total                     | 18
flow.wrk.spare_sync_incomplete                               | Total                     | 4
flow.wrk.flows_evicted                                       | Total                     | 1
tcp.sessions                                                 | Total                     | 27
tcp.ssn_from_pool                                            | Total                     | 27
tcp.invalid_checksum                                         | Total                     | 9370
flow.end.state.new                                           | Total                     | 932
flow.end.tcp_state.syn_sent                                  | Total                     | 25
flow.mgr.full_hash_pass                                      | Total                     | 31
flow.mgr.rows_per_sec                                        | Total                     | 7208
flow.spare                                                   | Total                     | 10430
flow.mgr.rows_maxlen                                         | Total                     | 2
flow.mgr.flows_checked                                       | Total                     | 2196
flow.mgr.flows_notimeout                                     | Total                     | 1265
flow.mgr.flows_timeout                                       | Total                     | 931
flow.mgr.flows_evicted                                       | Total                     | 931
memcap.pressure                                              | Total                     | 11
memcap.pressure_max                                          | Total                     | 11
defrag.memuse                                                | Total                     | 33554432
flow.recycler.recycled                                       | Total                     | 931
flow.recycler.queue_avg                                      | Total                     | 2
flow.recycler.queue_max                                      | Total                     | 9
tcp.memuse                                                   | Total                     | 7471104
tcp.reassembly_memuse                                        | Total                     | 1376256
http.byterange.memuse                                        | Total                     | 176384
http.byterange.memcap                                        | Total                     | 104857600
ippair.memuse                                                | Total                     | 406144
ippair.memcap                                                | Total                     | 16777216
host.memuse                                                  | Total                     | 390144
host.memcap                                                  | Total                     | 33554432
flow.memuse                                                  | Total                     | 9817056
---------------------------------------------------------------------------------------------------
Date: 8/26/2026 -- 23:58:25 (uptime: 0d, 00h 04m 56s)
---------------------------------------------------------------------------------------------------
Counter                                                      | TM Name                   | Value
---------------------------------------------------------------------------------------------------
capture.kernel_packets                                       | Total                     | 19911
capture.afpacket.polls                                       | Total                     | 35519
capture.afpacket.poll_timeout                                | Total                     | 33783
capture.afpacket.poll_data                                   | Total                     | 1736
decoder.pkts                                                 | Total                     | 19910
decoder.bytes                                                | Total                     | 11058716
decoder.ipv4                                                 | Total                     | 19880
decoder.ipv6                                                 | Total                     | 30
decoder.ethernet                                             | Total                     | 19910
decoder.tcp                                                  | Total                     | 19906
tcp.syn                                                      | Total                     | 1189
tcp.synack                                                   | Total                     | 1176
tcp.rst                                                      | Total                     | 34
decoder.icmpv6                                               | Total                     | 4
decoder.avg_pkt_size                                         | Total                     | 555
decoder.max_pkt_size                                         | Total                     | 32834
tcp.active_sessions                                          | Total                     | 2
flow.total                                                   | Total                     | 1206
flow.active                                                  | Total                     | 230
flow.tcp                                                     | Total                     | 1204
flow.icmpv6                                                  | Total                     | 2
flow.wrk.spare_sync_avg                                      | Total                     | 99
flow.wrk.spare_sync                                          | Total                     | 18
flow.wrk.spare_sync_incomplete                               | Total                     | 4
flow.wrk.flows_evicted                                       | Total                     | 1
tcp.sessions                                                 | Total                     | 28
tcp.ssn_from_pool                                            | Total                     | 28
tcp.invalid_checksum                                         | Total                     | 9500
flow.end.state.new                                           | Total                     | 976
flow.end.tcp_state.syn_sent                                  | Total                     | 26
flow.mgr.full_hash_pass                                      | Total                     | 32
flow.mgr.rows_per_sec                                        | Total                     | 7208
flow.spare                                                   | Total                     | 10478
flow.mgr.rows_maxlen                                         | Total                     | 2
flow.mgr.flows_checked                                       | Total                     | 2254
flow.mgr.flows_notimeout                                     | Total                     | 1279
flow.mgr.flows_timeout                                       | Total                     | 975
flow.mgr.flows_evicted                                       | Total                     | 975
memcap.pressure                                              | Total                     | 11
memcap.pressure_max                                          | Total                     | 11
defrag.memuse                                                | Total                     | 33554432
flow.recycler.recycled                                       | Total                     | 975
flow.recycler.queue_avg                                      | Total                     | 2
flow.recycler.queue_max                                      | Total                     | 9
tcp.memuse                                                   | Total                     | 7471104
tcp.reassembly_memuse                                        | Total                     | 1376256
http.byterange.memuse                                        | Total                     | 176384
http.byterange.memcap                                        | Total                     | 104857600
ippair.memuse                                                | Total                     | 406144
ippair.memcap                                                | Total                     | 16777216
host.memuse                                                  | Total                     | 390144
host.memcap                                                  | Total                     | 33554432
flow.memuse                                                  | Total                     | 9817056
---------------------------------------------------------------------------------------------------
Date: 8/26/2026 -- 23:58:33 (uptime: 0d, 00h 05m 04s)
---------------------------------------------------------------------------------------------------
Counter                                                      | TM Name                   | Value
---------------------------------------------------------------------------------------------------
capture.kernel_packets                                       | Total                     | 20249
capture.afpacket.polls                                       | Total                     | 36592
capture.afpacket.poll_timeout                                | Total                     | 34830
capture.afpacket.poll_data                                   | Total                     | 1762
decoder.pkts                                                 | Total                     | 20248
decoder.bytes                                                | Total                     | 11171412
decoder.ipv4                                                 | Total                     | 20218
decoder.ipv6                                                 | Total                     | 30
decoder.ethernet                                             | Total                     | 20248
decoder.tcp                                                  | Total                     | 20244
tcp.syn                                                      | Total                     | 1211
tcp.synack                                                   | Total                     | 1198
tcp.rst                                                      | Total                     | 34
decoder.icmpv6                                               | Total                     | 4
decoder.avg_pkt_size                                         | Total                     | 551
decoder.max_pkt_size                                         | Total                     | 32834
tcp.active_sessions                                          | Total                     | 2
flow.total                                                   | Total                     | 1228
flow.active                                                  | Total                     | 206
flow.tcp                                                     | Total                     | 1226
flow.icmpv6                                                  | Total                     | 2
flow.wrk.spare_sync_avg                                      | Total                     | 99
flow.wrk.spare_sync                                          | Total                     | 18
flow.wrk.spare_sync_incomplete                               | Total                     | 4
flow.wrk.flows_evicted                                       | Total                     | 1
tcp.sessions                                                 | Total                     | 28
tcp.ssn_from_pool                                            | Total                     | 28
tcp.invalid_checksum                                         | Total                     | 9662
flow.end.state.new                                           | Total                     | 1022
flow.end.tcp_state.syn_sent                                  | Total                     | 26
flow.mgr.full_hash_pass                                      | Total                     | 33
flow.mgr.rows_per_sec                                        | Total                     | 7208
flow.spare                                                   | Total                     | 10524
flow.mgr.rows_maxlen                                         | Total                     | 2
flow.mgr.flows_checked                                       | Total                     | 2323
flow.mgr.flows_notimeout                                     | Total                     | 1302
flow.mgr.flows_timeout                                       | Total                     | 1021
flow.mgr.flows_evicted                                       | Total                     | 1021
memcap.pressure                                              | Total                     | 11
memcap.pressure_max                                          | Total                     | 11
defrag.memuse                                                | Total                     | 33554432
flow.recycler.recycled                                       | Total                     | 1021
flow.recycler.queue_avg                                      | Total                     | 2
flow.recycler.queue_max                                      | Total                     | 9
tcp.memuse                                                   | Total                     | 7471104
tcp.reassembly_memuse                                        | Total                     | 1376256
http.byterange.memuse                                        | Total                     | 176384
http.byterange.memcap                                        | Total                     | 104857600
ippair.memuse                                                | Total                     | 406144
ippair.memcap                                                | Total                     | 16777216
host.memuse                                                  | Total                     | 390144
host.memcap                                                  | Total                     | 33554432
flow.memuse                                                  | Total                     | 9817056
---------------------------------------------------------------------------------------------------
Date: 8/26/2026 -- 23:58:41 (uptime: 0d, 00h 05m 12s)
---------------------------------------------------------------------------------------------------
Counter                                                      | TM Name                   | Value
---------------------------------------------------------------------------------------------------
capture.kernel_packets                                       | Total                     | 20412
capture.afpacket.polls                                       | Total                     | 37305
capture.afpacket.poll_timeout                                | Total                     | 35524
capture.afpacket.poll_data                                   | Total                     | 1781
decoder.pkts                                                 | Total                     | 20411
decoder.bytes                                                | Total                     | 11216528
decoder.ipv4                                                 | Total                     | 20381
decoder.ipv6                                                 | Total                     | 30
decoder.ethernet                                             | Total                     | 20411
decoder.tcp                                                  | Total                     | 20407
tcp.syn                                                      | Total                     | 1224
tcp.synack                                                   | Total                     | 1211
tcp.rst                                                      | Total                     | 34
decoder.icmpv6                                               | Total                     | 4
decoder.avg_pkt_size                                         | Total                     | 549
decoder.max_pkt_size                                         | Total                     | 32834
tcp.active_sessions                                          | Total                     | 2
flow.total                                                   | Total                     | 1241
flow.active                                                  | Total                     | 196
flow.tcp                                                     | Total                     | 1239
flow.icmpv6                                                  | Total                     | 2
flow.wrk.spare_sync_avg                                      | Total                     | 99
flow.wrk.spare_sync                                          | Total                     | 18
flow.wrk.spare_sync_incomplete                               | Total                     | 4
flow.wrk.flows_evicted                                       | Total                     | 1
tcp.sessions                                                 | Total                     | 28
tcp.ssn_from_pool                                            | Total                     | 28
tcp.invalid_checksum                                         | Total                     | 9743
flow.end.state.new                                           | Total                     | 1045
flow.end.tcp_state.syn_sent                                  | Total                     | 26
flow.mgr.full_hash_pass                                      | Total                     | 34
flow.mgr.rows_per_sec                                        | Total                     | 7208
flow.spare                                                   | Total                     | 10546
flow.mgr.rows_maxlen                                         | Total                     | 2
flow.mgr.flows_checked                                       | Total                     | 2358
flow.mgr.flows_notimeout                                     | Total                     | 1314
flow.mgr.flows_timeout                                       | Total                     | 1044
flow.mgr.flows_evicted                                       | Total                     | 1044
memcap.pressure                                              | Total                     | 11
memcap.pressure_max                                          | Total                     | 11
defrag.memuse                                                | Total                     | 33554432
flow.recycler.recycled                                       | Total                     | 1044
flow.recycler.queue_avg                                      | Total                     | 2
flow.recycler.queue_max                                      | Total                     | 9
tcp.memuse                                                   | Total                     | 7471104
tcp.reassembly_memuse                                        | Total                     | 1376256
http.byterange.memuse                                        | Total                     | 176384
http.byterange.memcap                                        | Total                     | 104857600
ippair.memuse                                                | Total                     | 406144
ippair.memcap                                                | Total                     | 16777216
host.memuse                                                  | Total                     | 390144
host.memcap                                                  | Total                     | 33554432
flow.memuse                                                  | Total                     | 9817056
---------------------------------------------------------------------------------------------------
Date: 8/26/2026 -- 23:58:49 (uptime: 0d, 00h 05m 20s)
---------------------------------------------------------------------------------------------------
Counter                                                      | TM Name                   | Value
---------------------------------------------------------------------------------------------------
capture.kernel_packets                                       | Total                     | 20547
capture.afpacket.polls                                       | Total                     | 38373
capture.afpacket.poll_timeout                                | Total                     | 36571
capture.afpacket.poll_data                                   | Total                     | 1802
decoder.pkts                                                 | Total                     | 20638
decoder.bytes                                                | Total                     | 11288056
decoder.ipv4                                                 | Total                     | 20608
decoder.ipv6                                                 | Total                     | 30
decoder.ethernet                                             | Total                     | 20638
decoder.tcp                                                  | Total                     | 20634
tcp.syn                                                      | Total                     | 1240
tcp.synack                                                   | Total                     | 1227
tcp.rst                                                      | Total                     | 34
decoder.icmpv6                                               | Total                     | 4
decoder.avg_pkt_size                                         | Total                     | 546
decoder.max_pkt_size                                         | Total                     | 32834
tcp.active_sessions                                          | Total                     | 2
flow.total                                                   | Total                     | 1257
flow.active                                                  | Total                     | 179
flow.tcp                                                     | Total                     | 1255
flow.icmpv6                                                  | Total                     | 2
flow.wrk.spare_sync_avg                                      | Total                     | 99
flow.wrk.spare_sync                                          | Total                     | 20
flow.wrk.spare_sync_incomplete                               | Total                     | 5
flow.wrk.flows_evicted                                       | Total                     | 1
tcp.sessions                                                 | Total                     | 28
tcp.ssn_from_pool                                            | Total                     | 28
tcp.invalid_checksum                                         | Total                     | 9853
flow.end.state.new                                           | Total                     | 1076
flow.end.state.established                                   | Total                     | 2
flow.end.tcp_state.syn_sent                                  | Total                     | 26
flow.mgr.full_hash_pass                                      | Total                     | 35
flow.mgr.rows_per_sec                                        | Total                     | 7208
flow.spare                                                   | Total                     | 10487
flow.mgr.rows_maxlen                                         | Total                     | 2
flow.mgr.flows_checked                                       | Total                     | 2406
flow.mgr.flows_notimeout                                     | Total                     | 1329
flow.mgr.flows_timeout                                       | Total                     | 1077
flow.mgr.flows_evicted                                       | Total                     | 1077
memcap.pressure                                              | Total                     | 11
memcap.pressure_max                                          | Total                     | 11
defrag.memuse                                                | Total                     | 33554432
flow.recycler.recycled                                       | Total                     | 1077
flow.recycler.queue_avg                                      | Total                     | 2
flow.recycler.queue_max                                      | Total                     | 9
tcp.memuse                                                   | Total                     | 7471104
tcp.reassembly_memuse                                        | Total                     | 1376256
http.byterange.memuse                                        | Total                     | 176384
http.byterange.memcap                                        | Total                     | 104857600
ippair.memuse                                                | Total                     | 406144
ippair.memcap                                                | Total                     | 16777216
host.memuse                                                  | Total                     | 390144
host.memcap                                                  | Total                     | 33554432
flow.memuse                                                  | Total                     | 9817056
---------------------------------------------------------------------------------------------------
Date: 8/26/2026 -- 23:58:57 (uptime: 0d, 00h 05m 28s)
---------------------------------------------------------------------------------------------------
Counter                                                      | TM Name                   | Value
---------------------------------------------------------------------------------------------------
capture.kernel_packets                                       | Total                     | 20952
capture.afpacket.polls                                       | Total                     | 39454
capture.afpacket.poll_timeout                                | Total                     | 37616
capture.afpacket.poll_data                                   | Total                     | 1838
decoder.pkts                                                 | Total                     | 20951
decoder.bytes                                                | Total                     | 11400263
decoder.ipv4                                                 | Total                     | 20921
decoder.ipv6                                                 | Total                     | 30
decoder.ethernet                                             | Total                     | 20951
decoder.tcp                                                  | Total                     | 20947
tcp.syn                                                      | Total                     | 1251
tcp.synack                                                   | Total                     | 1238
tcp.rst                                                      | Total                     | 34
decoder.icmpv6                                               | Total                     | 4
decoder.avg_pkt_size                                         | Total                     | 544
decoder.max_pkt_size                                         | Total                     | 32834
tcp.active_sessions                                          | Total                     | 2
flow.total                                                   | Total                     | 1268
flow.active                                                  | Total                     | 147
flow.tcp                                                     | Total                     | 1266
flow.icmpv6                                                  | Total                     | 2
flow.wrk.spare_sync_avg                                      | Total                     | 99
flow.wrk.spare_sync                                          | Total                     | 20
flow.wrk.spare_sync_incomplete                               | Total                     | 5
flow.wrk.flows_evicted                                       | Total                     | 1
tcp.sessions                                                 | Total                     | 28
tcp.ssn_from_pool                                            | Total                     | 28
tcp.invalid_checksum                                         | Total                     | 9998
flow.end.state.new                                           | Total                     | 1119
flow.end.state.established                                   | Total                     | 2
flow.end.tcp_state.syn_sent                                  | Total                     | 26
flow.mgr.full_hash_pass                                      | Total                     | 36
flow.mgr.rows_per_sec                                        | Total                     | 7208
flow.spare                                                   | Total                     | 10427
flow.mgr.rows_maxlen                                         | Total                     | 2
flow.mgr.flows_checked                                       | Total                     | 2476
flow.mgr.flows_notimeout                                     | Total                     | 1356
flow.mgr.flows_timeout                                       | Total                     | 1120
flow.mgr.flows_evicted                                       | Total                     | 1120
memcap.pressure                                              | Total                     | 11
memcap.pressure_max                                          | Total                     | 11
defrag.memuse                                                | Total                     | 33554432
flow.recycler.recycled                                       | Total                     | 1120
flow.recycler.queue_avg                                      | Total                     | 2
flow.recycler.queue_max                                      | Total                     | 9
tcp.memuse                                                   | Total                     | 7471104
tcp.reassembly_memuse                                        | Total                     | 1376256
http.byterange.memuse                                        | Total                     | 176384
http.byterange.memcap                                        | Total                     | 104857600
ippair.memuse                                                | Total                     | 406144
ippair.memcap                                                | Total                     | 16777216
host.memuse                                                  | Total                     | 390144
host.memcap                                                  | Total                     | 33554432
flow.memuse                                                  | Total                     | 9817056
---------------------------------------------------------------------------------------------------
Date: 8/26/2026 -- 23:59:05 (uptime: 0d, 00h 05m 36s)
---------------------------------------------------------------------------------------------------
Counter                                                      | TM Name                   | Value
---------------------------------------------------------------------------------------------------
capture.kernel_packets                                       | Total                     | 21136
capture.afpacket.polls                                       | Total                     | 40172
capture.afpacket.poll_timeout                                | Total                     | 38317
capture.afpacket.poll_data                                   | Total                     | 1855
decoder.pkts                                                 | Total                     | 21135
decoder.bytes                                                | Total                     | 11456949
decoder.ipv4                                                 | Total                     | 21105
decoder.ipv6                                                 | Total                     | 30
decoder.ethernet                                             | Total                     | 21135
decoder.tcp                                                  | Total                     | 21131
tcp.syn                                                      | Total                     | 1264
tcp.synack                                                   | Total                     | 1251
tcp.rst                                                      | Total                     | 34
decoder.icmpv6                                               | Total                     | 4
decoder.avg_pkt_size                                         | Total                     | 542
decoder.max_pkt_size                                         | Total                     | 32834
tcp.active_sessions                                          | Total                     | 2
flow.total                                                   | Total                     | 1281
flow.active                                                  | Total                     | 144
flow.tcp                                                     | Total                     | 1279
flow.icmpv6                                                  | Total                     | 2
flow.wrk.spare_sync_avg                                      | Total                     | 99
flow.wrk.spare_sync                                          | Total                     | 20
flow.wrk.spare_sync_incomplete                               | Total                     | 5
flow.wrk.flows_evicted                                       | Total                     | 1
tcp.sessions                                                 | Total                     | 28
tcp.ssn_from_pool                                            | Total                     | 28
tcp.invalid_checksum                                         | Total                     | 10085
flow.end.state.new                                           | Total                     | 1135
flow.end.state.established                                   | Total                     | 2
flow.end.tcp_state.syn_sent                                  | Total                     | 26
flow.mgr.full_hash_pass                                      | Total                     | 36
flow.mgr.rows_per_sec                                        | Total                     | 7208
flow.spare                                                   | Total                     | 10445
flow.mgr.rows_maxlen                                         | Total                     | 2
flow.mgr.flows_checked                                       | Total                     | 2504
flow.mgr.flows_notimeout                                     | Total                     | 1368
flow.mgr.flows_timeout                                       | Total                     | 1136
flow.mgr.flows_evicted                                       | Total                     | 1136
memcap.pressure                                              | Total                     | 11
memcap.pressure_max                                          | Total                     | 11
defrag.memuse                                                | Total                     | 33554432
flow.recycler.recycled                                       | Total                     | 1136
flow.recycler.queue_avg                                      | Total                     | 2
flow.recycler.queue_max                                      | Total                     | 9
tcp.memuse                                                   | Total                     | 7471104
tcp.reassembly_memuse                                        | Total                     | 1376256
http.byterange.memuse                                        | Total                     | 176384
http.byterange.memcap                                        | Total                     | 104857600
ippair.memuse                                                | Total                     | 406144
ippair.memcap                                                | Total                     | 16777216
host.memuse                                                  | Total                     | 390144
host.memcap                                                  | Total                     | 33554432
flow.memuse                                                  | Total                     | 9817056
---------------------------------------------------------------------------------------------------
Date: 8/26/2026 -- 23:59:13 (uptime: 0d, 00h 05m 44s)
---------------------------------------------------------------------------------------------------
Counter                                                      | TM Name                   | Value
---------------------------------------------------------------------------------------------------
capture.kernel_packets                                       | Total                     | 21343
capture.afpacket.polls                                       | Total                     | 41245
capture.afpacket.poll_timeout                                | Total                     | 39365
capture.afpacket.poll_data                                   | Total                     | 1880
decoder.pkts                                                 | Total                     | 21342
decoder.bytes                                                | Total                     | 11515157
decoder.ipv4                                                 | Total                     | 21312
decoder.ipv6                                                 | Total                     | 30
decoder.ethernet                                             | Total                     | 21342
decoder.tcp                                                  | Total                     | 21338
tcp.syn                                                      | Total                     | 1277
tcp.synack                                                   | Total                     | 1264
tcp.rst                                                      | Total                     | 34
decoder.icmpv6                                               | Total                     | 4
decoder.avg_pkt_size                                         | Total                     | 539
decoder.max_pkt_size                                         | Total                     | 32834
tcp.active_sessions                                          | Total                     | 2
flow.total                                                   | Total                     | 1294
flow.active                                                  | Total                     | 127
flow.tcp                                                     | Total                     | 1292
flow.icmpv6                                                  | Total                     | 2
flow.wrk.spare_sync_avg                                      | Total                     | 99
flow.wrk.spare_sync                                          | Total                     | 20
flow.wrk.spare_sync_incomplete                               | Total                     | 5
flow.wrk.flows_evicted                                       | Total                     | 1
tcp.sessions                                                 | Total                     | 28
tcp.ssn_from_pool                                            | Total                     | 28
tcp.invalid_checksum                                         | Total                     | 10183
flow.end.state.new                                           | Total                     | 1165
flow.end.state.established                                   | Total                     | 2
flow.end.tcp_state.syn_sent                                  | Total                     | 26
flow.mgr.full_hash_pass                                      | Total                     | 37
flow.mgr.rows_per_sec                                        | Total                     | 7208
flow.spare                                                   | Total                     | 10474
flow.mgr.rows_maxlen                                         | Total                     | 2
flow.mgr.flows_checked                                       | Total                     | 2546
flow.mgr.flows_notimeout                                     | Total                     | 1380
flow.mgr.flows_timeout                                       | Total                     | 1166
flow.mgr.flows_evicted                                       | Total                     | 1166
memcap.pressure                                              | Total                     | 11
memcap.pressure_max                                          | Total                     | 11
defrag.memuse                                                | Total                     | 33554432
flow.recycler.recycled                                       | Total                     | 1166
flow.recycler.queue_avg                                      | Total                     | 2
flow.recycler.queue_max                                      | Total                     | 9
tcp.memuse                                                   | Total                     | 7471104
tcp.reassembly_memuse                                        | Total                     | 1376256
http.byterange.memuse                                        | Total                     | 176384
http.byterange.memcap                                        | Total                     | 104857600
ippair.memuse                                                | Total                     | 406144
ippair.memcap                                                | Total                     | 16777216
host.memuse                                                  | Total                     | 390144
host.memcap                                                  | Total                     | 33554432
flow.memuse                                                  | Total                     | 9817056
---------------------------------------------------------------------------------------------------
Date: 8/26/2026 -- 23:59:21 (uptime: 0d, 00h 05m 52s)
---------------------------------------------------------------------------------------------------
Counter                                                      | TM Name                   | Value
---------------------------------------------------------------------------------------------------
capture.kernel_packets                                       | Total                     | 21610
capture.afpacket.polls                                       | Total                     | 42321
capture.afpacket.poll_timeout                                | Total                     | 40412
capture.afpacket.poll_data                                   | Total                     | 1909
decoder.pkts                                                 | Total                     | 21609
decoder.bytes                                                | Total                     | 11617403
decoder.ipv4                                                 | Total                     | 21579
decoder.ipv6                                                 | Total                     | 30
decoder.ethernet                                             | Total                     | 21609
decoder.tcp                                                  | Total                     | 21605
tcp.syn                                                      | Total                     | 1294
tcp.synack                                                   | Total                     | 1281
tcp.rst                                                      | Total                     | 35
decoder.icmpv6                                               | Total                     | 4
decoder.avg_pkt_size                                         | Total                     | 537
decoder.max_pkt_size                                         | Total                     | 32834
tcp.active_sessions                                          | Total                     | 2
flow.total                                                   | Total                     | 1311
flow.active                                                  | Total                     | 131
flow.tcp                                                     | Total                     | 1309
flow.icmpv6                                                  | Total                     | 2
flow.wrk.spare_sync_avg                                      | Total                     | 99
flow.wrk.spare_sync                                          | Total                     | 20
flow.wrk.spare_sync_incomplete                               | Total                     | 5
flow.wrk.flows_evicted                                       | Total                     | 1
tcp.sessions                                                 | Total                     | 29
tcp.ssn_from_pool                                            | Total                     | 29
tcp.invalid_checksum                                         | Total                     | 10306
flow.end.state.new                                           | Total                     | 1178
flow.end.state.established                                   | Total                     | 2
flow.end.tcp_state.syn_sent                                  | Total                     | 27
flow.mgr.full_hash_pass                                      | Total                     | 38
flow.mgr.rows_per_sec                                        | Total                     | 7208
flow.spare                                                   | Total                     | 10491
flow.mgr.rows_maxlen                                         | Total                     | 2
flow.mgr.flows_checked                                       | Total                     | 2573
flow.mgr.flows_notimeout                                     | Total                     | 1394
flow.mgr.flows_timeout                                       | Total                     | 1179
flow.mgr.flows_evicted                                       | Total                     | 1179
memcap.pressure                                              | Total                     | 11
memcap.pressure_max                                          | Total                     | 11
defrag.memuse                                                | Total                     | 33554432
flow.recycler.recycled                                       | Total                     | 1179
flow.recycler.queue_avg                                      | Total                     | 2
flow.recycler.queue_max                                      | Total                     | 9
tcp.memuse                                                   | Total                     | 7471104
tcp.reassembly_memuse                                        | Total                     | 1376256
http.byterange.memuse                                        | Total                     | 176384
http.byterange.memcap                                        | Total                     | 104857600
ippair.memuse                                                | Total                     | 406144
ippair.memcap                                                | Total                     | 16777216
host.memuse                                                  | Total                     | 390144
host.memcap                                                  | Total                     | 33554432
flow.memuse                                                  | Total                     | 9817056
---------------------------------------------------------------------------------------------------
Date: 8/26/2026 -- 23:59:29 (uptime: 0d, 00h 06m 00s)
---------------------------------------------------------------------------------------------------
Counter                                                      | TM Name                   | Value
---------------------------------------------------------------------------------------------------
capture.kernel_packets                                       | Total                     | 21626
capture.afpacket.polls                                       | Total                     | 43029
capture.afpacket.poll_timeout                                | Total                     | 41114
capture.afpacket.poll_data                                   | Total                     | 1915
decoder.pkts                                                 | Total                     | 21625
decoder.bytes                                                | Total                     | 11618459
decoder.ipv4                                                 | Total                     | 21595
decoder.ipv6                                                 | Total                     | 30
decoder.ethernet                                             | Total                     | 21625
decoder.tcp                                                  | Total                     | 21621
tcp.syn                                                      | Total                     | 1294
tcp.synack                                                   | Total                     | 1281
tcp.rst                                                      | Total                     | 35
decoder.icmpv6                                               | Total                     | 4
decoder.avg_pkt_size                                         | Total                     | 537
decoder.max_pkt_size                                         | Total                     | 32834
tcp.active_sessions                                          | Total                     | 2
flow.total                                                   | Total                     | 1311
flow.active                                                  | Total                     | 120
flow.tcp                                                     | Total                     | 1309
flow.icmpv6                                                  | Total                     | 2
flow.wrk.spare_sync_avg                                      | Total                     | 99
flow.wrk.spare_sync                                          | Total                     | 20
flow.wrk.spare_sync_incomplete                               | Total                     | 5
flow.wrk.flows_evicted                                       | Total                     | 1
tcp.sessions                                                 | Total                     | 29
tcp.ssn_from_pool                                            | Total                     | 29
tcp.invalid_checksum                                         | Total                     | 10314
flow.end.state.new                                           | Total                     | 1189
flow.end.state.established                                   | Total                     | 2
flow.end.tcp_state.syn_sent                                  | Total                     | 27
flow.mgr.full_hash_pass                                      | Total                     | 39
flow.mgr.rows_per_sec                                        | Total                     | 7208
flow.spare                                                   | Total                     | 10500
flow.mgr.rows_maxlen                                         | Total                     | 2
flow.mgr.flows_checked                                       | Total                     | 2596
flow.mgr.flows_notimeout                                     | Total                     | 1406
flow.mgr.flows_timeout                                       | Total                     | 1190
flow.mgr.flows_evicted                                       | Total                     | 1190
memcap.pressure                                              | Total                     | 11
memcap.pressure_max                                          | Total                     | 11
defrag.memuse                                                | Total                     | 33554432
flow.recycler.recycled                                       | Total                     | 1190
flow.recycler.queue_avg                                      | Total                     | 2
flow.recycler.queue_max                                      | Total                     | 9
tcp.memuse                                                   | Total                     | 7471104
tcp.reassembly_memuse                                        | Total                     | 1376256
http.byterange.memuse                                        | Total                     | 176384
http.byterange.memcap                                        | Total                     | 104857600
ippair.memuse                                                | Total                     | 406144
ippair.memcap                                                | Total                     | 16777216
host.memuse                                                  | Total                     | 390144
host.memcap                                                  | Total                     | 33554432
flow.memuse                                                  | Total                     | 9817056
---------------------------------------------------------------------------------------------------
Date: 8/26/2026 -- 23:59:37 (uptime: 0d, 00h 06m 08s)
---------------------------------------------------------------------------------------------------
Counter                                                      | TM Name                   | Value
---------------------------------------------------------------------------------------------------
capture.kernel_packets                                       | Total                     | 21960
capture.afpacket.polls                                       | Total                     | 44109
capture.afpacket.poll_timeout                                | Total                     | 42160
capture.afpacket.poll_data                                   | Total                     | 1949
decoder.pkts                                                 | Total                     | 21959
decoder.bytes                                                | Total                     | 11730894
decoder.ipv4                                                 | Total                     | 21929
decoder.ipv6                                                 | Total                     | 30
decoder.ethernet                                             | Total                     | 21959
decoder.tcp                                                  | Total                     | 21955
tcp.syn                                                      | Total                     | 1316
tcp.synack                                                   | Total                     | 1303
tcp.rst                                                      | Total                     | 35
decoder.icmpv6                                               | Total                     | 4
decoder.avg_pkt_size                                         | Total                     | 534
decoder.max_pkt_size                                         | Total                     | 32834
tcp.active_sessions                                          | Total                     | 2
flow.total                                                   | Total                     | 1333
flow.active                                                  | Total                     | 125
flow.tcp                                                     | Total                     | 1331
flow.icmpv6                                                  | Total                     | 2
flow.wrk.spare_sync_avg                                      | Total                     | 99
flow.wrk.spare_sync                                          | Total                     | 21
flow.wrk.spare_sync_incomplete                               | Total                     | 6
flow.wrk.flows_evicted                                       | Total                     | 1
tcp.sessions                                                 | Total                     | 29
tcp.ssn_from_pool                                            | Total                     | 29
tcp.invalid_checksum                                         | Total                     | 10468
flow.end.state.new                                           | Total                     | 1206
flow.end.state.established                                   | Total                     | 2
flow.end.tcp_state.syn_sent                                  | Total                     | 27
flow.mgr.full_hash_pass                                      | Total                     | 40
flow.mgr.rows_per_sec                                        | Total                     | 7208
flow.spare                                                   | Total                     | 10419
flow.mgr.rows_maxlen                                         | Total                     | 2
flow.mgr.flows_checked                                       | Total                     | 2635
flow.mgr.flows_notimeout                                     | Total                     | 1428
flow.mgr.flows_timeout                                       | Total                     | 1207
flow.mgr.flows_evicted                                       | Total                     | 1207
memcap.pressure                                              | Total                     | 11
memcap.pressure_max                                          | Total                     | 11
defrag.memuse                                                | Total                     | 33554432
flow.recycler.recycled                                       | Total                     | 1207
flow.recycler.queue_avg                                      | Total                     | 2
flow.recycler.queue_max                                      | Total                     | 9
tcp.memuse                                                   | Total                     | 7471104
tcp.reassembly_memuse                                        | Total                     | 1376256
http.byterange.memuse                                        | Total                     | 176384
http.byterange.memcap                                        | Total                     | 104857600
ippair.memuse                                                | Total                     | 406144
ippair.memcap                                                | Total                     | 16777216
host.memuse                                                  | Total                     | 390144
host.memcap                                                  | Total                     | 33554432
flow.memuse                                                  | Total                     | 9817056
---------------------------------------------------------------------------------------------------
Date: 8/26/2026 -- 23:59:45 (uptime: 0d, 00h 06m 16s)
---------------------------------------------------------------------------------------------------
Counter                                                      | TM Name                   | Value
---------------------------------------------------------------------------------------------------
capture.kernel_packets                                       | Total                     | 22161
capture.afpacket.polls                                       | Total                     | 45180
capture.afpacket.poll_timeout                                | Total                     | 43205
capture.afpacket.poll_data                                   | Total                     | 1975
decoder.pkts                                                 | Total                     | 22160
decoder.bytes                                                | Total                     | 11788703
decoder.ipv4                                                 | Total                     | 22130
decoder.ipv6                                                 | Total                     | 30
decoder.ethernet                                             | Total                     | 22160
decoder.tcp                                                  | Total                     | 22156
tcp.syn                                                      | Total                     | 1329
tcp.synack                                                   | Total                     | 1316
tcp.rst                                                      | Total                     | 35
decoder.icmpv6                                               | Total                     | 4
decoder.avg_pkt_size                                         | Total                     | 531
decoder.max_pkt_size                                         | Total                     | 32834
tcp.active_sessions                                          | Total                     | 2
flow.total                                                   | Total                     | 1346
flow.active                                                  | Total                     | 122
flow.tcp                                                     | Total                     | 1344
flow.icmpv6                                                  | Total                     | 2
flow.wrk.spare_sync_avg                                      | Total                     | 99
flow.wrk.spare_sync                                          | Total                     | 23
flow.wrk.spare_sync_incomplete                               | Total                     | 6
flow.wrk.flows_evicted                                       | Total                     | 1
tcp.sessions                                                 | Total                     | 29
tcp.ssn_from_pool                                            | Total                     | 29
tcp.invalid_checksum                                         | Total                     | 10564
flow.end.state.new                                           | Total                     | 1222
flow.end.state.established                                   | Total                     | 2
flow.end.tcp_state.syn_sent                                  | Total                     | 27
flow.mgr.full_hash_pass                                      | Total                     | 41
flow.mgr.rows_per_sec                                        | Total                     | 7208
flow.spare                                                   | Total                     | 10236
flow.mgr.rows_maxlen                                         | Total                     | 2
flow.mgr.flows_checked                                       | Total                     | 2668
flow.mgr.flows_notimeout                                     | Total                     | 1445
flow.mgr.flows_timeout                                       | Total                     | 1223
flow.mgr.flows_evicted                                       | Total                     | 1223
memcap.pressure                                              | Total                     | 11
memcap.pressure_max                                          | Total                     | 11
defrag.memuse                                                | Total                     | 33554432
flow.recycler.recycled                                       | Total                     | 1223
flow.recycler.queue_avg                                      | Total                     | 2
flow.recycler.queue_max                                      | Total                     | 9
tcp.memuse                                                   | Total                     | 7471104
tcp.reassembly_memuse                                        | Total                     | 1376256
http.byterange.memuse                                        | Total                     | 176384
http.byterange.memcap                                        | Total                     | 104857600
ippair.memuse                                                | Total                     | 406144
ippair.memcap                                                | Total                     | 16777216
host.memuse                                                  | Total                     | 390144
host.memcap                                                  | Total                     | 33554432
flow.memuse                                                  | Total                     | 9817056
---------------------------------------------------------------------------------------------------
Date: 8/26/2026 -- 23:59:54 (uptime: 0d, 00h 06m 25s)
---------------------------------------------------------------------------------------------------
Counter                                                      | TM Name                   | Value
---------------------------------------------------------------------------------------------------
capture.kernel_packets                                       | Total                     | 22429
capture.afpacket.polls                                       | Total                     | 45898
capture.afpacket.poll_timeout                                | Total                     | 43893
capture.afpacket.poll_data                                   | Total                     | 2005
decoder.pkts                                                 | Total                     | 22428
decoder.bytes                                                | Total                     | 11891040
decoder.ipv4                                                 | Total                     | 22398
decoder.ipv6                                                 | Total                     | 30
decoder.ethernet                                             | Total                     | 22428
decoder.tcp                                                  | Total                     | 22424
tcp.syn                                                      | Total                     | 1345
tcp.synack                                                   | Total                     | 1332
tcp.rst                                                      | Total                     | 35
decoder.icmpv6                                               | Total                     | 4
decoder.avg_pkt_size                                         | Total                     | 530
decoder.max_pkt_size                                         | Total                     | 32834
tcp.active_sessions                                          | Total                     | 2
flow.total                                                   | Total                     | 1362
flow.active                                                  | Total                     | 127
flow.tcp                                                     | Total                     | 1360
flow.icmpv6                                                  | Total                     | 2
flow.wrk.spare_sync_avg                                      | Total                     | 99
flow.wrk.spare_sync                                          | Total                     | 23
flow.wrk.spare_sync_incomplete                               | Total                     | 6
flow.wrk.flows_evicted                                       | Total                     | 1
tcp.sessions                                                 | Total                     | 29
tcp.ssn_from_pool                                            | Total                     | 29
tcp.invalid_checksum                                         | Total                     | 10690
flow.end.state.new                                           | Total                     | 1233
flow.end.state.established                                   | Total                     | 2
flow.end.tcp_state.syn_sent                                  | Total                     | 27
flow.mgr.full_hash_pass                                      | Total                     | 42
flow.mgr.rows_per_sec                                        | Total                     | 7208
flow.spare                                                   | Total                     | 10245
flow.mgr.rows_maxlen                                         | Total                     | 2
flow.mgr.flows_checked                                       | Total                     | 2690
flow.mgr.flows_notimeout                                     | Total                     | 1456
flow.mgr.flows_timeout                                       | Total                     | 1234
flow.mgr.flows_evicted                                       | Total                     | 1234
memcap.pressure                                              | Total                     | 11
memcap.pressure_max                                          | Total                     | 11
defrag.memuse                                                | Total                     | 33554432
flow.recycler.recycled                                       | Total                     | 1234
flow.recycler.queue_avg                                      | Total                     | 2
flow.recycler.queue_max                                      | Total                     | 9
tcp.memuse                                                   | Total                     | 7471104
tcp.reassembly_memuse                                        | Total                     | 1376256
http.byterange.memuse                                        | Total                     | 176384
http.byterange.memcap                                        | Total                     | 104857600
ippair.memuse                                                | Total                     | 406144
ippair.memcap                                                | Total                     | 16777216
host.memuse                                                  | Total                     | 390144
host.memcap                                                  | Total                     | 33554432
flow.memuse                                                  | Total                     | 9817056
---------------------------------------------------------------------------------------------------
Date: 8/27/2026 -- 00:00:02 (uptime: 0d, 00h 06m 33s)
---------------------------------------------------------------------------------------------------
Counter                                                      | TM Name                   | Value
---------------------------------------------------------------------------------------------------
capture.kernel_packets                                       | Total                     | 22584
capture.afpacket.polls                                       | Total                     | 46975
capture.afpacket.poll_timeout                                | Total                     | 44947
capture.afpacket.poll_data                                   | Total                     | 2028
decoder.pkts                                                 | Total                     | 22630
decoder.bytes                                                | Total                     | 11948913
decoder.ipv4                                                 | Total                     | 22600
decoder.ipv6                                                 | Total                     | 30
decoder.ethernet                                             | Total                     | 22630
decoder.tcp                                                  | Total                     | 22626
tcp.syn                                                      | Total                     | 1358
tcp.synack                                                   | Total                     | 1345
tcp.rst                                                      | Total                     | 35
decoder.icmpv6                                               | Total                     | 4
decoder.avg_pkt_size                                         | Total                     | 528
decoder.max_pkt_size                                         | Total                     | 32834
tcp.active_sessions                                          | Total                     | 2
flow.total                                                   | Total                     | 1375
flow.active                                                  | Total                     | 120
flow.tcp                                                     | Total                     | 1373
flow.icmpv6                                                  | Total                     | 2
flow.wrk.spare_sync_avg                                      | Total                     | 99
flow.wrk.spare_sync                                          | Total                     | 23
flow.wrk.spare_sync_incomplete                               | Total                     | 6
flow.wrk.flows_evicted                                       | Total                     | 1
tcp.sessions                                                 | Total                     | 29
tcp.ssn_from_pool                                            | Total                     | 29
tcp.invalid_checksum                                         | Total                     | 10789
flow.end.state.new                                           | Total                     | 1253
flow.end.state.established                                   | Total                     | 2
flow.end.tcp_state.syn_sent                                  | Total                     | 27
flow.mgr.full_hash_pass                                      | Total                     | 43
flow.mgr.rows_per_sec                                        | Total                     | 7208
flow.spare                                                   | Total                     | 10268
flow.mgr.rows_maxlen                                         | Total                     | 2
flow.mgr.flows_checked                                       | Total                     | 2724
flow.mgr.flows_notimeout                                     | Total                     | 1470
flow.mgr.flows_timeout                                       | Total                     | 1254
flow.mgr.flows_evicted                                       | Total                     | 1254
memcap.pressure                                              | Total                     | 11
memcap.pressure_max                                          | Total                     | 11
defrag.memuse                                                | Total                     | 33554432
flow.recycler.recycled                                       | Total                     | 1254
flow.recycler.queue_avg                                      | Total                     | 2
flow.recycler.queue_max                                      | Total                     | 9
tcp.memuse                                                   | Total                     | 7471104
tcp.reassembly_memuse                                        | Total                     | 1376256
http.byterange.memuse                                        | Total                     | 176384
http.byterange.memcap                                        | Total                     | 104857600
ippair.memuse                                                | Total                     | 406144
ippair.memcap                                                | Total                     | 16777216
host.memuse                                                  | Total                     | 390144
host.memcap                                                  | Total                     | 33554432
flow.memuse                                                  | Total                     | 9817056
---------------------------------------------------------------------------------------------------
Date: 8/27/2026 -- 00:00:10 (uptime: 0d, 00h 06m 41s)
---------------------------------------------------------------------------------------------------
Counter                                                      | TM Name                   | Value
---------------------------------------------------------------------------------------------------
capture.kernel_packets                                       | Total                     | 22657
capture.afpacket.polls                                       | Total                     | 48043
capture.afpacket.poll_timeout                                | Total                     | 46005
capture.afpacket.poll_data                                   | Total                     | 2038
decoder.pkts                                                 | Total                     | 22658
decoder.bytes                                                | Total                     | 11950766
decoder.ipv4                                                 | Total                     | 22628
decoder.ipv6                                                 | Total                     | 30
decoder.ethernet                                             | Total                     | 22658
decoder.tcp                                                  | Total                     | 22654
tcp.syn                                                      | Total                     | 1358
tcp.synack                                                   | Total                     | 1345
tcp.rst                                                      | Total                     | 35
decoder.icmpv6                                               | Total                     | 4
decoder.avg_pkt_size                                         | Total                     | 527
decoder.max_pkt_size                                         | Total                     | 32834
tcp.active_sessions                                          | Total                     | 2
flow.total                                                   | Total                     | 1375
flow.active                                                  | Total                     | 104
flow.tcp                                                     | Total                     | 1373
flow.icmpv6                                                  | Total                     | 2
flow.wrk.spare_sync_avg                                      | Total                     | 99
flow.wrk.spare_sync                                          | Total                     | 23
flow.wrk.spare_sync_incomplete                               | Total                     | 6
flow.wrk.flows_evicted                                       | Total                     | 1
tcp.sessions                                                 | Total                     | 29
tcp.ssn_from_pool                                            | Total                     | 29
tcp.invalid_checksum                                         | Total                     | 10803
flow.end.state.new                                           | Total                     | 1269
flow.end.state.established                                   | Total                     | 2
flow.end.tcp_state.syn_sent                                  | Total                     | 27
flow.mgr.full_hash_pass                                      | Total                     | 44
flow.mgr.rows_per_sec                                        | Total                     | 7208
flow.spare                                                   | Total                     | 10280
flow.mgr.rows_maxlen                                         | Total                     | 2
flow.mgr.flows_checked                                       | Total                     | 2749
flow.mgr.flows_notimeout                                     | Total                     | 1479
flow.mgr.flows_timeout                                       | Total                     | 1270
flow.mgr.flows_evicted                                       | Total                     | 1270
memcap.pressure                                              | Total                     | 11
memcap.pressure_max                                          | Total                     | 11
defrag.memuse                                                | Total                     | 33554432
flow.recycler.recycled                                       | Total                     | 1270
flow.recycler.queue_avg                                      | Total                     | 2
flow.recycler.queue_max                                      | Total                     | 9
tcp.memuse                                                   | Total                     | 7471104
tcp.reassembly_memuse                                        | Total                     | 1376256
http.byterange.memuse                                        | Total                     | 176384
http.byterange.memcap                                        | Total                     | 104857600
ippair.memuse                                                | Total                     | 406144
ippair.memcap                                                | Total                     | 16777216
host.memuse                                                  | Total                     | 390144
host.memcap                                                  | Total                     | 33554432
flow.memuse                                                  | Total                     | 9817056
---------------------------------------------------------------------------------------------------
Date: 8/27/2026 -- 00:00:17 (uptime: 0d, 00h 06m 48s)
---------------------------------------------------------------------------------------------------
Counter                                                      | TM Name                   | Value
---------------------------------------------------------------------------------------------------
capture.kernel_packets                                       | Total                     | 22912
capture.afpacket.polls                                       | Total                     | 48876
capture.afpacket.poll_timeout                                | Total                     | 46791
capture.afpacket.poll_data                                   | Total                     | 2073
decoder.pkts                                                 | Total                     | 22895
decoder.bytes                                                | Total                     | 12028642
decoder.ipv4                                                 | Total                     | 22865
decoder.ipv6                                                 | Total                     | 30
decoder.ethernet                                             | Total                     | 22895
decoder.tcp                                                  | Total                     | 22891
tcp.syn                                                      | Total                     | 1372
tcp.synack                                                   | Total                     | 1359
tcp.rst                                                      | Total                     | 35
decoder.icmpv6                                               | Total                     | 4
decoder.avg_pkt_size                                         | Total                     | 525
decoder.max_pkt_size                                         | Total                     | 32834
flow.total                                                   | Total                     | 1389
flow.tcp                                                     | Total                     | 1387
flow.icmpv6                                                  | Total                     | 2
flow.wrk.spare_sync_avg                                      | Total                     | 99
flow.wrk.spare_sync                                          | Total                     | 23
flow.wrk.spare_sync_incomplete                               | Total                     | 6
flow.wrk.flows_evicted_needs_work                            | Total                     | 1
flow.wrk.flows_evicted_pkt_inject                            | Total                     | 2
flow.wrk.flows_evicted                                       | Total                     | 1
flow.wrk.flows_injected                                      | Total                     | 1
tcp.sessions                                                 | Total                     | 30
tcp.ssn_from_pool                                            | Total                     | 30
tcp.invalid_checksum                                         | Total                     | 10921
flow.end.state.new                                           | Total                     | 1386
flow.end.state.established                                   | Total                     | 3
flow.end.tcp_state.syn_sent                                  | Total                     | 29
flow.end.tcp_state.fin_wait1                                 | Total                     | 1
flow.mgr.full_hash_pass                                      | Total                     | 44
flow.mgr.rows_per_sec                                        | Total                     | 7208
flow.spare                                                   | Total                     | 10293
flow.mgr.rows_maxlen                                         | Total                     | 2
flow.mgr.flows_checked                                       | Total                     | 2766
flow.mgr.flows_notimeout                                     | Total                     | 1487
flow.mgr.flows_timeout                                       | Total                     | 1279
flow.mgr.flows_evicted                                       | Total                     | 1279
memcap.pressure                                              | Total                     | 11
memcap.pressure_max                                          | Total                     | 11
defrag.memuse                                                | Total                     | 33554432
flow.recycler.recycled                                       | Total                     | 1387
flow.recycler.queue_avg                                      | Total                     | 2
flow.recycler.queue_max                                      | Total                     | 83
tcp.memuse                                                   | Total                     | 7471104
tcp.reassembly_memuse                                        | Total                     | 1376256
http.byterange.memuse                                        | Total                     | 176384
http.byterange.memcap                                        | Total                     | 104857600
ippair.memuse                                                | Total                     | 406144
ippair.memcap                                                | Total                     | 16777216
host.memuse                                                  | Total                     | 390144
host.memcap                                                  | Total                     | 33554432
flow.memuse                                                  | Total                     | 9817056
---------------------------------------------------------------------------------------------------
Date: 8/27/2026 -- 00:00:36 (uptime: 0d, 00h 00m 08s)
---------------------------------------------------------------------------------------------------
Counter                                                      | TM Name                   | Value
---------------------------------------------------------------------------------------------------
capture.kernel_packets                                       | Total                     | 850
capture.afpacket.polls                                       | Total                     | 765
capture.afpacket.poll_timeout                                | Total                     | 619
capture.afpacket.poll_data                                   | Total                     | 146
decoder.pkts                                                 | Total                     | 914
decoder.bytes                                                | Total                     | 2668501
decoder.ipv4                                                 | Total                     | 896
decoder.ipv6                                                 | Total                     | 18
decoder.ethernet                                             | Total                     | 914
decoder.tcp                                                  | Total                     | 911
tcp.syn                                                      | Total                     | 17
tcp.synack                                                   | Total                     | 9
tcp.rst                                                      | Total                     | 11
decoder.icmpv6                                               | Total                     | 3
decoder.avg_pkt_size                                         | Total                     | 2919
decoder.max_pkt_size                                         | Total                     | 32834
tcp.active_sessions                                          | Total                     | 12
flow.total                                                   | Total                     | 24
flow.active                                                  | Total                     | 24
flow.tcp                                                     | Total                     | 21
flow.icmpv6                                                  | Total                     | 3
flow.wrk.spare_sync_avg                                      | Total                     | 100
flow.wrk.spare_sync                                          | Total                     | 10
decoder.event.ipv6.zero_len_padn                             | Total                     | 1
tcp.sessions                                                 | Total                     | 12
tcp.ssn_from_pool                                            | Total                     | 12
tcp.invalid_checksum                                         | Total                     | 534
flow.mgr.rows_per_sec                                        | Total                     | 7208
flow.spare                                                   | Total                     | 9000
flow.mgr.rows_maxlen                                         | Total                     | 1
flow.mgr.flows_checked                                       | Total                     | 6
flow.mgr.flows_notimeout                                     | Total                     | 6
memcap.pressure                                              | Total                     | 11
memcap.pressure_max                                          | Total                     | 11
defrag.memuse                                                | Total                     | 33554432
tcp.memuse                                                   | Total                     | 7471104
tcp.reassembly_memuse                                        | Total                     | 1376256
http.byterange.memuse                                        | Total                     | 176384
http.byterange.memcap                                        | Total                     | 104857600
ippair.memuse                                                | Total                     | 406144
ippair.memcap                                                | Total                     | 16777216
host.memuse                                                  | Total                     | 390144
host.memcap                                                  | Total                     | 33554432
flow.memuse                                                  | Total                     | 9411456
---------------------------------------------------------------------------------------------------
Date: 8/27/2026 -- 00:00:44 (uptime: 0d, 00h 00m 16s)
---------------------------------------------------------------------------------------------------
Counter                                                      | TM Name                   | Value
---------------------------------------------------------------------------------------------------
capture.kernel_packets                                       | Total                     | 2947
capture.afpacket.polls                                       | Total                     | 1937
capture.afpacket.poll_timeout                                | Total                     | 1622
capture.afpacket.poll_data                                   | Total                     | 315
decoder.pkts                                                 | Total                     | 2944
decoder.bytes                                                | Total                     | 5776604
decoder.ipv4                                                 | Total                     | 2913
decoder.ipv6                                                 | Total                     | 31
decoder.ethernet                                             | Total                     | 2944
decoder.tcp                                                  | Total                     | 2939
tcp.syn                                                      | Total                     | 62
tcp.synack                                                   | Total                     | 49
tcp.rst                                                      | Total                     | 29
decoder.icmpv6                                               | Total                     | 5
decoder.avg_pkt_size                                         | Total                     | 1962
decoder.max_pkt_size                                         | Total                     | 32834
tcp.active_sessions                                          | Total                     | 22
flow.total                                                   | Total                     | 70
flow.active                                                  | Total                     | 70
flow.tcp                                                     | Total                     | 66
flow.icmpv6                                                  | Total                     | 4
flow.wrk.spare_sync_avg                                      | Total                     | 100
flow.wrk.spare_sync                                          | Total                     | 12
decoder.event.ipv6.zero_len_padn                             | Total                     | 1
tcp.sessions                                                 | Total                     | 22
tcp.ssn_from_pool                                            | Total                     | 22
tcp.invalid_checksum                                         | Total                     | 1446
flow.mgr.full_hash_pass                                      | Total                     | 1
flow.mgr.rows_per_sec                                        | Total                     | 7208
flow.spare                                                   | Total                     | 10100
flow.mgr.rows_maxlen                                         | Total                     | 2
flow.mgr.flows_checked                                       | Total                     | 51
flow.mgr.flows_notimeout                                     | Total                     | 51
memcap.pressure                                              | Total                     | 11
memcap.pressure_max                                          | Total                     | 11
defrag.memuse                                                | Total                     | 33554432
tcp.memuse                                                   | Total                     | 7471104
tcp.reassembly_memuse                                        | Total                     | 1376256
http.byterange.memuse                                        | Total                     | 176384
http.byterange.memcap                                        | Total                     | 104857600
ippair.memuse                                                | Total                     | 406144
ippair.memcap                                                | Total                     | 16777216
host.memuse                                                  | Total                     | 390144
host.memcap                                                  | Total                     | 33554432
flow.memuse                                                  | Total                     | 9817056
---------------------------------------------------------------------------------------------------
Date: 8/27/2026 -- 00:00:52 (uptime: 0d, 00h 00m 24s)
---------------------------------------------------------------------------------------------------
Counter                                                      | TM Name                   | Value
---------------------------------------------------------------------------------------------------
capture.kernel_packets                                       | Total                     | 3091
capture.afpacket.polls                                       | Total                     | 2655
capture.afpacket.poll_timeout                                | Total                     | 2322
capture.afpacket.poll_data                                   | Total                     | 333
decoder.pkts                                                 | Total                     | 3088
decoder.bytes                                                | Total                     | 5818346
decoder.ipv4                                                 | Total                     | 3057
decoder.ipv6                                                 | Total                     | 31
decoder.ethernet                                             | Total                     | 3088
decoder.tcp                                                  | Total                     | 3083
tcp.syn                                                      | Total                     | 75
tcp.synack                                                   | Total                     | 62
tcp.rst                                                      | Total                     | 29
decoder.icmpv6                                               | Total                     | 5
decoder.avg_pkt_size                                         | Total                     | 1884
decoder.max_pkt_size                                         | Total                     | 32834
tcp.active_sessions                                          | Total                     | 22
flow.total                                                   | Total                     | 86
flow.active                                                  | Total                     | 86
flow.tcp                                                     | Total                     | 82
flow.icmpv6                                                  | Total                     | 4
flow.wrk.spare_sync_avg                                      | Total                     | 100
flow.wrk.spare_sync                                          | Total                     | 12
decoder.event.ipv6.zero_len_padn                             | Total                     | 1
tcp.sessions                                                 | Total                     | 22
tcp.ssn_from_pool                                            | Total                     | 22
tcp.invalid_checksum                                         | Total                     | 1518
flow.mgr.full_hash_pass                                      | Total                     | 2
flow.mgr.rows_per_sec                                        | Total                     | 7208
flow.spare                                                   | Total                     | 10100
flow.mgr.rows_maxlen                                         | Total                     | 2
flow.mgr.flows_checked                                       | Total                     | 72
flow.mgr.flows_notimeout                                     | Total                     | 72
memcap.pressure                                              | Total                     | 11
memcap.pressure_max                                          | Total                     | 11
defrag.memuse                                                | Total                     | 33554432
tcp.memuse                                                   | Total                     | 7471104
tcp.reassembly_memuse                                        | Total                     | 1376256
http.byterange.memuse                                        | Total                     | 176384
http.byterange.memcap                                        | Total                     | 104857600
ippair.memuse                                                | Total                     | 406144
ippair.memcap                                                | Total                     | 16777216
host.memuse                                                  | Total                     | 390144
host.memcap                                                  | Total                     | 33554432
flow.memuse                                                  | Total                     | 9817056
---------------------------------------------------------------------------------------------------
Date: 8/27/2026 -- 00:01:00 (uptime: 0d, 00h 00m 32s)
---------------------------------------------------------------------------------------------------
Counter                                                      | TM Name                   | Value
---------------------------------------------------------------------------------------------------
capture.kernel_packets                                       | Total                     | 3161
capture.afpacket.polls                                       | Total                     | 3721
capture.afpacket.poll_timeout                                | Total                     | 3375
capture.afpacket.poll_data                                   | Total                     | 346
decoder.pkts                                                 | Total                     | 3158
decoder.bytes                                                | Total                     | 5835341
decoder.ipv4                                                 | Total                     | 3127
decoder.ipv6                                                 | Total                     | 31
decoder.ethernet                                             | Total                     | 3158
decoder.tcp                                                  | Total                     | 3153
tcp.syn                                                      | Total                     | 75
tcp.synack                                                   | Total                     | 62
tcp.rst                                                      | Total                     | 29
decoder.icmpv6                                               | Total                     | 5
decoder.avg_pkt_size                                         | Total                     | 1847
decoder.max_pkt_size                                         | Total                     | 32834
tcp.active_sessions                                          | Total                     | 22
flow.total                                                   | Total                     | 86
flow.active                                                  | Total                     | 86
flow.tcp                                                     | Total                     | 82
flow.icmpv6                                                  | Total                     | 4
flow.wrk.spare_sync_avg                                      | Total                     | 100
flow.wrk.spare_sync                                          | Total                     | 12
decoder.event.ipv6.zero_len_padn                             | Total                     | 1
tcp.sessions                                                 | Total                     | 22
tcp.ssn_from_pool                                            | Total                     | 22
tcp.invalid_checksum                                         | Total                     | 1550
flow.mgr.full_hash_pass                                      | Total                     | 3
flow.mgr.rows_per_sec                                        | Total                     | 7208
flow.spare                                                   | Total                     | 10100
flow.mgr.rows_maxlen                                         | Total                     | 2
flow.mgr.flows_checked                                       | Total                     | 87
flow.mgr.flows_notimeout                                     | Total                     | 87
memcap.pressure                                              | Total                     | 11
memcap.pressure_max                                          | Total                     | 11
defrag.memuse                                                | Total                     | 33554432
tcp.memuse                                                   | Total                     | 7471104
tcp.reassembly_memuse                                        | Total                     | 1376256
http.byterange.memuse                                        | Total                     | 176384
http.byterange.memcap                                        | Total                     | 104857600
ippair.memuse                                                | Total                     | 406144
ippair.memcap                                                | Total                     | 16777216
host.memuse                                                  | Total                     | 390144
host.memcap                                                  | Total                     | 33554432
flow.memuse                                                  | Total                     | 9817056
---------------------------------------------------------------------------------------------------
Date: 8/27/2026 -- 00:01:08 (uptime: 0d, 00h 00m 40s)
---------------------------------------------------------------------------------------------------
Counter                                                      | TM Name                   | Value
---------------------------------------------------------------------------------------------------
capture.kernel_packets                                       | Total                     | 3452
capture.afpacket.polls                                       | Total                     | 4803
capture.afpacket.poll_timeout                                | Total                     | 4413
capture.afpacket.poll_data                                   | Total                     | 390
decoder.pkts                                                 | Total                     | 3455
decoder.bytes                                                | Total                     | 6012178
decoder.ipv4                                                 | Total                     | 3422
decoder.ipv6                                                 | Total                     | 33
decoder.ethernet                                             | Total                     | 3455
decoder.tcp                                                  | Total                     | 3450
tcp.syn                                                      | Total                     | 94
tcp.synack                                                   | Total                     | 80
tcp.rst                                                      | Total                     | 31
decoder.icmpv6                                               | Total                     | 5
decoder.avg_pkt_size                                         | Total                     | 1740
decoder.max_pkt_size                                         | Total                     | 32834
tcp.active_sessions                                          | Total                     | 25
flow.total                                                   | Total                     | 105
flow.active                                                  | Total                     | 104
flow.tcp                                                     | Total                     | 101
flow.icmpv6                                                  | Total                     | 4
flow.wrk.spare_sync_avg                                      | Total                     | 100
flow.wrk.spare_sync                                          | Total                     | 12
decoder.event.ipv6.zero_len_padn                             | Total                     | 1
tcp.sessions                                                 | Total                     | 25
tcp.ssn_from_pool                                            | Total                     | 25
tcp.invalid_checksum                                         | Total                     | 1689
flow.end.state.new                                           | Total                     | 1
flow.mgr.full_hash_pass                                      | Total                     | 4
flow.mgr.rows_per_sec                                        | Total                     | 7208
flow.spare                                                   | Total                     | 10101
flow.mgr.rows_maxlen                                         | Total                     | 2
flow.mgr.flows_checked                                       | Total                     | 102
flow.mgr.flows_notimeout                                     | Total                     | 101
flow.mgr.flows_timeout                                       | Total                     | 1
flow.mgr.flows_evicted                                       | Total                     | 1
memcap.pressure                                              | Total                     | 11
memcap.pressure_max                                          | Total                     | 11
defrag.memuse                                                | Total                     | 33554432
flow.recycler.recycled                                       | Total                     | 1
flow.recycler.queue_max                                      | Total                     | 1
tcp.memuse                                                   | Total                     | 7471104
tcp.reassembly_memuse                                        | Total                     | 1376256
http.byterange.memuse                                        | Total                     | 176384
http.byterange.memcap                                        | Total                     | 104857600
ippair.memuse                                                | Total                     | 406144
ippair.memcap                                                | Total                     | 16777216
host.memuse                                                  | Total                     | 390144
host.memcap                                                  | Total                     | 33554432
flow.memuse                                                  | Total                     | 9817056
---------------------------------------------------------------------------------------------------
Date: 8/27/2026 -- 00:01:16 (uptime: 0d, 00h 00m 48s)
---------------------------------------------------------------------------------------------------
Counter                                                      | TM Name                   | Value
---------------------------------------------------------------------------------------------------
capture.kernel_packets                                       | Total                     | 3667
capture.afpacket.polls                                       | Total                     | 5524
capture.afpacket.poll_timeout                                | Total                     | 5106
capture.afpacket.poll_data                                   | Total                     | 418
decoder.pkts                                                 | Total                     | 3664
decoder.bytes                                                | Total                     | 6070620
decoder.ipv4                                                 | Total                     | 3629
decoder.ipv6                                                 | Total                     | 35
decoder.ethernet                                             | Total                     | 3664
decoder.tcp                                                  | Total                     | 3657
tcp.syn                                                      | Total                     | 107
tcp.synack                                                   | Total                     | 93
tcp.rst                                                      | Total                     | 33
decoder.icmpv6                                               | Total                     | 7
decoder.avg_pkt_size                                         | Total                     | 1656
decoder.max_pkt_size                                         | Total                     | 32834
tcp.active_sessions                                          | Total                     | 25
flow.total                                                   | Total                     | 118
flow.active                                                  | Total                     | 115
flow.tcp                                                     | Total                     | 114
flow.icmpv6                                                  | Total                     | 4
flow.wrk.spare_sync_avg                                      | Total                     | 100
flow.wrk.spare_sync                                          | Total                     | 12
decoder.event.ipv6.zero_len_padn                             | Total                     | 1
tcp.sessions                                                 | Total                     | 25
tcp.ssn_from_pool                                            | Total                     | 25
tcp.invalid_checksum                                         | Total                     | 1790
flow.end.state.new                                           | Total                     | 3
flow.mgr.full_hash_pass                                      | Total                     | 5
flow.mgr.rows_per_sec                                        | Total                     | 7208
flow.spare                                                   | Total                     | 10103
flow.mgr.rows_maxlen                                         | Total                     | 2
flow.mgr.flows_checked                                       | Total                     | 114
flow.mgr.flows_notimeout                                     | Total                     | 111
flow.mgr.flows_timeout                                       | Total                     | 3
flow.mgr.flows_evicted                                       | Total                     | 3
memcap.pressure                                              | Total                     | 11
memcap.pressure_max                                          | Total                     | 11
defrag.memuse                                                | Total                     | 33554432
flow.recycler.recycled                                       | Total                     | 3
flow.recycler.queue_max                                      | Total                     | 2
tcp.memuse                                                   | Total                     | 7471104
tcp.reassembly_memuse                                        | Total                     | 1376256
http.byterange.memuse                                        | Total                     | 176384
http.byterange.memcap                                        | Total                     | 104857600
ippair.memuse                                                | Total                     | 406144
ippair.memcap                                                | Total                     | 16777216
host.memuse                                                  | Total                     | 390144
host.memcap                                                  | Total                     | 33554432
flow.memuse                                                  | Total                     | 9817056
---------------------------------------------------------------------------------------------------
Date: 8/27/2026 -- 00:01:24 (uptime: 0d, 00h 00m 56s)
---------------------------------------------------------------------------------------------------
Counter                                                      | TM Name                   | Value
---------------------------------------------------------------------------------------------------
capture.kernel_packets                                       | Total                     | 3865
capture.afpacket.polls                                       | Total                     | 6595
capture.afpacket.poll_timeout                                | Total                     | 6153
capture.afpacket.poll_data                                   | Total                     | 442
decoder.pkts                                                 | Total                     | 3862
decoder.bytes                                                | Total                     | 6128304
decoder.ipv4                                                 | Total                     | 3827
decoder.ipv6                                                 | Total                     | 35
decoder.ethernet                                             | Total                     | 3862
decoder.tcp                                                  | Total                     | 3855
tcp.syn                                                      | Total                     | 120
tcp.synack                                                   | Total                     | 106
tcp.rst                                                      | Total                     | 33
decoder.icmpv6                                               | Total                     | 7
decoder.avg_pkt_size                                         | Total                     | 1586
decoder.max_pkt_size                                         | Total                     | 32834
tcp.active_sessions                                          | Total                     | 25
flow.total                                                   | Total                     | 131
flow.active                                                  | Total                     | 128
flow.tcp                                                     | Total                     | 127
flow.icmpv6                                                  | Total                     | 4
flow.wrk.spare_sync_avg                                      | Total                     | 100
flow.wrk.spare_sync                                          | Total                     | 12
decoder.event.ipv6.zero_len_padn                             | Total                     | 1
tcp.sessions                                                 | Total                     | 25
tcp.ssn_from_pool                                            | Total                     | 25
tcp.invalid_checksum                                         | Total                     | 1884
flow.end.state.new                                           | Total                     | 3
flow.mgr.full_hash_pass                                      | Total                     | 6
flow.mgr.rows_per_sec                                        | Total                     | 7208
flow.spare                                                   | Total                     | 10103
flow.mgr.rows_maxlen                                         | Total                     | 2
flow.mgr.flows_checked                                       | Total                     | 133
flow.mgr.flows_notimeout                                     | Total                     | 130
flow.mgr.flows_timeout                                       | Total                     | 3
flow.mgr.flows_evicted                                       | Total                     | 3
memcap.pressure                                              | Total                     | 11
memcap.pressure_max                                          | Total                     | 11
defrag.memuse                                                | Total                     | 33554432
flow.recycler.recycled                                       | Total                     | 3
flow.recycler.queue_max                                      | Total                     | 2
tcp.memuse                                                   | Total                     | 7471104
tcp.reassembly_memuse                                        | Total                     | 1376256
http.byterange.memuse                                        | Total                     | 176384
http.byterange.memcap                                        | Total                     | 104857600
ippair.memuse                                                | Total                     | 406144
ippair.memcap                                                | Total                     | 16777216
host.memuse                                                  | Total                     | 390144
host.memcap                                                  | Total                     | 33554432
flow.memuse                                                  | Total                     | 9817056
---------------------------------------------------------------------------------------------------
Date: 8/27/2026 -- 00:01:32 (uptime: 0d, 00h 01m 04s)
---------------------------------------------------------------------------------------------------
Counter                                                      | TM Name                   | Value
---------------------------------------------------------------------------------------------------
capture.kernel_packets                                       | Total                     | 4224
capture.afpacket.polls                                       | Total                     | 7687
capture.afpacket.poll_timeout                                | Total                     | 7197
capture.afpacket.poll_data                                   | Total                     | 490
decoder.pkts                                                 | Total                     | 4221
decoder.bytes                                                | Total                     | 6248635
decoder.ipv4                                                 | Total                     | 4186
decoder.ipv6                                                 | Total                     | 35
decoder.ethernet                                             | Total                     | 4221
decoder.tcp                                                  | Total                     | 4214
tcp.syn                                                      | Total                     | 143
tcp.synack                                                   | Total                     | 129
tcp.rst                                                      | Total                     | 33
decoder.icmpv6                                               | Total                     | 7
decoder.avg_pkt_size                                         | Total                     | 1480
decoder.max_pkt_size                                         | Total                     | 32834
tcp.active_sessions                                          | Total                     | 26
flow.total                                                   | Total                     | 154
flow.active                                                  | Total                     | 151
flow.tcp                                                     | Total                     | 150
flow.icmpv6                                                  | Total                     | 4
flow.wrk.spare_sync_avg                                      | Total                     | 100
flow.wrk.spare_sync                                          | Total                     | 12
decoder.event.ipv6.zero_len_padn                             | Total                     | 1
tcp.sessions                                                 | Total                     | 26
tcp.ssn_from_pool                                            | Total                     | 26
tcp.invalid_checksum                                         | Total                     | 2050
flow.end.state.new                                           | Total                     | 3
flow.mgr.full_hash_pass                                      | Total                     | 7
flow.mgr.rows_per_sec                                        | Total                     | 7208
flow.spare                                                   | Total                     | 10103
flow.mgr.rows_maxlen                                         | Total                     | 2
flow.mgr.flows_checked                                       | Total                     | 151
flow.mgr.flows_notimeout                                     | Total                     | 148
flow.mgr.flows_timeout                                       | Total                     | 3
flow.mgr.flows_evicted                                       | Total                     | 3
memcap.pressure                                              | Total                     | 11
memcap.pressure_max                                          | Total                     | 11
defrag.memuse                                                | Total                     | 33554432
flow.recycler.recycled                                       | Total                     | 3
flow.recycler.queue_max                                      | Total                     | 2
tcp.memuse                                                   | Total                     | 7471104
tcp.reassembly_memuse                                        | Total                     | 1376256
http.byterange.memuse                                        | Total                     | 176384
http.byterange.memcap                                        | Total                     | 104857600
ippair.memuse                                                | Total                     | 406144
ippair.memcap                                                | Total                     | 16777216
host.memuse                                                  | Total                     | 390144
host.memcap                                                  | Total                     | 33554432
flow.memuse                                                  | Total                     | 9817056
---------------------------------------------------------------------------------------------------
Date: 8/27/2026 -- 00:01:40 (uptime: 0d, 00h 01m 12s)
---------------------------------------------------------------------------------------------------
Counter                                                      | TM Name                   | Value
---------------------------------------------------------------------------------------------------
capture.kernel_packets                                       | Total                     | 4301
capture.afpacket.polls                                       | Total                     | 8398
capture.afpacket.poll_timeout                                | Total                     | 7899
capture.afpacket.poll_data                                   | Total                     | 499
decoder.pkts                                                 | Total                     | 4298
decoder.bytes                                                | Total                     | 6290124
decoder.ipv4                                                 | Total                     | 4263
decoder.ipv6                                                 | Total                     | 35
decoder.ethernet                                             | Total                     | 4298
decoder.tcp                                                  | Total                     | 4291
tcp.syn                                                      | Total                     | 146
tcp.synack                                                   | Total                     | 132
tcp.rst                                                      | Total                     | 33
decoder.icmpv6                                               | Total                     | 7
decoder.avg_pkt_size                                         | Total                     | 1463
decoder.max_pkt_size                                         | Total                     | 32834
tcp.active_sessions                                          | Total                     | 21
flow.total                                                   | Total                     | 157
flow.active                                                  | Total                     | 146
flow.tcp                                                     | Total                     | 153
flow.icmpv6                                                  | Total                     | 4
flow.wrk.spare_sync_avg                                      | Total                     | 100
flow.wrk.spare_sync                                          | Total                     | 12
decoder.event.ipv6.zero_len_padn                             | Total                     | 1
tcp.sessions                                                 | Total                     | 26
tcp.ssn_from_pool                                            | Total                     | 26
tcp.invalid_checksum                                         | Total                     | 2083
flow.end.state.new                                           | Total                     | 11
flow.end.tcp_state.syn_sent                                  | Total                     | 5
flow.mgr.full_hash_pass                                      | Total                     | 7
flow.mgr.rows_per_sec                                        | Total                     | 7208
flow.spare                                                   | Total                     | 10108
flow.mgr.rows_maxlen                                         | Total                     | 2
flow.mgr.flows_checked                                       | Total                     | 171
flow.mgr.flows_notimeout                                     | Total                     | 160
flow.mgr.flows_timeout                                       | Total                     | 11
flow.mgr.flows_evicted                                       | Total                     | 11
memcap.pressure                                              | Total                     | 11
memcap.pressure_max                                          | Total                     | 11
defrag.memuse                                                | Total                     | 33554432
flow.recycler.recycled                                       | Total                     | 11
flow.recycler.queue_max                                      | Total                     | 3
tcp.memuse                                                   | Total                     | 7471104
tcp.reassembly_memuse                                        | Total                     | 1376256
http.byterange.memuse                                        | Total                     | 176384
http.byterange.memcap                                        | Total                     | 104857600
ippair.memuse                                                | Total                     | 406144
ippair.memcap                                                | Total                     | 16777216
host.memuse                                                  | Total                     | 390144
host.memcap                                                  | Total                     | 33554432
flow.memuse                                                  | Total                     | 9817056
---------------------------------------------------------------------------------------------------
Date: 8/27/2026 -- 00:01:48 (uptime: 0d, 00h 01m 20s)
---------------------------------------------------------------------------------------------------
Counter                                                      | TM Name                   | Value
---------------------------------------------------------------------------------------------------
capture.kernel_packets                                       | Total                     | 4510
capture.afpacket.polls                                       | Total                     | 9475
capture.afpacket.poll_timeout                                | Total                     | 8945
capture.afpacket.poll_data                                   | Total                     | 530
decoder.pkts                                                 | Total                     | 4507
decoder.bytes                                                | Total                     | 6348561
decoder.ipv4                                                 | Total                     | 4472
decoder.ipv6                                                 | Total                     | 35
decoder.ethernet                                             | Total                     | 4507
decoder.tcp                                                  | Total                     | 4500
tcp.syn                                                      | Total                     | 159
tcp.synack                                                   | Total                     | 145
tcp.rst                                                      | Total                     | 33
decoder.icmpv6                                               | Total                     | 7
decoder.avg_pkt_size                                         | Total                     | 1408
decoder.max_pkt_size                                         | Total                     | 32834
tcp.active_sessions                                          | Total                     | 6
flow.total                                                   | Total                     | 170
flow.active                                                  | Total                     | 116
flow.tcp                                                     | Total                     | 166
flow.icmpv6                                                  | Total                     | 4
flow.wrk.spare_sync_avg                                      | Total                     | 100
flow.wrk.spare_sync                                          | Total                     | 12
decoder.event.ipv6.zero_len_padn                             | Total                     | 1
tcp.sessions                                                 | Total                     | 26
tcp.ssn_from_pool                                            | Total                     | 26
tcp.invalid_checksum                                         | Total                     | 2185
flow.end.state.new                                           | Total                     | 54
flow.end.tcp_state.syn_sent                                  | Total                     | 20
flow.mgr.full_hash_pass                                      | Total                     | 8
flow.mgr.rows_per_sec                                        | Total                     | 7208
flow.spare                                                   | Total                     | 10149
flow.mgr.rows_maxlen                                         | Total                     | 2
flow.mgr.flows_checked                                       | Total                     | 237
flow.mgr.flows_notimeout                                     | Total                     | 183
flow.mgr.flows_timeout                                       | Total                     | 54
flow.mgr.flows_evicted                                       | Total                     | 54
memcap.pressure                                              | Total                     | 11
memcap.pressure_max                                          | Total                     | 11
defrag.memuse                                                | Total                     | 33554432
flow.recycler.recycled                                       | Total                     | 54
flow.recycler.queue_max                                      | Total                     | 7
tcp.memuse                                                   | Total                     | 7471104
tcp.reassembly_memuse                                        | Total                     | 1376256
http.byterange.memuse                                        | Total                     | 176384
http.byterange.memcap                                        | Total                     | 104857600
ippair.memuse                                                | Total                     | 406144
ippair.memcap                                                | Total                     | 16777216
host.memuse                                                  | Total                     | 390144
host.memcap                                                  | Total                     | 33554432
flow.memuse                                                  | Total                     | 9817056
---------------------------------------------------------------------------------------------------
Date: 8/27/2026 -- 00:01:56 (uptime: 0d, 00h 01m 28s)
---------------------------------------------------------------------------------------------------
Counter                                                      | TM Name                   | Value
---------------------------------------------------------------------------------------------------
capture.kernel_packets                                       | Total                     | 4710
capture.afpacket.polls                                       | Total                     | 10551
capture.afpacket.poll_timeout                                | Total                     | 9994
capture.afpacket.poll_data                                   | Total                     | 557
decoder.pkts                                                 | Total                     | 4707
decoder.bytes                                                | Total                     | 6406406
decoder.ipv4                                                 | Total                     | 4672
decoder.ipv6                                                 | Total                     | 35
decoder.ethernet                                             | Total                     | 4707
decoder.tcp                                                  | Total                     | 4700
tcp.syn                                                      | Total                     | 172
tcp.synack                                                   | Total                     | 158
tcp.rst                                                      | Total                     | 33
decoder.icmpv6                                               | Total                     | 7
decoder.avg_pkt_size                                         | Total                     | 1361
decoder.max_pkt_size                                         | Total                     | 32834
tcp.active_sessions                                          | Total                     | 4
flow.total                                                   | Total                     | 183
flow.active                                                  | Total                     | 116
flow.tcp                                                     | Total                     | 179
flow.icmpv6                                                  | Total                     | 4
flow.wrk.spare_sync_avg                                      | Total                     | 100
flow.wrk.spare_sync                                          | Total                     | 12
decoder.event.ipv6.zero_len_padn                             | Total                     | 1
tcp.sessions                                                 | Total                     | 26
tcp.ssn_from_pool                                            | Total                     | 26
tcp.invalid_checksum                                         | Total                     | 2282
flow.end.state.new                                           | Total                     | 67
flow.end.tcp_state.syn_sent                                  | Total                     | 22
flow.mgr.full_hash_pass                                      | Total                     | 9
flow.mgr.rows_per_sec                                        | Total                     | 7208
flow.spare                                                   | Total                     | 10166
flow.mgr.rows_maxlen                                         | Total                     | 2
flow.mgr.flows_checked                                       | Total                     | 267
flow.mgr.flows_notimeout                                     | Total                     | 200
flow.mgr.flows_timeout                                       | Total                     | 67
flow.mgr.flows_evicted                                       | Total                     | 67
memcap.pressure                                              | Total                     | 11
memcap.pressure_max                                          | Total                     | 11
defrag.memuse                                                | Total                     | 33554432
flow.recycler.recycled                                       | Total                     | 67
flow.recycler.queue_max                                      | Total                     | 7
tcp.memuse                                                   | Total                     | 7471104
tcp.reassembly_memuse                                        | Total                     | 1376256
http.byterange.memuse                                        | Total                     | 176384
http.byterange.memcap                                        | Total                     | 104857600
ippair.memuse                                                | Total                     | 406144
ippair.memcap                                                | Total                     | 16777216
host.memuse                                                  | Total                     | 390144
host.memcap                                                  | Total                     | 33554432
flow.memuse                                                  | Total                     | 9817056
---------------------------------------------------------------------------------------------------
Date: 8/27/2026 -- 00:02:04 (uptime: 0d, 00h 01m 36s)
---------------------------------------------------------------------------------------------------
Counter                                                      | TM Name                   | Value
---------------------------------------------------------------------------------------------------
capture.kernel_packets                                       | Total                     | 4908
capture.afpacket.polls                                       | Total                     | 11269
capture.afpacket.poll_timeout                                | Total                     | 10687
capture.afpacket.poll_data                                   | Total                     | 582
decoder.pkts                                                 | Total                     | 4905
decoder.bytes                                                | Total                     | 6464124
decoder.ipv4                                                 | Total                     | 4870
decoder.ipv6                                                 | Total                     | 35
decoder.ethernet                                             | Total                     | 4905
decoder.tcp                                                  | Total                     | 4898
tcp.syn                                                      | Total                     | 185
tcp.synack                                                   | Total                     | 171
tcp.rst                                                      | Total                     | 33
decoder.icmpv6                                               | Total                     | 7
decoder.avg_pkt_size                                         | Total                     | 1317
decoder.max_pkt_size                                         | Total                     | 32834
tcp.active_sessions                                          | Total                     | 4
flow.total                                                   | Total                     | 196
flow.active                                                  | Total                     | 116
flow.tcp                                                     | Total                     | 192
flow.icmpv6                                                  | Total                     | 4
flow.wrk.spare_sync_avg                                      | Total                     | 100
flow.wrk.spare_sync                                          | Total                     | 12
decoder.event.ipv6.zero_len_padn                             | Total                     | 1
tcp.sessions                                                 | Total                     | 26
tcp.ssn_from_pool                                            | Total                     | 26
tcp.invalid_checksum                                         | Total                     | 2377
flow.end.state.new                                           | Total                     | 80
flow.end.tcp_state.syn_sent                                  | Total                     | 22
flow.mgr.full_hash_pass                                      | Total                     | 10
flow.mgr.rows_per_sec                                        | Total                     | 7208
flow.spare                                                   | Total                     | 10176
flow.mgr.rows_maxlen                                         | Total                     | 2
flow.mgr.flows_checked                                       | Total                     | 285
flow.mgr.flows_notimeout                                     | Total                     | 205
flow.mgr.flows_timeout                                       | Total                     | 80
flow.mgr.flows_evicted                                       | Total                     | 80
memcap.pressure                                              | Total                     | 11
memcap.pressure_max                                          | Total                     | 11
defrag.memuse                                                | Total                     | 33554432
flow.recycler.recycled                                       | Total                     | 80
flow.recycler.queue_max                                      | Total                     | 7
tcp.memuse                                                   | Total                     | 7471104
tcp.reassembly_memuse                                        | Total                     | 1376256
http.byterange.memuse                                        | Total                     | 176384
http.byterange.memcap                                        | Total                     | 104857600
ippair.memuse                                                | Total                     | 406144
ippair.memcap                                                | Total                     | 16777216
host.memuse                                                  | Total                     | 390144
host.memcap                                                  | Total                     | 33554432
flow.memuse                                                  | Total                     | 9817056
---------------------------------------------------------------------------------------------------
Date: 8/27/2026 -- 00:02:12 (uptime: 0d, 00h 01m 44s)
---------------------------------------------------------------------------------------------------
Counter                                                      | TM Name                   | Value
---------------------------------------------------------------------------------------------------
capture.kernel_packets                                       | Total                     | 5138
capture.afpacket.polls                                       | Total                     | 12340
capture.afpacket.poll_timeout                                | Total                     | 11736
capture.afpacket.poll_data                                   | Total                     | 604
decoder.pkts                                                 | Total                     | 5135
decoder.bytes                                                | Total                     | 6552269
decoder.ipv4                                                 | Total                     | 5100
decoder.ipv6                                                 | Total                     | 35
decoder.ethernet                                             | Total                     | 5135
decoder.tcp                                                  | Total                     | 5128
tcp.syn                                                      | Total                     | 202
tcp.synack                                                   | Total                     | 188
tcp.rst                                                      | Total                     | 34
decoder.icmpv6                                               | Total                     | 7
decoder.avg_pkt_size                                         | Total                     | 1276
decoder.max_pkt_size                                         | Total                     | 32834
tcp.active_sessions                                          | Total                     | 5
flow.total                                                   | Total                     | 213
flow.active                                                  | Total                     | 124
flow.tcp                                                     | Total                     | 209
flow.icmpv6                                                  | Total                     | 4
flow.wrk.spare_sync_avg                                      | Total                     | 100
flow.wrk.spare_sync                                          | Total                     | 12
decoder.event.ipv6.zero_len_padn                             | Total                     | 1
tcp.sessions                                                 | Total                     | 27
tcp.ssn_from_pool                                            | Total                     | 27
tcp.invalid_checksum                                         | Total                     | 2484
flow.end.state.new                                           | Total                     | 89
flow.end.tcp_state.syn_sent                                  | Total                     | 22
flow.mgr.full_hash_pass                                      | Total                     | 11
flow.mgr.rows_per_sec                                        | Total                     | 7208
flow.spare                                                   | Total                     | 10187
flow.mgr.rows_maxlen                                         | Total                     | 2
flow.mgr.flows_checked                                       | Total                     | 314
flow.mgr.flows_notimeout                                     | Total                     | 225
flow.mgr.flows_timeout                                       | Total                     | 89
flow.mgr.flows_evicted                                       | Total                     | 89
memcap.pressure                                              | Total                     | 11
memcap.pressure_max                                          | Total                     | 11
defrag.memuse                                                | Total                     | 33554432
flow.recycler.recycled                                       | Total                     | 89
flow.recycler.queue_max                                      | Total                     | 7
tcp.memuse                                                   | Total                     | 7471104
tcp.reassembly_memuse                                        | Total                     | 1376256
http.byterange.memuse                                        | Total                     | 176384
http.byterange.memcap                                        | Total                     | 104857600
ippair.memuse                                                | Total                     | 406144
ippair.memcap                                                | Total                     | 16777216
host.memuse                                                  | Total                     | 390144
host.memcap                                                  | Total                     | 33554432
flow.memuse                                                  | Total                     | 9817056
---------------------------------------------------------------------------------------------------
Date: 8/27/2026 -- 00:02:20 (uptime: 0d, 00h 01m 52s)
---------------------------------------------------------------------------------------------------
Counter                                                      | TM Name                   | Value
---------------------------------------------------------------------------------------------------
capture.kernel_packets                                       | Total                     | 5324
capture.afpacket.polls                                       | Total                     | 13413
capture.afpacket.poll_timeout                                | Total                     | 12784
capture.afpacket.poll_data                                   | Total                     | 629
decoder.pkts                                                 | Total                     | 5323
decoder.bytes                                                | Total                     | 6605038
decoder.ipv4                                                 | Total                     | 5288
decoder.ipv6                                                 | Total                     | 35
decoder.ethernet                                             | Total                     | 5323
decoder.tcp                                                  | Total                     | 5316
tcp.syn                                                      | Total                     | 215
tcp.synack                                                   | Total                     | 201
tcp.rst                                                      | Total                     | 34
decoder.icmpv6                                               | Total                     | 7
decoder.avg_pkt_size                                         | Total                     | 1240
decoder.max_pkt_size                                         | Total                     | 32834
tcp.active_sessions                                          | Total                     | 2
flow.total                                                   | Total                     | 226
flow.active                                                  | Total                     | 122
flow.tcp                                                     | Total                     | 222
flow.icmpv6                                                  | Total                     | 4
flow.wrk.spare_sync_avg                                      | Total                     | 100
flow.wrk.spare_sync                                          | Total                     | 12
decoder.event.ipv6.zero_len_padn                             | Total                     | 1
tcp.sessions                                                 | Total                     | 27
tcp.ssn_from_pool                                            | Total                     | 27
tcp.invalid_checksum                                         | Total                     | 2576
flow.end.state.new                                           | Total                     | 104
flow.end.tcp_state.syn_sent                                  | Total                     | 25
flow.mgr.full_hash_pass                                      | Total                     | 12
flow.mgr.rows_per_sec                                        | Total                     | 7208
flow.spare                                                   | Total                     | 10203
flow.mgr.rows_maxlen                                         | Total                     | 2
flow.mgr.flows_checked                                       | Total                     | 339
flow.mgr.flows_notimeout                                     | Total                     | 235
flow.mgr.flows_timeout                                       | Total                     | 104
flow.mgr.flows_evicted                                       | Total                     | 104
memcap.pressure                                              | Total                     | 11
memcap.pressure_max                                          | Total                     | 11
defrag.memuse                                                | Total                     | 33554432
flow.recycler.recycled                                       | Total                     | 104
flow.recycler.queue_max                                      | Total                     | 7
tcp.memuse                                                   | Total                     | 7471104
tcp.reassembly_memuse                                        | Total                     | 1376256
http.byterange.memuse                                        | Total                     | 176384
http.byterange.memcap                                        | Total                     | 104857600
ippair.memuse                                                | Total                     | 406144
ippair.memcap                                                | Total                     | 16777216
host.memuse                                                  | Total                     | 390144
host.memcap                                                  | Total                     | 33554432
flow.memuse                                                  | Total                     | 9817056
---------------------------------------------------------------------------------------------------
Date: 8/27/2026 -- 00:02:28 (uptime: 0d, 00h 02m 00s)
---------------------------------------------------------------------------------------------------
Counter                                                      | TM Name                   | Value
---------------------------------------------------------------------------------------------------
capture.kernel_packets                                       | Total                     | 6030
capture.afpacket.polls                                       | Total                     | 14181
capture.afpacket.poll_timeout                                | Total                     | 13446
capture.afpacket.poll_data                                   | Total                     | 735
decoder.pkts                                                 | Total                     | 6053
decoder.bytes                                                | Total                     | 7386532
decoder.ipv4                                                 | Total                     | 6018
decoder.ipv6                                                 | Total                     | 35
decoder.ethernet                                             | Total                     | 6053
decoder.tcp                                                  | Total                     | 6046
tcp.syn                                                      | Total                     | 247
tcp.synack                                                   | Total                     | 233
tcp.rst                                                      | Total                     | 36
decoder.icmpv6                                               | Total                     | 7
decoder.avg_pkt_size                                         | Total                     | 1220
decoder.max_pkt_size                                         | Total                     | 32834
tcp.active_sessions                                          | Total                     | 3
flow.total                                                   | Total                     | 258
flow.active                                                  | Total                     | 145
flow.tcp                                                     | Total                     | 254
flow.icmpv6                                                  | Total                     | 4
flow.wrk.spare_sync_avg                                      | Total                     | 100
flow.wrk.spare_sync                                          | Total                     | 12
decoder.event.ipv6.zero_len_padn                             | Total                     | 1
tcp.sessions                                                 | Total                     | 28
tcp.ssn_from_pool                                            | Total                     | 28
tcp.invalid_checksum                                         | Total                     | 2933
flow.end.state.new                                           | Total                     | 113
flow.end.tcp_state.syn_sent                                  | Total                     | 25
flow.mgr.full_hash_pass                                      | Total                     | 12
flow.mgr.rows_per_sec                                        | Total                     | 7208
flow.spare                                                   | Total                     | 10211
flow.mgr.rows_maxlen                                         | Total                     | 2
flow.mgr.flows_checked                                       | Total                     | 362
flow.mgr.flows_notimeout                                     | Total                     | 249
flow.mgr.flows_timeout                                       | Total                     | 113
flow.mgr.flows_evicted                                       | Total                     | 113
memcap.pressure                                              | Total                     | 11
memcap.pressure_max                                          | Total                     | 11
defrag.memuse                                                | Total                     | 33554432
flow.recycler.recycled                                       | Total                     | 113
flow.recycler.queue_max                                      | Total                     | 7
tcp.memuse                                                   | Total                     | 7471104
tcp.reassembly_memuse                                        | Total                     | 1376256
http.byterange.memuse                                        | Total                     | 176384
http.byterange.memcap                                        | Total                     | 104857600
ippair.memuse                                                | Total                     | 406144
ippair.memcap                                                | Total                     | 16777216
host.memuse                                                  | Total                     | 390144
host.memcap                                                  | Total                     | 33554432
flow.memuse                                                  | Total                     | 9817056
---------------------------------------------------------------------------------------------------
Date: 8/27/2026 -- 00:02:36 (uptime: 0d, 00h 02m 08s)
---------------------------------------------------------------------------------------------------
Counter                                                      | TM Name                   | Value
---------------------------------------------------------------------------------------------------
capture.kernel_packets                                       | Total                     | 7435
capture.afpacket.polls                                       | Total                     | 15431
capture.afpacket.poll_timeout                                | Total                     | 14429
capture.afpacket.poll_data                                   | Total                     | 1002
decoder.pkts                                                 | Total                     | 7512
decoder.bytes                                                | Total                     | 10455852
decoder.ipv4                                                 | Total                     | 7457
decoder.ipv6                                                 | Total                     | 55
decoder.ethernet                                             | Total                     | 7512
decoder.tcp                                                  | Total                     | 7501
tcp.syn                                                      | Total                     | 277
tcp.synack                                                   | Total                     | 255
tcp.rst                                                      | Total                     | 52
decoder.icmpv6                                               | Total                     | 11
decoder.avg_pkt_size                                         | Total                     | 1391
decoder.max_pkt_size                                         | Total                     | 32834
tcp.active_sessions                                          | Total                     | 17
flow.total                                                   | Total                     | 289
flow.active                                                  | Total                     | 155
flow.tcp                                                     | Total                     | 284
flow.icmpv6                                                  | Total                     | 5
flow.wrk.spare_sync_avg                                      | Total                     | 100
flow.wrk.spare_sync                                          | Total                     | 12
decoder.event.ipv6.zero_len_padn                             | Total                     | 1
tcp.sessions                                                 | Total                     | 42
tcp.ssn_from_pool                                            | Total                     | 42
tcp.invalid_checksum                                         | Total                     | 3787
flow.end.state.new                                           | Total                     | 134
flow.end.tcp_state.syn_sent                                  | Total                     | 25
flow.mgr.full_hash_pass                                      | Total                     | 13
flow.mgr.rows_per_sec                                        | Total                     | 7208
flow.spare                                                   | Total                     | 10230
flow.mgr.rows_maxlen                                         | Total                     | 2
flow.mgr.flows_checked                                       | Total                     | 432
flow.mgr.flows_notimeout                                     | Total                     | 298
flow.mgr.flows_timeout                                       | Total                     | 134
flow.mgr.flows_evicted                                       | Total                     | 134
memcap.pressure                                              | Total                     | 11
memcap.pressure_max                                          | Total                     | 11
defrag.memuse                                                | Total                     | 33554432
flow.recycler.recycled                                       | Total                     | 134
flow.recycler.queue_avg                                      | Total                     | 1
flow.recycler.queue_max                                      | Total                     | 7
tcp.memuse                                                   | Total                     | 7471104
tcp.reassembly_memuse                                        | Total                     | 1376256
http.byterange.memuse                                        | Total                     | 176384
http.byterange.memcap                                        | Total                     | 104857600
ippair.memuse                                                | Total                     | 406144
ippair.memcap                                                | Total                     | 16777216
host.memuse                                                  | Total                     | 390144
host.memcap                                                  | Total                     | 33554432
flow.memuse                                                  | Total                     | 9817056
---------------------------------------------------------------------------------------------------
Date: 8/27/2026 -- 00:02:44 (uptime: 0d, 00h 02m 16s)
---------------------------------------------------------------------------------------------------
Counter                                                      | TM Name                   | Value
---------------------------------------------------------------------------------------------------
capture.kernel_packets                                       | Total                     | 8457
capture.afpacket.polls                                       | Total                     | 16584
capture.afpacket.poll_timeout                                | Total                     | 15447
capture.afpacket.poll_data                                   | Total                     | 1137
decoder.pkts                                                 | Total                     | 8454
decoder.bytes                                                | Total                     | 11961673
decoder.ipv4                                                 | Total                     | 8389
decoder.ipv6                                                 | Total                     | 65
decoder.ethernet                                             | Total                     | 8454
decoder.tcp                                                  | Total                     | 8443
tcp.syn                                                      | Total                     | 303
tcp.synack                                                   | Total                     | 276
tcp.rst                                                      | Total                     | 64
decoder.icmpv6                                               | Total                     | 11
decoder.avg_pkt_size                                         | Total                     | 1414
decoder.max_pkt_size                                         | Total                     | 32834
tcp.active_sessions                                          | Total                     | 25
flow.total                                                   | Total                     | 315
flow.active                                                  | Total                     | 167
flow.tcp                                                     | Total                     | 310
flow.icmpv6                                                  | Total                     | 5
flow.wrk.spare_sync_avg                                      | Total                     | 100
flow.wrk.spare_sync                                          | Total                     | 12
decoder.event.ipv6.zero_len_padn                             | Total                     | 1
tcp.sessions                                                 | Total                     | 50
tcp.ssn_from_pool                                            | Total                     | 50
tcp.invalid_checksum                                         | Total                     | 4285
flow.end.state.new                                           | Total                     | 148
flow.end.tcp_state.syn_sent                                  | Total                     | 25
flow.mgr.full_hash_pass                                      | Total                     | 14
flow.mgr.rows_per_sec                                        | Total                     | 7208
flow.spare                                                   | Total                     | 10243
flow.mgr.rows_maxlen                                         | Total                     | 2
flow.mgr.flows_checked                                       | Total                     | 480
flow.mgr.flows_notimeout                                     | Total                     | 332
flow.mgr.flows_timeout                                       | Total                     | 148
flow.mgr.flows_evicted                                       | Total                     | 148
memcap.pressure                                              | Total                     | 11
memcap.pressure_max                                          | Total                     | 11
defrag.memuse                                                | Total                     | 33554432
flow.recycler.recycled                                       | Total                     | 148
flow.recycler.queue_avg                                      | Total                     | 1
flow.recycler.queue_max                                      | Total                     | 7
tcp.memuse                                                   | Total                     | 7471104
tcp.reassembly_memuse                                        | Total                     | 1376256
http.byterange.memuse                                        | Total                     | 176384
http.byterange.memcap                                        | Total                     | 104857600
ippair.memuse                                                | Total                     | 406144
ippair.memcap                                                | Total                     | 16777216
host.memuse                                                  | Total                     | 390144
host.memcap                                                  | Total                     | 33554432
flow.memuse                                                  | Total                     | 9817056
---------------------------------------------------------------------------------------------------
Date: 8/27/2026 -- 00:02:52 (uptime: 0d, 00h 02m 24s)
---------------------------------------------------------------------------------------------------
Counter                                                      | TM Name                   | Value
---------------------------------------------------------------------------------------------------
capture.kernel_packets                                       | Total                     | 8591
capture.afpacket.polls                                       | Total                     | 17288
capture.afpacket.poll_timeout                                | Total                     | 16138
capture.afpacket.poll_data                                   | Total                     | 1150
decoder.pkts                                                 | Total                     | 8588
decoder.bytes                                                | Total                     | 12002750
decoder.ipv4                                                 | Total                     | 8523
decoder.ipv6                                                 | Total                     | 65
decoder.ethernet                                             | Total                     | 8588
decoder.tcp                                                  | Total                     | 8577
tcp.syn                                                      | Total                     | 316
tcp.synack                                                   | Total                     | 289
tcp.rst                                                      | Total                     | 64
decoder.icmpv6                                               | Total                     | 11
decoder.avg_pkt_size                                         | Total                     | 1397
decoder.max_pkt_size                                         | Total                     | 32834
tcp.active_sessions                                          | Total                     | 25
flow.total                                                   | Total                     | 328
flow.active                                                  | Total                     | 173
flow.tcp                                                     | Total                     | 323
flow.icmpv6                                                  | Total                     | 5
flow.wrk.spare_sync_avg                                      | Total                     | 100
flow.wrk.spare_sync                                          | Total                     | 12
decoder.event.ipv6.zero_len_padn                             | Total                     | 1
tcp.sessions                                                 | Total                     | 50
tcp.ssn_from_pool                                            | Total                     | 50
tcp.invalid_checksum                                         | Total                     | 4352
flow.end.state.new                                           | Total                     | 155
flow.end.tcp_state.syn_sent                                  | Total                     | 25
flow.mgr.full_hash_pass                                      | Total                     | 15
flow.mgr.rows_per_sec                                        | Total                     | 7208
flow.spare                                                   | Total                     | 10255
flow.mgr.rows_maxlen                                         | Total                     | 2
flow.mgr.flows_checked                                       | Total                     | 502
flow.mgr.flows_notimeout                                     | Total                     | 347
flow.mgr.flows_timeout                                       | Total                     | 155
flow.mgr.flows_evicted                                       | Total                     | 155
memcap.pressure                                              | Total                     | 11
memcap.pressure_max                                          | Total                     | 11
defrag.memuse                                                | Total                     | 33554432
flow.recycler.recycled                                       | Total                     | 155
flow.recycler.queue_avg                                      | Total                     | 1
flow.recycler.queue_max                                      | Total                     | 7
tcp.memuse                                                   | Total                     | 7471104
tcp.reassembly_memuse                                        | Total                     | 1376256
http.byterange.memuse                                        | Total                     | 176384
http.byterange.memcap                                        | Total                     | 104857600
ippair.memuse                                                | Total                     | 406144
ippair.memcap                                                | Total                     | 16777216
host.memuse                                                  | Total                     | 390144
host.memcap                                                  | Total                     | 33554432
flow.memuse                                                  | Total                     | 9817056
---------------------------------------------------------------------------------------------------
Date: 8/27/2026 -- 00:03:00 (uptime: 0d, 00h 02m 32s)
---------------------------------------------------------------------------------------------------
Counter                                                      | TM Name                   | Value
---------------------------------------------------------------------------------------------------
capture.kernel_packets                                       | Total                     | 8667
capture.afpacket.polls                                       | Total                     | 18357
capture.afpacket.poll_timeout                                | Total                     | 17192
capture.afpacket.poll_data                                   | Total                     | 1165
decoder.pkts                                                 | Total                     | 8664
decoder.bytes                                                | Total                     | 12020160
decoder.ipv4                                                 | Total                     | 8599
decoder.ipv6                                                 | Total                     | 65
decoder.ethernet                                             | Total                     | 8664
decoder.tcp                                                  | Total                     | 8653
tcp.syn                                                      | Total                     | 316
tcp.synack                                                   | Total                     | 289
tcp.rst                                                      | Total                     | 64
decoder.icmpv6                                               | Total                     | 11
decoder.avg_pkt_size                                         | Total                     | 1387
decoder.max_pkt_size                                         | Total                     | 32834
tcp.active_sessions                                          | Total                     | 25
flow.total                                                   | Total                     | 328
flow.active                                                  | Total                     | 160
flow.tcp                                                     | Total                     | 323
flow.icmpv6                                                  | Total                     | 5
flow.wrk.spare_sync_avg                                      | Total                     | 100
flow.wrk.spare_sync                                          | Total                     | 12
decoder.event.ipv6.zero_len_padn                             | Total                     | 1
tcp.sessions                                                 | Total                     | 50
tcp.ssn_from_pool                                            | Total                     | 50
tcp.invalid_checksum                                         | Total                     | 4387
flow.end.state.new                                           | Total                     | 168
flow.end.tcp_state.syn_sent                                  | Total                     | 25
flow.mgr.full_hash_pass                                      | Total                     | 16
flow.mgr.rows_per_sec                                        | Total                     | 7208
flow.spare                                                   | Total                     | 10268
flow.mgr.rows_maxlen                                         | Total                     | 2
flow.mgr.flows_checked                                       | Total                     | 531
flow.mgr.flows_notimeout                                     | Total                     | 363
flow.mgr.flows_timeout                                       | Total                     | 168
flow.mgr.flows_evicted                                       | Total                     | 168
memcap.pressure                                              | Total                     | 11
memcap.pressure_max                                          | Total                     | 11
defrag.memuse                                                | Total                     | 33554432
flow.recycler.recycled                                       | Total                     | 168
flow.recycler.queue_avg                                      | Total                     | 1
flow.recycler.queue_max                                      | Total                     | 7
tcp.memuse                                                   | Total                     | 7471104
tcp.reassembly_memuse                                        | Total                     | 1376256
http.byterange.memuse                                        | Total                     | 176384
http.byterange.memcap                                        | Total                     | 104857600
ippair.memuse                                                | Total                     | 406144
ippair.memcap                                                | Total                     | 16777216
host.memuse                                                  | Total                     | 390144
host.memcap                                                  | Total                     | 33554432
flow.memuse                                                  | Total                     | 9817056
---------------------------------------------------------------------------------------------------
Date: 8/27/2026 -- 00:03:08 (uptime: 0d, 00h 02m 40s)
---------------------------------------------------------------------------------------------------
Counter                                                      | TM Name                   | Value
---------------------------------------------------------------------------------------------------
capture.kernel_packets                                       | Total                     | 8932
capture.afpacket.polls                                       | Total                     | 19435
capture.afpacket.poll_timeout                                | Total                     | 18235
capture.afpacket.poll_data                                   | Total                     | 1200
decoder.pkts                                                 | Total                     | 8929
decoder.bytes                                                | Total                     | 12118668
decoder.ipv4                                                 | Total                     | 8864
decoder.ipv6                                                 | Total                     | 65
decoder.ethernet                                             | Total                     | 8929
decoder.tcp                                                  | Total                     | 8918
tcp.syn                                                      | Total                     | 332
tcp.synack                                                   | Total                     | 305
tcp.rst                                                      | Total                     | 64
decoder.icmpv6                                               | Total                     | 11
decoder.avg_pkt_size                                         | Total                     | 1357
decoder.max_pkt_size                                         | Total                     | 32834
tcp.active_sessions                                          | Total                     | 25
flow.total                                                   | Total                     | 344
flow.active                                                  | Total                     | 167
flow.tcp                                                     | Total                     | 339
flow.icmpv6                                                  | Total                     | 5
flow.wrk.spare_sync_avg                                      | Total                     | 100
flow.wrk.spare_sync                                          | Total                     | 12
decoder.event.ipv6.zero_len_padn                             | Total                     | 1
tcp.sessions                                                 | Total                     | 50
tcp.ssn_from_pool                                            | Total                     | 50
tcp.invalid_checksum                                         | Total                     | 4511
flow.end.state.new                                           | Total                     | 177
flow.end.tcp_state.syn_sent                                  | Total                     | 25
flow.mgr.full_hash_pass                                      | Total                     | 17
flow.mgr.rows_per_sec                                        | Total                     | 7208
flow.spare                                                   | Total                     | 10275
flow.mgr.rows_maxlen                                         | Total                     | 2
flow.mgr.flows_checked                                       | Total                     | 556
flow.mgr.flows_notimeout                                     | Total                     | 379
flow.mgr.flows_timeout                                       | Total                     | 177
flow.mgr.flows_evicted                                       | Total                     | 177
memcap.pressure                                              | Total                     | 11
memcap.pressure_max                                          | Total                     | 11
defrag.memuse                                                | Total                     | 33554432
flow.recycler.recycled                                       | Total                     | 177
flow.recycler.queue_avg                                      | Total                     | 1
flow.recycler.queue_max                                      | Total                     | 7
tcp.memuse                                                   | Total                     | 7471104
tcp.reassembly_memuse                                        | Total                     | 1376256
http.byterange.memuse                                        | Total                     | 176384
http.byterange.memcap                                        | Total                     | 104857600
ippair.memuse                                                | Total                     | 406144
ippair.memcap                                                | Total                     | 16777216
host.memuse                                                  | Total                     | 390144
host.memcap                                                  | Total                     | 33554432
flow.memuse                                                  | Total                     | 9817056
---------------------------------------------------------------------------------------------------
Date: 8/27/2026 -- 00:03:16 (uptime: 0d, 00h 02m 48s)
---------------------------------------------------------------------------------------------------
Counter                                                      | TM Name                   | Value
---------------------------------------------------------------------------------------------------
capture.kernel_packets                                       | Total                     | 9127
capture.afpacket.polls                                       | Total                     | 20152
capture.afpacket.poll_timeout                                | Total                     | 18927
capture.afpacket.poll_data                                   | Total                     | 1225
decoder.pkts                                                 | Total                     | 9124
decoder.bytes                                                | Total                     | 12176168
decoder.ipv4                                                 | Total                     | 9059
decoder.ipv6                                                 | Total                     | 65
decoder.ethernet                                             | Total                     | 9124
decoder.tcp                                                  | Total                     | 9113
tcp.syn                                                      | Total                     | 345
tcp.synack                                                   | Total                     | 318
tcp.rst                                                      | Total                     | 64
decoder.icmpv6                                               | Total                     | 11
decoder.avg_pkt_size                                         | Total                     | 1334
decoder.max_pkt_size                                         | Total                     | 32834
tcp.active_sessions                                          | Total                     | 24
flow.total                                                   | Total                     | 357
flow.active                                                  | Total                     | 167
flow.tcp                                                     | Total                     | 352
flow.icmpv6                                                  | Total                     | 5
flow.wrk.spare_sync_avg                                      | Total                     | 100
flow.wrk.spare_sync                                          | Total                     | 12
decoder.event.ipv6.zero_len_padn                             | Total                     | 1
tcp.sessions                                                 | Total                     | 50
tcp.ssn_from_pool                                            | Total                     | 50
tcp.invalid_checksum                                         | Total                     | 4604
flow.end.state.new                                           | Total                     | 190
flow.end.tcp_state.syn_sent                                  | Total                     | 26
flow.mgr.full_hash_pass                                      | Total                     | 18
flow.mgr.rows_per_sec                                        | Total                     | 7208
flow.spare                                                   | Total                     | 10288
flow.mgr.rows_maxlen                                         | Total                     | 2
flow.mgr.flows_checked                                       | Total                     | 577
flow.mgr.flows_notimeout                                     | Total                     | 387
flow.mgr.flows_timeout                                       | Total                     | 190
flow.mgr.flows_evicted                                       | Total                     | 190
memcap.pressure                                              | Total                     | 11
memcap.pressure_max                                          | Total                     | 11
defrag.memuse                                                | Total                     | 33554432
flow.recycler.recycled                                       | Total                     | 190
flow.recycler.queue_avg                                      | Total                     | 1
flow.recycler.queue_max                                      | Total                     | 7
tcp.memuse                                                   | Total                     | 7471104
tcp.reassembly_memuse                                        | Total                     | 1376256
http.byterange.memuse                                        | Total                     | 176384
http.byterange.memcap                                        | Total                     | 104857600
ippair.memuse                                                | Total                     | 406144
ippair.memcap                                                | Total                     | 16777216
host.memuse                                                  | Total                     | 390144
host.memcap                                                  | Total                     | 33554432
flow.memuse                                                  | Total                     | 9817056
---------------------------------------------------------------------------------------------------
Date: 8/27/2026 -- 00:03:24 (uptime: 0d, 00h 02m 56s)
---------------------------------------------------------------------------------------------------
Counter                                                      | TM Name                   | Value
---------------------------------------------------------------------------------------------------
capture.kernel_packets                                       | Total                     | 9359
capture.afpacket.polls                                       | Total                     | 21231
capture.afpacket.poll_timeout                                | Total                     | 19968
capture.afpacket.poll_data                                   | Total                     | 1263
decoder.pkts                                                 | Total                     | 9356
decoder.bytes                                                | Total                     | 12312372
decoder.ipv4                                                 | Total                     | 9287
decoder.ipv6                                                 | Total                     | 69
decoder.ethernet                                             | Total                     | 9356
decoder.tcp                                                  | Total                     | 9343
tcp.syn                                                      | Total                     | 360
tcp.synack                                                   | Total                     | 332
tcp.rst                                                      | Total                     | 67
decoder.icmpv6                                               | Total                     | 13
decoder.avg_pkt_size                                         | Total                     | 1315
decoder.max_pkt_size                                         | Total                     | 32834
tcp.active_sessions                                          | Total                     | 26
flow.total                                                   | Total                     | 372
flow.active                                                  | Total                     | 171
flow.tcp                                                     | Total                     | 367
flow.icmpv6                                                  | Total                     | 5
flow.wrk.spare_sync_avg                                      | Total                     | 100
flow.wrk.spare_sync                                          | Total                     | 12
decoder.event.ipv6.zero_len_padn                             | Total                     | 1
tcp.sessions                                                 | Total                     | 52
tcp.ssn_from_pool                                            | Total                     | 52
tcp.invalid_checksum                                         | Total                     | 4715
flow.end.state.new                                           | Total                     | 201
flow.end.tcp_state.syn_sent                                  | Total                     | 26
flow.mgr.full_hash_pass                                      | Total                     | 19
flow.mgr.rows_per_sec                                        | Total                     | 7208
flow.spare                                                   | Total                     | 10300
flow.mgr.rows_maxlen                                         | Total                     | 2
flow.mgr.flows_checked                                       | Total                     | 605
flow.mgr.flows_notimeout                                     | Total                     | 404
flow.mgr.flows_timeout                                       | Total                     | 201
flow.mgr.flows_evicted                                       | Total                     | 201
memcap.pressure                                              | Total                     | 11
memcap.pressure_max                                          | Total                     | 11
defrag.memuse                                                | Total                     | 33554432
flow.recycler.recycled                                       | Total                     | 201
flow.recycler.queue_avg                                      | Total                     | 1
flow.recycler.queue_max                                      | Total                     | 7
tcp.memuse                                                   | Total                     | 7471104
tcp.reassembly_memuse                                        | Total                     | 1376256
http.byterange.memuse                                        | Total                     | 176384
http.byterange.memcap                                        | Total                     | 104857600
ippair.memuse                                                | Total                     | 406144
ippair.memcap                                                | Total                     | 16777216
host.memuse                                                  | Total                     | 390144
host.memcap                                                  | Total                     | 33554432
flow.memuse                                                  | Total                     | 9817056
---------------------------------------------------------------------------------------------------
Date: 8/27/2026 -- 00:03:32 (uptime: 0d, 00h 03m 04s)
---------------------------------------------------------------------------------------------------
Counter                                                      | TM Name                   | Value
---------------------------------------------------------------------------------------------------
capture.kernel_packets                                       | Total                     | 9702
capture.afpacket.polls                                       | Total                     | 22303
capture.afpacket.poll_timeout                                | Total                     | 21005
capture.afpacket.poll_data                                   | Total                     | 1298
decoder.pkts                                                 | Total                     | 9699
decoder.bytes                                                | Total                     | 12425490
decoder.ipv4                                                 | Total                     | 9630
decoder.ipv6                                                 | Total                     | 69
decoder.ethernet                                             | Total                     | 9699
decoder.tcp                                                  | Total                     | 9686
tcp.syn                                                      | Total                     | 382
tcp.synack                                                   | Total                     | 354
tcp.rst                                                      | Total                     | 67
decoder.icmpv6                                               | Total                     | 13
decoder.avg_pkt_size                                         | Total                     | 1281
decoder.max_pkt_size                                         | Total                     | 32834
tcp.active_sessions                                          | Total                     | 23
flow.total                                                   | Total                     | 394
flow.active                                                  | Total                     | 150
flow.tcp                                                     | Total                     | 389
flow.icmpv6                                                  | Total                     | 5
flow.wrk.spare_sync_avg                                      | Total                     | 100
flow.wrk.spare_sync                                          | Total                     | 12
decoder.event.ipv6.zero_len_padn                             | Total                     | 1
tcp.sessions                                                 | Total                     | 52
tcp.ssn_from_pool                                            | Total                     | 52
tcp.invalid_checksum                                         | Total                     | 4878
flow.end.state.new                                           | Total                     | 244
flow.end.tcp_state.syn_sent                                  | Total                     | 29
flow.mgr.full_hash_pass                                      | Total                     | 20
flow.mgr.rows_per_sec                                        | Total                     | 7208
flow.spare                                                   | Total                     | 10340
flow.mgr.rows_maxlen                                         | Total                     | 2
flow.mgr.flows_checked                                       | Total                     | 674
flow.mgr.flows_notimeout                                     | Total                     | 430
flow.mgr.flows_timeout                                       | Total                     | 244
flow.mgr.flows_evicted                                       | Total                     | 244
memcap.pressure                                              | Total                     | 11
memcap.pressure_max                                          | Total                     | 11
defrag.memuse                                                | Total                     | 33554432
flow.recycler.recycled                                       | Total                     | 244
flow.recycler.queue_avg                                      | Total                     | 1
flow.recycler.queue_max                                      | Total                     | 7
tcp.memuse                                                   | Total                     | 7471104
tcp.reassembly_memuse                                        | Total                     | 1376256
http.byterange.memuse                                        | Total                     | 176384
http.byterange.memcap                                        | Total                     | 104857600
ippair.memuse                                                | Total                     | 406144
ippair.memcap                                                | Total                     | 16777216
host.memuse                                                  | Total                     | 390144
host.memcap                                                  | Total                     | 33554432
flow.memuse                                                  | Total                     | 9817056
---------------------------------------------------------------------------------------------------
Date: 8/27/2026 -- 00:03:40 (uptime: 0d, 00h 03m 12s)
---------------------------------------------------------------------------------------------------
Counter                                                      | TM Name                   | Value
---------------------------------------------------------------------------------------------------
capture.kernel_packets                                       | Total                     | 9782
capture.afpacket.polls                                       | Total                     | 23014
capture.afpacket.poll_timeout                                | Total                     | 21705
capture.afpacket.poll_data                                   | Total                     | 1309
decoder.pkts                                                 | Total                     | 9779
decoder.bytes                                                | Total                     | 12467198
decoder.ipv4                                                 | Total                     | 9710
decoder.ipv6                                                 | Total                     | 69
decoder.ethernet                                             | Total                     | 9779
decoder.tcp                                                  | Total                     | 9766
tcp.syn                                                      | Total                     | 385
tcp.synack                                                   | Total                     | 357
tcp.rst                                                      | Total                     | 67
decoder.icmpv6                                               | Total                     | 13
decoder.avg_pkt_size                                         | Total                     | 1274
decoder.max_pkt_size                                         | Total                     | 32834
tcp.active_sessions                                          | Total                     | 13
flow.total                                                   | Total                     | 397
flow.active                                                  | Total                     | 126
flow.tcp                                                     | Total                     | 392
flow.icmpv6                                                  | Total                     | 5
flow.wrk.spare_sync_avg                                      | Total                     | 100
flow.wrk.spare_sync                                          | Total                     | 12
decoder.event.ipv6.zero_len_padn                             | Total                     | 1
tcp.sessions                                                 | Total                     | 52
tcp.ssn_from_pool                                            | Total                     | 52
tcp.invalid_checksum                                         | Total                     | 4913
flow.end.state.new                                           | Total                     | 271
flow.end.tcp_state.syn_sent                                  | Total                     | 39
flow.mgr.full_hash_pass                                      | Total                     | 20
flow.mgr.rows_per_sec                                        | Total                     | 7208
flow.spare                                                   | Total                     | 10368
flow.mgr.rows_maxlen                                         | Total                     | 2
flow.mgr.flows_checked                                       | Total                     | 716
flow.mgr.flows_notimeout                                     | Total                     | 445
flow.mgr.flows_timeout                                       | Total                     | 271
flow.mgr.flows_evicted                                       | Total                     | 271
memcap.pressure                                              | Total                     | 11
memcap.pressure_max                                          | Total                     | 11
defrag.memuse                                                | Total                     | 33554432
flow.recycler.recycled                                       | Total                     | 271
flow.recycler.queue_avg                                      | Total                     | 1
flow.recycler.queue_max                                      | Total                     | 7
tcp.memuse                                                   | Total                     | 7471104
tcp.reassembly_memuse                                        | Total                     | 1376256
http.byterange.memuse                                        | Total                     | 176384
http.byterange.memcap                                        | Total                     | 104857600
ippair.memuse                                                | Total                     | 406144
ippair.memcap                                                | Total                     | 16777216
host.memuse                                                  | Total                     | 390144
host.memcap                                                  | Total                     | 33554432
flow.memuse                                                  | Total                     | 9817056
---------------------------------------------------------------------------------------------------
Date: 8/27/2026 -- 00:03:48 (uptime: 0d, 00h 03m 20s)
---------------------------------------------------------------------------------------------------
Counter                                                      | TM Name                   | Value
---------------------------------------------------------------------------------------------------
capture.kernel_packets                                       | Total                     | 9980
capture.afpacket.polls                                       | Total                     | 24087
capture.afpacket.poll_timeout                                | Total                     | 22753
capture.afpacket.poll_data                                   | Total                     | 1334
decoder.pkts                                                 | Total                     | 9977
decoder.bytes                                                | Total                     | 12524898
decoder.ipv4                                                 | Total                     | 9908
decoder.ipv6                                                 | Total                     | 69
decoder.ethernet                                             | Total                     | 9977
decoder.tcp                                                  | Total                     | 9964
tcp.syn                                                      | Total                     | 398
tcp.synack                                                   | Total                     | 370
tcp.rst                                                      | Total                     | 67
decoder.icmpv6                                               | Total                     | 13
decoder.avg_pkt_size                                         | Total                     | 1255
decoder.max_pkt_size                                         | Total                     | 32834
tcp.active_sessions                                          | Total                     | 3
flow.total                                                   | Total                     | 410
flow.active                                                  | Total                     | 117
flow.tcp                                                     | Total                     | 405
flow.icmpv6                                                  | Total                     | 5
flow.wrk.spare_sync_avg                                      | Total                     | 100
flow.wrk.spare_sync                                          | Total                     | 12
decoder.event.ipv6.zero_len_padn                             | Total                     | 1
tcp.sessions                                                 | Total                     | 52
tcp.ssn_from_pool                                            | Total                     | 52
tcp.invalid_checksum                                         | Total                     | 5008
flow.end.state.new                                           | Total                     | 293
flow.end.tcp_state.syn_sent                                  | Total                     | 49
flow.mgr.full_hash_pass                                      | Total                     | 21
flow.mgr.rows_per_sec                                        | Total                     | 7208
flow.spare                                                   | Total                     | 10392
flow.mgr.rows_maxlen                                         | Total                     | 2
flow.mgr.flows_checked                                       | Total                     | 761
flow.mgr.flows_notimeout                                     | Total                     | 468
flow.mgr.flows_timeout                                       | Total                     | 293
flow.mgr.flows_evicted                                       | Total                     | 293
memcap.pressure                                              | Total                     | 11
memcap.pressure_max                                          | Total                     | 11
defrag.memuse                                                | Total                     | 33554432
flow.recycler.recycled                                       | Total                     | 293
flow.recycler.queue_avg                                      | Total                     | 1
flow.recycler.queue_max                                      | Total                     | 7
tcp.memuse                                                   | Total                     | 7471104
tcp.reassembly_memuse                                        | Total                     | 1376256
http.byterange.memuse                                        | Total                     | 176384
http.byterange.memcap                                        | Total                     | 104857600
ippair.memuse                                                | Total                     | 406144
ippair.memcap                                                | Total                     | 16777216
host.memuse                                                  | Total                     | 390144
host.memcap                                                  | Total                     | 33554432
flow.memuse                                                  | Total                     | 9817056
---------------------------------------------------------------------------------------------------
Date: 8/27/2026 -- 00:03:56 (uptime: 0d, 00h 03m 28s)
---------------------------------------------------------------------------------------------------
Counter                                                      | TM Name                   | Value
---------------------------------------------------------------------------------------------------
capture.kernel_packets                                       | Total                     | 10180
capture.afpacket.polls                                       | Total                     | 25160
capture.afpacket.poll_timeout                                | Total                     | 23802
capture.afpacket.poll_data                                   | Total                     | 1358
decoder.pkts                                                 | Total                     | 10181
decoder.bytes                                                | Total                     | 12582995
decoder.ipv4                                                 | Total                     | 10112
decoder.ipv6                                                 | Total                     | 69
decoder.ethernet                                             | Total                     | 10181
decoder.tcp                                                  | Total                     | 10168
tcp.syn                                                      | Total                     | 411
tcp.synack                                                   | Total                     | 383
tcp.rst                                                      | Total                     | 67
decoder.icmpv6                                               | Total                     | 13
decoder.avg_pkt_size                                         | Total                     | 1235
decoder.max_pkt_size                                         | Total                     | 32834
tcp.active_sessions                                          | Total                     | 3
flow.total                                                   | Total                     | 423
flow.active                                                  | Total                     | 115
flow.tcp                                                     | Total                     | 418
flow.icmpv6                                                  | Total                     | 5
flow.wrk.spare_sync_avg                                      | Total                     | 100
flow.wrk.spare_sync                                          | Total                     | 12
decoder.event.ipv6.zero_len_padn                             | Total                     | 1
tcp.sessions                                                 | Total                     | 52
tcp.ssn_from_pool                                            | Total                     | 52
tcp.invalid_checksum                                         | Total                     | 5108
flow.end.state.new                                           | Total                     | 308
flow.end.tcp_state.syn_sent                                  | Total                     | 49
flow.mgr.full_hash_pass                                      | Total                     | 22
flow.mgr.rows_per_sec                                        | Total                     | 7208
flow.spare                                                   | Total                     | 10407
flow.mgr.rows_maxlen                                         | Total                     | 2
flow.mgr.flows_checked                                       | Total                     | 791
flow.mgr.flows_notimeout                                     | Total                     | 483
flow.mgr.flows_timeout                                       | Total                     | 308
flow.mgr.flows_evicted                                       | Total                     | 308
memcap.pressure                                              | Total                     | 11
memcap.pressure_max                                          | Total                     | 11
defrag.memuse                                                | Total                     | 33554432
flow.recycler.recycled                                       | Total                     | 308
flow.recycler.queue_avg                                      | Total                     | 1
flow.recycler.queue_max                                      | Total                     | 7
tcp.memuse                                                   | Total                     | 7471104
tcp.reassembly_memuse                                        | Total                     | 1376256
http.byterange.memuse                                        | Total                     | 176384
http.byterange.memcap                                        | Total                     | 104857600
ippair.memuse                                                | Total                     | 406144
ippair.memcap                                                | Total                     | 16777216
host.memuse                                                  | Total                     | 390144
host.memcap                                                  | Total                     | 33554432
flow.memuse                                                  | Total                     | 9817056
---------------------------------------------------------------------------------------------------
Date: 8/27/2026 -- 00:04:04 (uptime: 0d, 00h 03m 36s)
---------------------------------------------------------------------------------------------------
Counter                                                      | TM Name                   | Value
---------------------------------------------------------------------------------------------------
capture.kernel_packets                                       | Total                     | 10372
capture.afpacket.polls                                       | Total                     | 25879
capture.afpacket.poll_timeout                                | Total                     | 24500
capture.afpacket.poll_data                                   | Total                     | 1379
decoder.pkts                                                 | Total                     | 10369
decoder.bytes                                                | Total                     | 12640030
decoder.ipv4                                                 | Total                     | 10300
decoder.ipv6                                                 | Total                     | 69
decoder.ethernet                                             | Total                     | 10369
decoder.tcp                                                  | Total                     | 10356
tcp.syn                                                      | Total                     | 424
tcp.synack                                                   | Total                     | 396
tcp.rst                                                      | Total                     | 67
decoder.icmpv6                                               | Total                     | 13
decoder.avg_pkt_size                                         | Total                     | 1219
decoder.max_pkt_size                                         | Total                     | 32834
tcp.active_sessions                                          | Total                     | 3
flow.total                                                   | Total                     | 436
flow.active                                                  | Total                     | 121
flow.tcp                                                     | Total                     | 431
flow.icmpv6                                                  | Total                     | 5
flow.wrk.spare_sync_avg                                      | Total                     | 100
flow.wrk.spare_sync                                          | Total                     | 12
decoder.event.ipv6.zero_len_padn                             | Total                     | 1
tcp.sessions                                                 | Total                     | 52
tcp.ssn_from_pool                                            | Total                     | 52
tcp.invalid_checksum                                         | Total                     | 5197
flow.end.state.new                                           | Total                     | 315
flow.end.tcp_state.syn_sent                                  | Total                     | 49
flow.mgr.full_hash_pass                                      | Total                     | 23
flow.mgr.rows_per_sec                                        | Total                     | 7208
flow.spare                                                   | Total                     | 10415
flow.mgr.rows_maxlen                                         | Total                     | 2
flow.mgr.flows_checked                                       | Total                     | 807
flow.mgr.flows_notimeout                                     | Total                     | 492
flow.mgr.flows_timeout                                       | Total                     | 315
flow.mgr.flows_evicted                                       | Total                     | 315
memcap.pressure                                              | Total                     | 11
memcap.pressure_max                                          | Total                     | 11
defrag.memuse                                                | Total                     | 33554432
flow.recycler.recycled                                       | Total                     | 315
flow.recycler.queue_avg                                      | Total                     | 1
flow.recycler.queue_max                                      | Total                     | 7
tcp.memuse                                                   | Total                     | 7471104
tcp.reassembly_memuse                                        | Total                     | 1376256
http.byterange.memuse                                        | Total                     | 176384
http.byterange.memcap                                        | Total                     | 104857600
ippair.memuse                                                | Total                     | 406144
ippair.memcap                                                | Total                     | 16777216
host.memuse                                                  | Total                     | 390144
host.memcap                                                  | Total                     | 33554432
flow.memuse                                                  | Total                     | 9817056
---------------------------------------------------------------------------------------------------
Date: 8/27/2026 -- 00:04:12 (uptime: 0d, 00h 03m 44s)
---------------------------------------------------------------------------------------------------
Counter                                                      | TM Name                   | Value
---------------------------------------------------------------------------------------------------
capture.kernel_packets                                       | Total                     | 10593
capture.afpacket.polls                                       | Total                     | 26951
capture.afpacket.poll_timeout                                | Total                     | 25543
capture.afpacket.poll_data                                   | Total                     | 1408
decoder.pkts                                                 | Total                     | 10590
decoder.bytes                                                | Total                     | 12725202
decoder.ipv4                                                 | Total                     | 10521
decoder.ipv6                                                 | Total                     | 69
decoder.ethernet                                             | Total                     | 10590
decoder.tcp                                                  | Total                     | 10577
tcp.syn                                                      | Total                     | 441
tcp.synack                                                   | Total                     | 413
tcp.rst                                                      | Total                     | 68
decoder.icmpv6                                               | Total                     | 13
decoder.avg_pkt_size                                         | Total                     | 1201
decoder.max_pkt_size                                         | Total                     | 32834
tcp.active_sessions                                          | Total                     | 4
flow.total                                                   | Total                     | 453
flow.active                                                  | Total                     | 123
flow.tcp                                                     | Total                     | 448
flow.icmpv6                                                  | Total                     | 5
flow.wrk.spare_sync_avg                                      | Total                     | 100
flow.wrk.spare_sync                                          | Total                     | 12
decoder.event.ipv6.zero_len_padn                             | Total                     | 1
tcp.sessions                                                 | Total                     | 53
tcp.ssn_from_pool                                            | Total                     | 53
tcp.invalid_checksum                                         | Total                     | 5301
flow.end.state.new                                           | Total                     | 330
flow.end.tcp_state.syn_sent                                  | Total                     | 49
flow.mgr.full_hash_pass                                      | Total                     | 24
flow.mgr.rows_per_sec                                        | Total                     | 7208
flow.spare                                                   | Total                     | 10429
flow.mgr.rows_maxlen                                         | Total                     | 2
flow.mgr.flows_checked                                       | Total                     | 838
flow.mgr.flows_notimeout                                     | Total                     | 508
flow.mgr.flows_timeout                                       | Total                     | 330
flow.mgr.flows_evicted                                       | Total                     | 330
memcap.pressure                                              | Total                     | 11
memcap.pressure_max                                          | Total                     | 11
defrag.memuse                                                | Total                     | 33554432
flow.recycler.recycled                                       | Total                     | 330
flow.recycler.queue_avg                                      | Total                     | 1
flow.recycler.queue_max                                      | Total                     | 7
tcp.memuse                                                   | Total                     | 7471104
tcp.reassembly_memuse                                        | Total                     | 1376256
http.byterange.memuse                                        | Total                     | 176384
http.byterange.memcap                                        | Total                     | 104857600
ippair.memuse                                                | Total                     | 406144
ippair.memcap                                                | Total                     | 16777216
host.memuse                                                  | Total                     | 390144
host.memcap                                                  | Total                     | 33554432
flow.memuse                                                  | Total                     | 9817056
---------------------------------------------------------------------------------------------------
Date: 8/27/2026 -- 00:04:20 (uptime: 0d, 00h 03m 52s)
---------------------------------------------------------------------------------------------------
Counter                                                      | TM Name                   | Value
---------------------------------------------------------------------------------------------------
capture.kernel_packets                                       | Total                     | 10783
capture.afpacket.polls                                       | Total                     | 28028
capture.afpacket.poll_timeout                                | Total                     | 26595
capture.afpacket.poll_data                                   | Total                     | 1433
decoder.pkts                                                 | Total                     | 10780
decoder.bytes                                                | Total                     | 12780434
decoder.ipv4                                                 | Total                     | 10711
decoder.ipv6                                                 | Total                     | 69
decoder.ethernet                                             | Total                     | 10780
decoder.tcp                                                  | Total                     | 10767
tcp.syn                                                      | Total                     | 454
tcp.synack                                                   | Total                     | 426
tcp.rst                                                      | Total                     | 68
decoder.icmpv6                                               | Total                     | 13
decoder.avg_pkt_size                                         | Total                     | 1185
decoder.max_pkt_size                                         | Total                     | 32834
tcp.active_sessions                                          | Total                     | 3
flow.total                                                   | Total                     | 466
flow.active                                                  | Total                     | 121
flow.tcp                                                     | Total                     | 461
flow.icmpv6                                                  | Total                     | 5
flow.wrk.spare_sync_avg                                      | Total                     | 100
flow.wrk.spare_sync                                          | Total                     | 12
decoder.event.ipv6.zero_len_padn                             | Total                     | 1
tcp.sessions                                                 | Total                     | 53
tcp.ssn_from_pool                                            | Total                     | 53
tcp.invalid_checksum                                         | Total                     | 5392
flow.end.state.new                                           | Total                     | 345
flow.end.tcp_state.syn_sent                                  | Total                     | 50
flow.mgr.full_hash_pass                                      | Total                     | 25
flow.mgr.rows_per_sec                                        | Total                     | 7208
flow.spare                                                   | Total                     | 10444
flow.mgr.rows_maxlen                                         | Total                     | 2
flow.mgr.flows_checked                                       | Total                     | 867
flow.mgr.flows_notimeout                                     | Total                     | 522
flow.mgr.flows_timeout                                       | Total                     | 345
flow.mgr.flows_evicted                                       | Total                     | 345
memcap.pressure                                              | Total                     | 11
memcap.pressure_max                                          | Total                     | 11
defrag.memuse                                                | Total                     | 33554432
flow.recycler.recycled                                       | Total                     | 345
flow.recycler.queue_avg                                      | Total                     | 1
flow.recycler.queue_max                                      | Total                     | 7
tcp.memuse                                                   | Total                     | 7471104
tcp.reassembly_memuse                                        | Total                     | 1376256
http.byterange.memuse                                        | Total                     | 176384
http.byterange.memcap                                        | Total                     | 104857600
ippair.memuse                                                | Total                     | 406144
ippair.memcap                                                | Total                     | 16777216
host.memuse                                                  | Total                     | 390144
host.memcap                                                  | Total                     | 33554432
flow.memuse                                                  | Total                     | 9817056
---------------------------------------------------------------------------------------------------
Date: 8/27/2026 -- 00:04:28 (uptime: 0d, 00h 04m 00s)
---------------------------------------------------------------------------------------------------
Counter                                                      | TM Name                   | Value
---------------------------------------------------------------------------------------------------
capture.kernel_packets                                       | Total                     | 10943
capture.afpacket.polls                                       | Total                     | 28740
capture.afpacket.poll_timeout                                | Total                     | 27289
capture.afpacket.poll_data                                   | Total                     | 1451
decoder.pkts                                                 | Total                     | 10940
decoder.bytes                                                | Total                     | 12814558
decoder.ipv4                                                 | Total                     | 10871
decoder.ipv6                                                 | Total                     | 69
decoder.ethernet                                             | Total                     | 10940
decoder.tcp                                                  | Total                     | 10927
tcp.syn                                                      | Total                     | 461
tcp.synack                                                   | Total                     | 433
tcp.rst                                                      | Total                     | 68
decoder.icmpv6                                               | Total                     | 13
decoder.avg_pkt_size                                         | Total                     | 1171
decoder.max_pkt_size                                         | Total                     | 32834
tcp.active_sessions                                          | Total                     | 2
flow.total                                                   | Total                     | 473
flow.active                                                  | Total                     | 116
flow.tcp                                                     | Total                     | 468
flow.icmpv6                                                  | Total                     | 5
flow.wrk.spare_sync_avg                                      | Total                     | 100
flow.wrk.spare_sync                                          | Total                     | 12
decoder.event.ipv6.zero_len_padn                             | Total                     | 1
tcp.sessions                                                 | Total                     | 53
tcp.ssn_from_pool                                            | Total                     | 53
tcp.invalid_checksum                                         | Total                     | 5472
flow.end.state.new                                           | Total                     | 357
flow.end.tcp_state.syn_sent                                  | Total                     | 51
flow.mgr.full_hash_pass                                      | Total                     | 26
flow.mgr.rows_per_sec                                        | Total                     | 7208
flow.spare                                                   | Total                     | 10452
flow.mgr.rows_maxlen                                         | Total                     | 2
flow.mgr.flows_checked                                       | Total                     | 891
flow.mgr.flows_notimeout                                     | Total                     | 534
flow.mgr.flows_timeout                                       | Total                     | 357
flow.mgr.flows_evicted                                       | Total                     | 357
memcap.pressure                                              | Total                     | 11
memcap.pressure_max                                          | Total                     | 11
defrag.memuse                                                | Total                     | 33554432
flow.recycler.recycled                                       | Total                     | 357
flow.recycler.queue_avg                                      | Total                     | 1
flow.recycler.queue_max                                      | Total                     | 7
tcp.memuse                                                   | Total                     | 7471104
tcp.reassembly_memuse                                        | Total                     | 1376256
http.byterange.memuse                                        | Total                     | 176384
http.byterange.memcap                                        | Total                     | 104857600
ippair.memuse                                                | Total                     | 406144
ippair.memcap                                                | Total                     | 16777216
host.memuse                                                  | Total                     | 390144
host.memcap                                                  | Total                     | 33554432
flow.memuse                                                  | Total                     | 9817056
---------------------------------------------------------------------------------------------------
Date: 8/27/2026 -- 00:04:36 (uptime: 0d, 00h 04m 08s)
---------------------------------------------------------------------------------------------------
Counter                                                      | TM Name                   | Value
---------------------------------------------------------------------------------------------------
capture.kernel_packets                                       | Total                     | 11194
capture.afpacket.polls                                       | Total                     | 29816
capture.afpacket.poll_timeout                                | Total                     | 28336
capture.afpacket.poll_data                                   | Total                     | 1480
decoder.pkts                                                 | Total                     | 11191
decoder.bytes                                                | Total                     | 12910448
decoder.ipv4                                                 | Total                     | 11122
decoder.ipv6                                                 | Total                     | 69
decoder.ethernet                                             | Total                     | 11191
decoder.tcp                                                  | Total                     | 11178
tcp.syn                                                      | Total                     | 476
tcp.synack                                                   | Total                     | 448
tcp.rst                                                      | Total                     | 68
decoder.icmpv6                                               | Total                     | 13
decoder.avg_pkt_size                                         | Total                     | 1153
decoder.max_pkt_size                                         | Total                     | 32834
tcp.active_sessions                                          | Total                     | 2
flow.total                                                   | Total                     | 488
flow.active                                                  | Total                     | 117
flow.tcp                                                     | Total                     | 483
flow.icmpv6                                                  | Total                     | 5
flow.wrk.spare_sync_avg                                      | Total                     | 100
flow.wrk.spare_sync                                          | Total                     | 12
decoder.event.ipv6.zero_len_padn                             | Total                     | 1
tcp.sessions                                                 | Total                     | 53
tcp.ssn_from_pool                                            | Total                     | 53
tcp.invalid_checksum                                         | Total                     | 5584
flow.end.state.new                                           | Total                     | 371
flow.end.tcp_state.syn_sent                                  | Total                     | 51
flow.mgr.full_hash_pass                                      | Total                     | 27
flow.mgr.rows_per_sec                                        | Total                     | 7208
flow.spare                                                   | Total                     | 10469
flow.mgr.rows_maxlen                                         | Total                     | 2
flow.mgr.flows_checked                                       | Total                     | 927
flow.mgr.flows_notimeout                                     | Total                     | 556
flow.mgr.flows_timeout                                       | Total                     | 371
flow.mgr.flows_evicted                                       | Total                     | 371
memcap.pressure                                              | Total                     | 11
memcap.pressure_max                                          | Total                     | 11
defrag.memuse                                                | Total                     | 33554432
flow.recycler.recycled                                       | Total                     | 371
flow.recycler.queue_avg                                      | Total                     | 1
flow.recycler.queue_max                                      | Total                     | 7
tcp.memuse                                                   | Total                     | 7471104
tcp.reassembly_memuse                                        | Total                     | 1376256
http.byterange.memuse                                        | Total                     | 176384
http.byterange.memcap                                        | Total                     | 104857600
ippair.memuse                                                | Total                     | 406144
ippair.memcap                                                | Total                     | 16777216
host.memuse                                                  | Total                     | 390144
host.memcap                                                  | Total                     | 33554432
flow.memuse                                                  | Total                     | 9817056
---------------------------------------------------------------------------------------------------
Date: 8/27/2026 -- 00:04:44 (uptime: 0d, 00h 04m 16s)
---------------------------------------------------------------------------------------------------
Counter                                                      | TM Name                   | Value
---------------------------------------------------------------------------------------------------
capture.kernel_packets                                       | Total                     | 11883
capture.afpacket.polls                                       | Total                     | 30985
capture.afpacket.poll_timeout                                | Total                     | 29364
capture.afpacket.poll_data                                   | Total                     | 1621
decoder.pkts                                                 | Total                     | 11971
decoder.bytes                                                | Total                     | 13031099
decoder.ipv4                                                 | Total                     | 11396
decoder.ipv6                                                 | Total                     | 69
decoder.ethernet                                             | Total                     | 11971
decoder.arp                                                  | Total                     | 506
decoder.tcp                                                  | Total                     | 11449
tcp.syn                                                      | Total                     | 492
tcp.synack                                                   | Total                     | 464
tcp.rst                                                      | Total                     | 68
decoder.udp                                                  | Total                     | 3
decoder.icmpv6                                               | Total                     | 13
decoder.avg_pkt_size                                         | Total                     | 1088
decoder.max_pkt_size                                         | Total                     | 32834
tcp.active_sessions                                          | Total                     | 2
flow.total                                                   | Total                     | 506
flow.active                                                  | Total                     | 123
flow.tcp                                                     | Total                     | 499
flow.udp                                                     | Total                     | 2
flow.icmpv6                                                  | Total                     | 5
flow.wrk.spare_sync_avg                                      | Total                     | 100
flow.wrk.spare_sync                                          | Total                     | 12
decoder.event.ipv6.zero_len_padn                             | Total                     | 1
tcp.sessions                                                 | Total                     | 53
tcp.ssn_from_pool                                            | Total                     | 53
tcp.invalid_checksum                                         | Total                     | 5712
app_layer.flow.dhcp                                          | Total                     | 1
app_layer.flow.mdns                                          | Total                     | 1
app_layer.tx.dhcp                                            | Total                     | 1
app_layer.tx.mdns                                            | Total                     | 2
flow.end.state.new                                           | Total                     | 383
flow.end.tcp_state.syn_sent                                  | Total                     | 51
flow.mgr.full_hash_pass                                      | Total                     | 27
flow.mgr.rows_per_sec                                        | Total                     | 7208
flow.spare                                                   | Total                     | 10482
flow.mgr.rows_maxlen                                         | Total                     | 2
flow.mgr.flows_checked                                       | Total                     | 956
flow.mgr.flows_notimeout                                     | Total                     | 573
flow.mgr.flows_timeout                                       | Total                     | 383
flow.mgr.flows_evicted                                       | Total                     | 383
memcap.pressure                                              | Total                     | 11
memcap.pressure_max                                          | Total                     | 11
defrag.memuse                                                | Total                     | 33554432
flow.recycler.recycled                                       | Total                     | 383
flow.recycler.queue_avg                                      | Total                     | 1
flow.recycler.queue_max                                      | Total                     | 7
tcp.memuse                                                   | Total                     | 7471104
tcp.reassembly_memuse                                        | Total                     | 1376256
http.byterange.memuse                                        | Total                     | 176384
http.byterange.memcap                                        | Total                     | 104857600
ippair.memuse                                                | Total                     | 406144
ippair.memcap                                                | Total                     | 16777216
host.memuse                                                  | Total                     | 390144
host.memcap                                                  | Total                     | 33554432
flow.memuse                                                  | Total                     | 9817056
---------------------------------------------------------------------------------------------------
Date: 8/27/2026 -- 00:04:52 (uptime: 0d, 00h 04m 24s)
---------------------------------------------------------------------------------------------------
Counter                                                      | TM Name                   | Value
---------------------------------------------------------------------------------------------------
capture.kernel_packets                                       | Total                     | 12116
capture.afpacket.polls                                       | Total                     | 31701
capture.afpacket.poll_timeout                                | Total                     | 30065
capture.afpacket.poll_data                                   | Total                     | 1636
decoder.pkts                                                 | Total                     | 12115
decoder.bytes                                                | Total                     | 13072950
decoder.ipv4                                                 | Total                     | 11540
decoder.ipv6                                                 | Total                     | 69
decoder.ethernet                                             | Total                     | 12115
decoder.arp                                                  | Total                     | 506
decoder.tcp                                                  | Total                     | 11592
tcp.syn                                                      | Total                     | 505
tcp.synack                                                   | Total                     | 477
tcp.rst                                                      | Total                     | 68
decoder.udp                                                  | Total                     | 4
decoder.icmpv6                                               | Total                     | 13
decoder.avg_pkt_size                                         | Total                     | 1079
decoder.max_pkt_size                                         | Total                     | 32834
tcp.active_sessions                                          | Total                     | 2
flow.total                                                   | Total                     | 520
flow.active                                                  | Total                     | 123
flow.tcp                                                     | Total                     | 512
flow.udp                                                     | Total                     | 3
flow.icmpv6                                                  | Total                     | 5
flow.wrk.spare_sync_avg                                      | Total                     | 100
flow.wrk.spare_sync                                          | Total                     | 12
decoder.event.ipv6.zero_len_padn                             | Total                     | 1
tcp.sessions                                                 | Total                     | 53
tcp.ssn_from_pool                                            | Total                     | 53
tcp.invalid_checksum                                         | Total                     | 5787
app_layer.flow.dhcp                                          | Total                     | 1
app_layer.flow.mdns                                          | Total                     | 1
app_layer.flow.failed_udp                                    | Total                     | 1
app_layer.tx.dhcp                                            | Total                     | 1
app_layer.tx.mdns                                            | Total                     | 2
flow.end.state.new                                           | Total                     | 397
flow.end.tcp_state.syn_sent                                  | Total                     | 51
flow.mgr.full_hash_pass                                      | Total                     | 28
flow.mgr.rows_per_sec                                        | Total                     | 7208
flow.spare                                                   | Total                     | 10496
flow.mgr.rows_maxlen                                         | Total                     | 2
flow.mgr.flows_checked                                       | Total                     | 986
flow.mgr.flows_notimeout                                     | Total                     | 589
flow.mgr.flows_timeout                                       | Total                     | 397
flow.mgr.flows_evicted                                       | Total                     | 397
memcap.pressure                                              | Total                     | 11
memcap.pressure_max                                          | Total                     | 11
defrag.memuse                                                | Total                     | 33554432
flow.recycler.recycled                                       | Total                     | 397
flow.recycler.queue_avg                                      | Total                     | 1
flow.recycler.queue_max                                      | Total                     | 7
tcp.memuse                                                   | Total                     | 7471104
tcp.reassembly_memuse                                        | Total                     | 1376256
http.byterange.memuse                                        | Total                     | 176384
http.byterange.memcap                                        | Total                     | 104857600
ippair.memuse                                                | Total                     | 406144
ippair.memcap                                                | Total                     | 16777216
host.memuse                                                  | Total                     | 390144
host.memcap                                                  | Total                     | 33554432
flow.memuse                                                  | Total                     | 9817056
---------------------------------------------------------------------------------------------------
Date: 8/27/2026 -- 00:05:00 (uptime: 0d, 00h 04m 32s)
---------------------------------------------------------------------------------------------------
Counter                                                      | TM Name                   | Value
---------------------------------------------------------------------------------------------------
capture.kernel_packets                                       | Total                     | 12192
capture.afpacket.polls                                       | Total                     | 32768
capture.afpacket.poll_timeout                                | Total                     | 31116
capture.afpacket.poll_data                                   | Total                     | 1652
decoder.pkts                                                 | Total                     | 12193
decoder.bytes                                                | Total                     | 13090530
decoder.ipv4                                                 | Total                     | 11618
decoder.ipv6                                                 | Total                     | 69
decoder.ethernet                                             | Total                     | 12193
decoder.arp                                                  | Total                     | 506
decoder.tcp                                                  | Total                     | 11670
tcp.syn                                                      | Total                     | 508
tcp.synack                                                   | Total                     | 477
tcp.rst                                                      | Total                     | 68
decoder.udp                                                  | Total                     | 4
decoder.icmpv6                                               | Total                     | 13
decoder.avg_pkt_size                                         | Total                     | 1073
decoder.max_pkt_size                                         | Total                     | 32834
tcp.active_sessions                                          | Total                     | 5
flow.total                                                   | Total                     | 523
flow.active                                                  | Total                     | 114
flow.tcp                                                     | Total                     | 515
flow.udp                                                     | Total                     | 3
flow.icmpv6                                                  | Total                     | 5
flow.wrk.spare_sync_avg                                      | Total                     | 100
flow.wrk.spare_sync                                          | Total                     | 12
decoder.event.ipv6.zero_len_padn                             | Total                     | 1
tcp.sessions                                                 | Total                     | 56
tcp.ssn_from_pool                                            | Total                     | 56
tcp.invalid_checksum                                         | Total                     | 5822
app_layer.flow.dhcp                                          | Total                     | 1
app_layer.flow.mdns                                          | Total                     | 1
app_layer.flow.failed_udp                                    | Total                     | 1
app_layer.tx.dhcp                                            | Total                     | 1
app_layer.tx.mdns                                            | Total                     | 2
flow.end.state.new                                           | Total                     | 409
flow.end.tcp_state.syn_sent                                  | Total                     | 51
flow.mgr.full_hash_pass                                      | Total                     | 29
flow.mgr.rows_per_sec                                        | Total                     | 7208
flow.spare                                                   | Total                     | 10508
flow.mgr.rows_maxlen                                         | Total                     | 2
flow.mgr.flows_checked                                       | Total                     | 1016
flow.mgr.flows_notimeout                                     | Total                     | 607
flow.mgr.flows_timeout                                       | Total                     | 409
flow.mgr.flows_evicted                                       | Total                     | 409
memcap.pressure                                              | Total                     | 11
memcap.pressure_max                                          | Total                     | 11
defrag.memuse                                                | Total                     | 33554432
flow.recycler.recycled                                       | Total                     | 409
flow.recycler.queue_avg                                      | Total                     | 1
flow.recycler.queue_max                                      | Total                     | 7
tcp.memuse                                                   | Total                     | 7471104
tcp.reassembly_memuse                                        | Total                     | 1376256
http.byterange.memuse                                        | Total                     | 176384
http.byterange.memcap                                        | Total                     | 104857600
ippair.memuse                                                | Total                     | 406144
ippair.memcap                                                | Total                     | 16777216
host.memuse                                                  | Total                     | 390144
host.memcap                                                  | Total                     | 33554432
flow.memuse                                                  | Total                     | 9817056
---------------------------------------------------------------------------------------------------
Date: 8/27/2026 -- 00:05:08 (uptime: 0d, 00h 04m 40s)
---------------------------------------------------------------------------------------------------
Counter                                                      | TM Name                   | Value
---------------------------------------------------------------------------------------------------
capture.kernel_packets                                       | Total                     | 12463
capture.afpacket.polls                                       | Total                     | 33838
capture.afpacket.poll_timeout                                | Total                     | 32157
capture.afpacket.poll_data                                   | Total                     | 1681
decoder.pkts                                                 | Total                     | 12460
decoder.bytes                                                | Total                     | 13189215
decoder.ipv4                                                 | Total                     | 11885
decoder.ipv6                                                 | Total                     | 69
decoder.ethernet                                             | Total                     | 12460
decoder.arp                                                  | Total                     | 506
decoder.tcp                                                  | Total                     | 11937
tcp.syn                                                      | Total                     | 524
tcp.synack                                                   | Total                     | 493
tcp.rst                                                      | Total                     | 68
decoder.udp                                                  | Total                     | 4
decoder.icmpv6                                               | Total                     | 13
decoder.avg_pkt_size                                         | Total                     | 1058
decoder.max_pkt_size                                         | Total                     | 32834
tcp.active_sessions                                          | Total                     | 4
flow.total                                                   | Total                     | 539
flow.active                                                  | Total                     | 120
flow.tcp                                                     | Total                     | 531
flow.udp                                                     | Total                     | 3
flow.icmpv6                                                  | Total                     | 5
flow.wrk.spare_sync_avg                                      | Total                     | 100
flow.wrk.spare_sync                                          | Total                     | 12
decoder.event.ipv6.zero_len_padn                             | Total                     | 1
tcp.sessions                                                 | Total                     | 56
tcp.ssn_from_pool                                            | Total                     | 56
tcp.invalid_checksum                                         | Total                     | 5947
app_layer.flow.dhcp                                          | Total                     | 1
app_layer.flow.mdns                                          | Total                     | 1
app_layer.flow.failed_udp                                    | Total                     | 1
app_layer.tx.dhcp                                            | Total                     | 1
app_layer.tx.mdns                                            | Total                     | 2
flow.end.state.new                                           | Total                     | 419
flow.end.tcp_state.syn_sent                                  | Total                     | 52
flow.mgr.full_hash_pass                                      | Total                     | 30
flow.mgr.rows_per_sec                                        | Total                     | 7208
flow.spare                                                   | Total                     | 10517
flow.mgr.rows_maxlen                                         | Total                     | 2
flow.mgr.flows_checked                                       | Total                     | 1045
flow.mgr.flows_notimeout                                     | Total                     | 626
flow.mgr.flows_timeout                                       | Total                     | 419
flow.mgr.flows_evicted                                       | Total                     | 419
memcap.pressure                                              | Total                     | 11
memcap.pressure_max                                          | Total                     | 11
defrag.memuse                                                | Total                     | 33554432
flow.recycler.recycled                                       | Total                     | 419
flow.recycler.queue_avg                                      | Total                     | 1
flow.recycler.queue_max                                      | Total                     | 7
tcp.memuse                                                   | Total                     | 7471104
tcp.reassembly_memuse                                        | Total                     | 1376256
http.byterange.memuse                                        | Total                     | 176384
http.byterange.memcap                                        | Total                     | 104857600
ippair.memuse                                                | Total                     | 406144
ippair.memcap                                                | Total                     | 16777216
host.memuse                                                  | Total                     | 390144
host.memcap                                                  | Total                     | 33554432
flow.memuse                                                  | Total                     | 9817056
---------------------------------------------------------------------------------------------------
Date: 8/27/2026 -- 00:05:16 (uptime: 0d, 00h 04m 48s)
---------------------------------------------------------------------------------------------------
Counter                                                      | TM Name                   | Value
---------------------------------------------------------------------------------------------------
capture.kernel_packets                                       | Total                     | 12653
capture.afpacket.polls                                       | Total                     | 34551
capture.afpacket.poll_timeout                                | Total                     | 32847
capture.afpacket.poll_data                                   | Total                     | 1704
decoder.pkts                                                 | Total                     | 12650
decoder.bytes                                                | Total                     | 13246408
decoder.ipv4                                                 | Total                     | 12075
decoder.ipv6                                                 | Total                     | 69
decoder.ethernet                                             | Total                     | 12650
decoder.arp                                                  | Total                     | 506
decoder.tcp                                                  | Total                     | 12127
tcp.syn                                                      | Total                     | 537
tcp.synack                                                   | Total                     | 506
tcp.rst                                                      | Total                     | 68
decoder.udp                                                  | Total                     | 4
decoder.icmpv6                                               | Total                     | 13
decoder.avg_pkt_size                                         | Total                     | 1047
decoder.max_pkt_size                                         | Total                     | 32834
tcp.active_sessions                                          | Total                     | 4
flow.total                                                   | Total                     | 552
flow.active                                                  | Total                     | 117
flow.tcp                                                     | Total                     | 544
flow.udp                                                     | Total                     | 3
flow.icmpv6                                                  | Total                     | 5
flow.wrk.spare_sync_avg                                      | Total                     | 100
flow.wrk.spare_sync                                          | Total                     | 12
decoder.event.ipv6.zero_len_padn                             | Total                     | 1
tcp.sessions                                                 | Total                     | 56
tcp.ssn_from_pool                                            | Total                     | 56
tcp.invalid_checksum                                         | Total                     | 6038
app_layer.flow.dhcp                                          | Total                     | 1
app_layer.flow.mdns                                          | Total                     | 1
app_layer.flow.failed_udp                                    | Total                     | 1
app_layer.tx.dhcp                                            | Total                     | 1
app_layer.tx.mdns                                            | Total                     | 2
flow.end.state.new                                           | Total                     | 435
flow.end.tcp_state.syn_sent                                  | Total                     | 52
flow.mgr.full_hash_pass                                      | Total                     | 31
flow.mgr.rows_per_sec                                        | Total                     | 7208
flow.spare                                                   | Total                     | 10532
flow.mgr.rows_maxlen                                         | Total                     | 2
flow.mgr.flows_checked                                       | Total                     | 1068
flow.mgr.flows_notimeout                                     | Total                     | 633
flow.mgr.flows_timeout                                       | Total                     | 435
flow.mgr.flows_evicted                                       | Total                     | 435
memcap.pressure                                              | Total                     | 11
memcap.pressure_max                                          | Total                     | 11
defrag.memuse                                                | Total                     | 33554432
flow.recycler.recycled                                       | Total                     | 435
flow.recycler.queue_avg                                      | Total                     | 1
flow.recycler.queue_max                                      | Total                     | 7
tcp.memuse                                                   | Total                     | 7471104
tcp.reassembly_memuse                                        | Total                     | 1376256
http.byterange.memuse                                        | Total                     | 176384
http.byterange.memcap                                        | Total                     | 104857600
ippair.memuse                                                | Total                     | 406144
ippair.memcap                                                | Total                     | 16777216
host.memuse                                                  | Total                     | 390144
host.memcap                                                  | Total                     | 33554432
flow.memuse                                                  | Total                     | 9817056
---------------------------------------------------------------------------------------------------
Date: 8/27/2026 -- 00:05:24 (uptime: 0d, 00h 04m 56s)
---------------------------------------------------------------------------------------------------
Counter                                                      | TM Name                   | Value
---------------------------------------------------------------------------------------------------
capture.kernel_packets                                       | Total                     | 12858
capture.afpacket.polls                                       | Total                     | 35627
capture.afpacket.poll_timeout                                | Total                     | 33896
capture.afpacket.poll_data                                   | Total                     | 1731
decoder.pkts                                                 | Total                     | 12855
decoder.bytes                                                | Total                     | 13304591
decoder.ipv4                                                 | Total                     | 12280
decoder.ipv6                                                 | Total                     | 69
decoder.ethernet                                             | Total                     | 12855
decoder.arp                                                  | Total                     | 506
decoder.tcp                                                  | Total                     | 12332
tcp.syn                                                      | Total                     | 550
tcp.synack                                                   | Total                     | 519
tcp.rst                                                      | Total                     | 68
decoder.udp                                                  | Total                     | 4
decoder.icmpv6                                               | Total                     | 13
decoder.avg_pkt_size                                         | Total                     | 1034
decoder.max_pkt_size                                         | Total                     | 32834
tcp.active_sessions                                          | Total                     | 4
flow.total                                                   | Total                     | 565
flow.active                                                  | Total                     | 119
flow.tcp                                                     | Total                     | 557
flow.udp                                                     | Total                     | 3
flow.icmpv6                                                  | Total                     | 5
flow.wrk.spare_sync_avg                                      | Total                     | 100
flow.wrk.spare_sync                                          | Total                     | 12
decoder.event.ipv6.zero_len_padn                             | Total                     | 1
tcp.sessions                                                 | Total                     | 56
tcp.ssn_from_pool                                            | Total                     | 56
tcp.invalid_checksum                                         | Total                     | 6137
app_layer.flow.dhcp                                          | Total                     | 1
app_layer.flow.mdns                                          | Total                     | 1
app_layer.flow.failed_udp                                    | Total                     | 1
app_layer.tx.dhcp                                            | Total                     | 1
app_layer.tx.mdns                                            | Total                     | 2
flow.end.state.new                                           | Total                     | 446
flow.end.tcp_state.syn_sent                                  | Total                     | 52
flow.mgr.full_hash_pass                                      | Total                     | 32
flow.mgr.rows_per_sec                                        | Total                     | 7208
flow.spare                                                   | Total                     | 10545
flow.mgr.rows_maxlen                                         | Total                     | 2
flow.mgr.flows_checked                                       | Total                     | 1096
flow.mgr.flows_notimeout                                     | Total                     | 650
flow.mgr.flows_timeout                                       | Total                     | 446
flow.mgr.flows_evicted                                       | Total                     | 446
memcap.pressure                                              | Total                     | 11
memcap.pressure_max                                          | Total                     | 11
defrag.memuse                                                | Total                     | 33554432
flow.recycler.recycled                                       | Total                     | 446
flow.recycler.queue_avg                                      | Total                     | 1
flow.recycler.queue_max                                      | Total                     | 7
tcp.memuse                                                   | Total                     | 7471104
tcp.reassembly_memuse                                        | Total                     | 1376256
http.byterange.memuse                                        | Total                     | 176384
http.byterange.memcap                                        | Total                     | 104857600
ippair.memuse                                                | Total                     | 406144
ippair.memcap                                                | Total                     | 16777216
host.memuse                                                  | Total                     | 390144
host.memcap                                                  | Total                     | 33554432
flow.memuse                                                  | Total                     | 9817056
---------------------------------------------------------------------------------------------------
Date: 8/27/2026 -- 00:05:32 (uptime: 0d, 00h 05m 04s)
---------------------------------------------------------------------------------------------------
Counter                                                      | TM Name                   | Value
---------------------------------------------------------------------------------------------------
capture.kernel_packets                                       | Total                     | 13192
capture.afpacket.polls                                       | Total                     | 36703
capture.afpacket.poll_timeout                                | Total                     | 34939
capture.afpacket.poll_data                                   | Total                     | 1764
decoder.pkts                                                 | Total                     | 13195
decoder.bytes                                                | Total                     | 13417532
decoder.ipv4                                                 | Total                     | 12620
decoder.ipv6                                                 | Total                     | 69
decoder.ethernet                                             | Total                     | 13195
decoder.arp                                                  | Total                     | 506
decoder.tcp                                                  | Total                     | 12672
tcp.syn                                                      | Total                     | 572
tcp.synack                                                   | Total                     | 541
tcp.rst                                                      | Total                     | 68
decoder.udp                                                  | Total                     | 4
decoder.icmpv6                                               | Total                     | 13
decoder.avg_pkt_size                                         | Total                     | 1016
decoder.max_pkt_size                                         | Total                     | 32834
tcp.active_sessions                                          | Total                     | 4
flow.total                                                   | Total                     | 587
flow.active                                                  | Total                     | 118
flow.tcp                                                     | Total                     | 579
flow.udp                                                     | Total                     | 3
flow.icmpv6                                                  | Total                     | 5
flow.wrk.spare_sync_avg                                      | Total                     | 100
flow.wrk.spare_sync                                          | Total                     | 12
decoder.event.ipv6.zero_len_padn                             | Total                     | 1
tcp.sessions                                                 | Total                     | 56
tcp.ssn_from_pool                                            | Total                     | 56
tcp.invalid_checksum                                         | Total                     | 6296
app_layer.flow.dhcp                                          | Total                     | 1
app_layer.flow.mdns                                          | Total                     | 1
app_layer.flow.failed_udp                                    | Total                     | 1
app_layer.tx.dhcp                                            | Total                     | 1
app_layer.tx.mdns                                            | Total                     | 2
flow.end.state.new                                           | Total                     | 469
flow.end.tcp_state.syn_sent                                  | Total                     | 52
flow.mgr.full_hash_pass                                      | Total                     | 33
flow.mgr.rows_per_sec                                        | Total                     | 7208
flow.spare                                                   | Total                     | 10564
flow.mgr.rows_maxlen                                         | Total                     | 2
flow.mgr.flows_checked                                       | Total                     | 1144
flow.mgr.flows_notimeout                                     | Total                     | 675
flow.mgr.flows_timeout                                       | Total                     | 469
flow.mgr.flows_evicted                                       | Total                     | 469
memcap.pressure                                              | Total                     | 11
memcap.pressure_max                                          | Total                     | 11
defrag.memuse                                                | Total                     | 33554432
flow.recycler.recycled                                       | Total                     | 469
flow.recycler.queue_avg                                      | Total                     | 1
flow.recycler.queue_max                                      | Total                     | 7
tcp.memuse                                                   | Total                     | 7471104
tcp.reassembly_memuse                                        | Total                     | 1376256
http.byterange.memuse                                        | Total                     | 176384
http.byterange.memcap                                        | Total                     | 104857600
ippair.memuse                                                | Total                     | 406144
ippair.memcap                                                | Total                     | 16777216
host.memuse                                                  | Total                     | 390144
host.memcap                                                  | Total                     | 33554432
flow.memuse                                                  | Total                     | 9817056
---------------------------------------------------------------------------------------------------
Date: 8/27/2026 -- 00:05:40 (uptime: 0d, 00h 05m 12s)
---------------------------------------------------------------------------------------------------
Counter                                                      | TM Name                   | Value
---------------------------------------------------------------------------------------------------
capture.kernel_packets                                       | Total                     | 13278
capture.afpacket.polls                                       | Total                     | 37414
capture.afpacket.poll_timeout                                | Total                     | 35639
capture.afpacket.poll_data                                   | Total                     | 1775
decoder.pkts                                                 | Total                     | 13275
decoder.bytes                                                | Total                     | 13459215
decoder.ipv4                                                 | Total                     | 12700
decoder.ipv6                                                 | Total                     | 69
decoder.ethernet                                             | Total                     | 13275
decoder.arp                                                  | Total                     | 506
decoder.tcp                                                  | Total                     | 12752
tcp.syn                                                      | Total                     | 576
tcp.synack                                                   | Total                     | 545
tcp.rst                                                      | Total                     | 69
decoder.udp                                                  | Total                     | 4
decoder.icmpv6                                               | Total                     | 13
decoder.avg_pkt_size                                         | Total                     | 1013
decoder.max_pkt_size                                         | Total                     | 32834
tcp.active_sessions                                          | Total                     | 5
flow.total                                                   | Total                     | 591
flow.active                                                  | Total                     | 114
flow.tcp                                                     | Total                     | 583
flow.udp                                                     | Total                     | 3
flow.icmpv6                                                  | Total                     | 5
flow.wrk.spare_sync_avg                                      | Total                     | 100
flow.wrk.spare_sync                                          | Total                     | 12
decoder.event.ipv6.zero_len_padn                             | Total                     | 1
tcp.sessions                                                 | Total                     | 57
tcp.ssn_from_pool                                            | Total                     | 57
tcp.invalid_checksum                                         | Total                     | 6330
app_layer.flow.dhcp                                          | Total                     | 1
app_layer.flow.mdns                                          | Total                     | 1
app_layer.flow.failed_udp                                    | Total                     | 1
app_layer.tx.dhcp                                            | Total                     | 1
app_layer.tx.mdns                                            | Total                     | 2
flow.end.state.new                                           | Total                     | 477
flow.end.tcp_state.syn_sent                                  | Total                     | 52
flow.mgr.full_hash_pass                                      | Total                     | 34
flow.mgr.rows_per_sec                                        | Total                     | 7208
flow.spare                                                   | Total                     | 10577
flow.mgr.rows_maxlen                                         | Total                     | 2
flow.mgr.flows_checked                                       | Total                     | 1165
flow.mgr.flows_notimeout                                     | Total                     | 688
flow.mgr.flows_timeout                                       | Total                     | 477
flow.mgr.flows_evicted                                       | Total                     | 477
memcap.pressure                                              | Total                     | 11
memcap.pressure_max                                          | Total                     | 11
defrag.memuse                                                | Total                     | 33554432
flow.recycler.recycled                                       | Total                     | 477
flow.recycler.queue_avg                                      | Total                     | 1
flow.recycler.queue_max                                      | Total                     | 7
tcp.memuse                                                   | Total                     | 7471104
tcp.reassembly_memuse                                        | Total                     | 1376256
http.byterange.memuse                                        | Total                     | 176384
http.byterange.memcap                                        | Total                     | 104857600
ippair.memuse                                                | Total                     | 406144
ippair.memcap                                                | Total                     | 16777216
host.memuse                                                  | Total                     | 390144
host.memcap                                                  | Total                     | 33554432
flow.memuse                                                  | Total                     | 9817056
---------------------------------------------------------------------------------------------------
Date: 8/27/2026 -- 00:05:48 (uptime: 0d, 00h 05m 20s)
---------------------------------------------------------------------------------------------------
Counter                                                      | TM Name                   | Value
---------------------------------------------------------------------------------------------------
capture.kernel_packets                                       | Total                     | 13471
capture.afpacket.polls                                       | Total                     | 38487
capture.afpacket.poll_timeout                                | Total                     | 36690
capture.afpacket.poll_data                                   | Total                     | 1797
decoder.pkts                                                 | Total                     | 13468
decoder.bytes                                                | Total                     | 13516613
decoder.ipv4                                                 | Total                     | 12893
decoder.ipv6                                                 | Total                     | 69
decoder.ethernet                                             | Total                     | 13468
decoder.arp                                                  | Total                     | 506
decoder.tcp                                                  | Total                     | 12945
tcp.syn                                                      | Total                     | 589
tcp.synack                                                   | Total                     | 558
tcp.rst                                                      | Total                     | 69
decoder.udp                                                  | Total                     | 4
decoder.icmpv6                                               | Total                     | 13
decoder.avg_pkt_size                                         | Total                     | 1003
decoder.max_pkt_size                                         | Total                     | 32834
tcp.active_sessions                                          | Total                     | 5
flow.total                                                   | Total                     | 604
flow.active                                                  | Total                     | 111
flow.tcp                                                     | Total                     | 596
flow.udp                                                     | Total                     | 3
flow.icmpv6                                                  | Total                     | 5
flow.wrk.spare_sync_avg                                      | Total                     | 100
flow.wrk.spare_sync                                          | Total                     | 12
decoder.event.ipv6.zero_len_padn                             | Total                     | 1
tcp.sessions                                                 | Total                     | 57
tcp.ssn_from_pool                                            | Total                     | 57
tcp.invalid_checksum                                         | Total                     | 6422
app_layer.flow.dhcp                                          | Total                     | 1
app_layer.flow.mdns                                          | Total                     | 1
app_layer.flow.failed_udp                                    | Total                     | 1
app_layer.tx.dhcp                                            | Total                     | 1
app_layer.tx.mdns                                            | Total                     | 2
flow.end.state.new                                           | Total                     | 493
flow.end.tcp_state.syn_sent                                  | Total                     | 52
flow.mgr.full_hash_pass                                      | Total                     | 35
flow.mgr.rows_per_sec                                        | Total                     | 7208
flow.spare                                                   | Total                     | 10590
flow.mgr.rows_maxlen                                         | Total                     | 2
flow.mgr.flows_checked                                       | Total                     | 1198
flow.mgr.flows_notimeout                                     | Total                     | 705
flow.mgr.flows_timeout                                       | Total                     | 493
flow.mgr.flows_evicted                                       | Total                     | 493
memcap.pressure                                              | Total                     | 11
memcap.pressure_max                                          | Total                     | 11
defrag.memuse                                                | Total                     | 33554432
flow.recycler.recycled                                       | Total                     | 493
flow.recycler.queue_avg                                      | Total                     | 1
flow.recycler.queue_max                                      | Total                     | 7
tcp.memuse                                                   | Total                     | 7471104
tcp.reassembly_memuse                                        | Total                     | 1376256
http.byterange.memuse                                        | Total                     | 176384
http.byterange.memcap                                        | Total                     | 104857600
ippair.memuse                                                | Total                     | 406144
ippair.memcap                                                | Total                     | 16777216
host.memuse                                                  | Total                     | 390144
host.memcap                                                  | Total                     | 33554432
flow.memuse                                                  | Total                     | 9817056
---------------------------------------------------------------------------------------------------
Date: 8/27/2026 -- 00:05:56 (uptime: 0d, 00h 05m 28s)
---------------------------------------------------------------------------------------------------
Counter                                                      | TM Name                   | Value
---------------------------------------------------------------------------------------------------
capture.kernel_packets                                       | Total                     | 13669
capture.afpacket.polls                                       | Total                     | 39563
capture.afpacket.poll_timeout                                | Total                     | 37736
capture.afpacket.poll_data                                   | Total                     | 1827
decoder.pkts                                                 | Total                     | 13666
decoder.bytes                                                | Total                     | 13574339
decoder.ipv4                                                 | Total                     | 13091
decoder.ipv6                                                 | Total                     | 69
decoder.ethernet                                             | Total                     | 13666
decoder.arp                                                  | Total                     | 506
decoder.tcp                                                  | Total                     | 13143
tcp.syn                                                      | Total                     | 602
tcp.synack                                                   | Total                     | 571
tcp.rst                                                      | Total                     | 69
decoder.udp                                                  | Total                     | 4
decoder.icmpv6                                               | Total                     | 13
decoder.avg_pkt_size                                         | Total                     | 993
decoder.max_pkt_size                                         | Total                     | 32834
tcp.active_sessions                                          | Total                     | 4
flow.total                                                   | Total                     | 617
flow.active                                                  | Total                     | 115
flow.tcp                                                     | Total                     | 609
flow.udp                                                     | Total                     | 3
flow.icmpv6                                                  | Total                     | 5
flow.wrk.spare_sync_avg                                      | Total                     | 100
flow.wrk.spare_sync                                          | Total                     | 12
decoder.event.ipv6.zero_len_padn                             | Total                     | 1
tcp.sessions                                                 | Total                     | 57
tcp.ssn_from_pool                                            | Total                     | 57
tcp.invalid_checksum                                         | Total                     | 6516
app_layer.flow.dhcp                                          | Total                     | 1
app_layer.flow.mdns                                          | Total                     | 1
app_layer.flow.failed_udp                                    | Total                     | 1
app_layer.tx.dhcp                                            | Total                     | 1
app_layer.tx.mdns                                            | Total                     | 2
flow.end.state.new                                           | Total                     | 502
flow.end.tcp_state.syn_sent                                  | Total                     | 53
flow.mgr.full_hash_pass                                      | Total                     | 36
flow.mgr.rows_per_sec                                        | Total                     | 7208
flow.spare                                                   | Total                     | 10600
flow.mgr.rows_maxlen                                         | Total                     | 2
flow.mgr.flows_checked                                       | Total                     | 1220
flow.mgr.flows_notimeout                                     | Total                     | 718
flow.mgr.flows_timeout                                       | Total                     | 502
flow.mgr.flows_evicted                                       | Total                     | 502
memcap.pressure                                              | Total                     | 11
memcap.pressure_max                                          | Total                     | 11
defrag.memuse                                                | Total                     | 33554432
flow.recycler.recycled                                       | Total                     | 502
flow.recycler.queue_avg                                      | Total                     | 1
flow.recycler.queue_max                                      | Total                     | 7
tcp.memuse                                                   | Total                     | 7471104
tcp.reassembly_memuse                                        | Total                     | 1376256
http.byterange.memuse                                        | Total                     | 176384
http.byterange.memcap                                        | Total                     | 104857600
ippair.memuse                                                | Total                     | 406144
ippair.memcap                                                | Total                     | 16777216
host.memuse                                                  | Total                     | 390144
host.memcap                                                  | Total                     | 33554432
flow.memuse                                                  | Total                     | 9817056
---------------------------------------------------------------------------------------------------
Date: 8/27/2026 -- 00:06:04 (uptime: 0d, 00h 05m 36s)
---------------------------------------------------------------------------------------------------
Counter                                                      | TM Name                   | Value
---------------------------------------------------------------------------------------------------
capture.kernel_packets                                       | Total                     | 13862
capture.afpacket.polls                                       | Total                     | 40282
capture.afpacket.poll_timeout                                | Total                     | 38431
capture.afpacket.poll_data                                   | Total                     | 1851
decoder.pkts                                                 | Total                     | 13863
decoder.bytes                                                | Total                     | 13631998
decoder.ipv4                                                 | Total                     | 13288
decoder.ipv6                                                 | Total                     | 69
decoder.ethernet                                             | Total                     | 13863
decoder.arp                                                  | Total                     | 506
decoder.tcp                                                  | Total                     | 13340
tcp.syn                                                      | Total                     | 615
tcp.synack                                                   | Total                     | 584
tcp.rst                                                      | Total                     | 69
decoder.udp                                                  | Total                     | 4
decoder.icmpv6                                               | Total                     | 13
decoder.avg_pkt_size                                         | Total                     | 983
decoder.max_pkt_size                                         | Total                     | 32834
tcp.active_sessions                                          | Total                     | 2
flow.total                                                   | Total                     | 630
flow.active                                                  | Total                     | 118
flow.tcp                                                     | Total                     | 622
flow.udp                                                     | Total                     | 3
flow.icmpv6                                                  | Total                     | 5
flow.wrk.spare_sync_avg                                      | Total                     | 100
flow.wrk.spare_sync                                          | Total                     | 12
decoder.event.ipv6.zero_len_padn                             | Total                     | 1
tcp.sessions                                                 | Total                     | 57
tcp.ssn_from_pool                                            | Total                     | 57
tcp.invalid_checksum                                         | Total                     | 6612
app_layer.flow.dhcp                                          | Total                     | 1
app_layer.flow.mdns                                          | Total                     | 1
app_layer.flow.failed_udp                                    | Total                     | 1
app_layer.tx.dhcp                                            | Total                     | 1
app_layer.tx.mdns                                            | Total                     | 2
flow.end.state.new                                           | Total                     | 512
flow.end.tcp_state.syn_sent                                  | Total                     | 55
flow.mgr.full_hash_pass                                      | Total                     | 36
flow.mgr.rows_per_sec                                        | Total                     | 7208
flow.spare                                                   | Total                     | 10611
flow.mgr.rows_maxlen                                         | Total                     | 2
flow.mgr.flows_checked                                       | Total                     | 1244
flow.mgr.flows_notimeout                                     | Total                     | 732
flow.mgr.flows_timeout                                       | Total                     | 512
flow.mgr.flows_evicted                                       | Total                     | 512
memcap.pressure                                              | Total                     | 11
memcap.pressure_max                                          | Total                     | 11
defrag.memuse                                                | Total                     | 33554432
flow.recycler.recycled                                       | Total                     | 512
flow.recycler.queue_avg                                      | Total                     | 1
flow.recycler.queue_max                                      | Total                     | 7
tcp.memuse                                                   | Total                     | 7471104
tcp.reassembly_memuse                                        | Total                     | 1376256
http.byterange.memuse                                        | Total                     | 176384
http.byterange.memcap                                        | Total                     | 104857600
ippair.memuse                                                | Total                     | 406144
ippair.memcap                                                | Total                     | 16777216
host.memuse                                                  | Total                     | 390144
host.memcap                                                  | Total                     | 33554432
flow.memuse                                                  | Total                     | 9817056
---------------------------------------------------------------------------------------------------
Date: 8/27/2026 -- 00:06:12 (uptime: 0d, 00h 05m 44s)
---------------------------------------------------------------------------------------------------
Counter                                                      | TM Name                   | Value
---------------------------------------------------------------------------------------------------
capture.kernel_packets                                       | Total                     | 14085
capture.afpacket.polls                                       | Total                     | 41354
capture.afpacket.poll_timeout                                | Total                     | 39477
capture.afpacket.poll_data                                   | Total                     | 1877
decoder.pkts                                                 | Total                     | 14082
decoder.bytes                                                | Total                     | 13717175
decoder.ipv4                                                 | Total                     | 13507
decoder.ipv6                                                 | Total                     | 69
decoder.ethernet                                             | Total                     | 14082
decoder.arp                                                  | Total                     | 506
decoder.tcp                                                  | Total                     | 13559
tcp.syn                                                      | Total                     | 631
tcp.synack                                                   | Total                     | 600
tcp.rst                                                      | Total                     | 72
decoder.udp                                                  | Total                     | 4
decoder.icmpv6                                               | Total                     | 13
decoder.avg_pkt_size                                         | Total                     | 974
decoder.max_pkt_size                                         | Total                     | 32834
tcp.active_sessions                                          | Total                     | 2
flow.total                                                   | Total                     | 649
flow.active                                                  | Total                     | 121
flow.tcp                                                     | Total                     | 641
flow.udp                                                     | Total                     | 3
flow.icmpv6                                                  | Total                     | 5
flow.wrk.spare_sync_avg                                      | Total                     | 100
flow.wrk.spare_sync                                          | Total                     | 12
decoder.event.ipv6.zero_len_padn                             | Total                     | 1
tcp.sessions                                                 | Total                     | 57
tcp.ssn_from_pool                                            | Total                     | 57
tcp.invalid_checksum                                         | Total                     | 6716
app_layer.flow.dhcp                                          | Total                     | 1
app_layer.flow.mdns                                          | Total                     | 1
app_layer.flow.failed_udp                                    | Total                     | 1
app_layer.tx.dhcp                                            | Total                     | 1
app_layer.tx.mdns                                            | Total                     | 2
flow.end.state.new                                           | Total                     | 528
flow.end.tcp_state.syn_sent                                  | Total                     | 55
flow.mgr.full_hash_pass                                      | Total                     | 37
flow.mgr.rows_per_sec                                        | Total                     | 7208
flow.spare                                                   | Total                     | 10626
flow.mgr.rows_maxlen                                         | Total                     | 2
flow.mgr.flows_checked                                       | Total                     | 1270
flow.mgr.flows_notimeout                                     | Total                     | 742
flow.mgr.flows_timeout                                       | Total                     | 528
flow.mgr.flows_evicted                                       | Total                     | 528
memcap.pressure                                              | Total                     | 11
memcap.pressure_max                                          | Total                     | 11
defrag.memuse                                                | Total                     | 33554432
flow.recycler.recycled                                       | Total                     | 528
flow.recycler.queue_avg                                      | Total                     | 1
flow.recycler.queue_max                                      | Total                     | 7
tcp.memuse                                                   | Total                     | 7471104
tcp.reassembly_memuse                                        | Total                     | 1376256
http.byterange.memuse                                        | Total                     | 176384
http.byterange.memcap                                        | Total                     | 104857600
ippair.memuse                                                | Total                     | 406144
ippair.memcap                                                | Total                     | 16777216
host.memuse                                                  | Total                     | 390144
host.memcap                                                  | Total                     | 33554432
flow.memuse                                                  | Total                     | 9817056
---------------------------------------------------------------------------------------------------
Date: 8/27/2026 -- 00:06:20 (uptime: 0d, 00h 05m 52s)
---------------------------------------------------------------------------------------------------
Counter                                                      | TM Name                   | Value
---------------------------------------------------------------------------------------------------
capture.kernel_packets                                       | Total                     | 14274
capture.afpacket.polls                                       | Total                     | 42404
capture.afpacket.poll_timeout                                | Total                     | 40504
capture.afpacket.poll_data                                   | Total                     | 1900
decoder.pkts                                                 | Total                     | 14271
decoder.bytes                                                | Total                     | 13772210
decoder.ipv4                                                 | Total                     | 13696
decoder.ipv6                                                 | Total                     | 69
decoder.ethernet                                             | Total                     | 14271
decoder.arp                                                  | Total                     | 506
decoder.tcp                                                  | Total                     | 13748
tcp.syn                                                      | Total                     | 644
tcp.synack                                                   | Total                     | 613
tcp.rst                                                      | Total                     | 72
decoder.udp                                                  | Total                     | 4
decoder.icmpv6                                               | Total                     | 13
decoder.avg_pkt_size                                         | Total                     | 965
decoder.max_pkt_size                                         | Total                     | 32834
tcp.active_sessions                                          | Total                     | 2
flow.total                                                   | Total                     | 662
flow.active                                                  | Total                     | 122
flow.tcp                                                     | Total                     | 654
flow.udp                                                     | Total                     | 3
flow.icmpv6                                                  | Total                     | 5
flow.wrk.spare_sync_avg                                      | Total                     | 100
flow.wrk.spare_sync                                          | Total                     | 12
decoder.event.ipv6.zero_len_padn                             | Total                     | 1
tcp.sessions                                                 | Total                     | 57
tcp.ssn_from_pool                                            | Total                     | 57
tcp.invalid_checksum                                         | Total                     | 6807
app_layer.flow.dhcp                                          | Total                     | 1
app_layer.flow.mdns                                          | Total                     | 1
app_layer.flow.failed_udp                                    | Total                     | 1
app_layer.tx.dhcp                                            | Total                     | 1
app_layer.tx.mdns                                            | Total                     | 2
flow.end.state.new                                           | Total                     | 540
flow.end.tcp_state.syn_sent                                  | Total                     | 55
flow.mgr.full_hash_pass                                      | Total                     | 38
flow.mgr.rows_per_sec                                        | Total                     | 7208
flow.spare                                                   | Total                     | 10637
flow.mgr.rows_maxlen                                         | Total                     | 2
flow.mgr.flows_checked                                       | Total                     | 1305
flow.mgr.flows_notimeout                                     | Total                     | 765
flow.mgr.flows_timeout                                       | Total                     | 540
flow.mgr.flows_evicted                                       | Total                     | 540
memcap.pressure                                              | Total                     | 11
memcap.pressure_max                                          | Total                     | 11
defrag.memuse                                                | Total                     | 33554432
flow.recycler.recycled                                       | Total                     | 540
flow.recycler.queue_avg                                      | Total                     | 1
flow.recycler.queue_max                                      | Total                     | 7
tcp.memuse                                                   | Total                     | 7471104
tcp.reassembly_memuse                                        | Total                     | 1376256
http.byterange.memuse                                        | Total                     | 176384
http.byterange.memcap                                        | Total                     | 104857600
ippair.memuse                                                | Total                     | 406144
ippair.memcap                                                | Total                     | 16777216
host.memuse                                                  | Total                     | 390144
host.memcap                                                  | Total                     | 33554432
flow.memuse                                                  | Total                     | 9817056
---------------------------------------------------------------------------------------------------
Date: 8/27/2026 -- 00:06:28 (uptime: 0d, 00h 06m 00s)
---------------------------------------------------------------------------------------------------
Counter                                                      | TM Name                   | Value
---------------------------------------------------------------------------------------------------
capture.kernel_packets                                       | Total                     | 14434
capture.afpacket.polls                                       | Total                     | 43123
capture.afpacket.poll_timeout                                | Total                     | 41205
capture.afpacket.poll_data                                   | Total                     | 1918
decoder.pkts                                                 | Total                     | 14431
decoder.bytes                                                | Total                     | 13806351
decoder.ipv4                                                 | Total                     | 13856
decoder.ipv6                                                 | Total                     | 69
decoder.ethernet                                             | Total                     | 14431
decoder.arp                                                  | Total                     | 506
decoder.tcp                                                  | Total                     | 13908
tcp.syn                                                      | Total                     | 651
tcp.synack                                                   | Total                     | 620
tcp.rst                                                      | Total                     | 72
decoder.udp                                                  | Total                     | 4
decoder.icmpv6                                               | Total                     | 13
decoder.avg_pkt_size                                         | Total                     | 956
decoder.max_pkt_size                                         | Total                     | 32834
tcp.active_sessions                                          | Total                     | 2
flow.total                                                   | Total                     | 669
flow.active                                                  | Total                     | 120
flow.tcp                                                     | Total                     | 661
flow.udp                                                     | Total                     | 3
flow.icmpv6                                                  | Total                     | 5
flow.wrk.spare_sync_avg                                      | Total                     | 100
flow.wrk.spare_sync                                          | Total                     | 12
decoder.event.ipv6.zero_len_padn                             | Total                     | 1
tcp.sessions                                                 | Total                     | 57
tcp.ssn_from_pool                                            | Total                     | 57
tcp.invalid_checksum                                         | Total                     | 6886
app_layer.flow.dhcp                                          | Total                     | 1
app_layer.flow.mdns                                          | Total                     | 1
app_layer.flow.failed_udp                                    | Total                     | 1
app_layer.tx.dhcp                                            | Total                     | 1
app_layer.tx.mdns                                            | Total                     | 2
flow.end.state.new                                           | Total                     | 549
flow.end.tcp_state.syn_sent                                  | Total                     | 55
flow.mgr.full_hash_pass                                      | Total                     | 39
flow.mgr.rows_per_sec                                        | Total                     | 7208
flow.spare                                                   | Total                     | 10647
flow.mgr.rows_maxlen                                         | Total                     | 2
flow.mgr.flows_checked                                       | Total                     | 1323
flow.mgr.flows_notimeout                                     | Total                     | 774
flow.mgr.flows_timeout                                       | Total                     | 549
flow.mgr.flows_evicted                                       | Total                     | 549
memcap.pressure                                              | Total                     | 11
memcap.pressure_max                                          | Total                     | 11
defrag.memuse                                                | Total                     | 33554432
flow.recycler.recycled                                       | Total                     | 549
flow.recycler.queue_avg                                      | Total                     | 1
flow.recycler.queue_max                                      | Total                     | 7
tcp.memuse                                                   | Total                     | 7471104
tcp.reassembly_memuse                                        | Total                     | 1376256
http.byterange.memuse                                        | Total                     | 176384
http.byterange.memcap                                        | Total                     | 104857600
ippair.memuse                                                | Total                     | 406144
ippair.memcap                                                | Total                     | 16777216
host.memuse                                                  | Total                     | 390144
host.memcap                                                  | Total                     | 33554432
flow.memuse                                                  | Total                     | 9817056
---------------------------------------------------------------------------------------------------
Date: 8/27/2026 -- 00:06:36 (uptime: 0d, 00h 06m 08s)
---------------------------------------------------------------------------------------------------
Counter                                                      | TM Name                   | Value
---------------------------------------------------------------------------------------------------
capture.kernel_packets                                       | Total                     | 14674
capture.afpacket.polls                                       | Total                     | 44200
capture.afpacket.poll_timeout                                | Total                     | 42252
capture.afpacket.poll_data                                   | Total                     | 1948
decoder.pkts                                                 | Total                     | 14673
decoder.bytes                                                | Total                     | 13901668
decoder.ipv4                                                 | Total                     | 14098
decoder.ipv6                                                 | Total                     | 69
decoder.ethernet                                             | Total                     | 14673
decoder.arp                                                  | Total                     | 506
decoder.tcp                                                  | Total                     | 14150
tcp.syn                                                      | Total                     | 666
tcp.synack                                                   | Total                     | 635
tcp.rst                                                      | Total                     | 72
decoder.udp                                                  | Total                     | 4
decoder.icmpv6                                               | Total                     | 13
decoder.avg_pkt_size                                         | Total                     | 947
decoder.max_pkt_size                                         | Total                     | 32834
tcp.active_sessions                                          | Total                     | 2
flow.total                                                   | Total                     | 684
flow.active                                                  | Total                     | 117
flow.tcp                                                     | Total                     | 676
flow.udp                                                     | Total                     | 3
flow.icmpv6                                                  | Total                     | 5
flow.wrk.spare_sync_avg                                      | Total                     | 100
flow.wrk.spare_sync                                          | Total                     | 12
decoder.event.ipv6.zero_len_padn                             | Total                     | 1
tcp.sessions                                                 | Total                     | 57
tcp.ssn_from_pool                                            | Total                     | 57
tcp.invalid_checksum                                         | Total                     | 6990
app_layer.flow.dhcp                                          | Total                     | 1
app_layer.flow.mdns                                          | Total                     | 1
app_layer.flow.failed_udp                                    | Total                     | 1
app_layer.tx.dhcp                                            | Total                     | 1
app_layer.tx.mdns                                            | Total                     | 2
flow.end.state.new                                           | Total                     | 567
flow.end.tcp_state.syn_sent                                  | Total                     | 55
flow.mgr.full_hash_pass                                      | Total                     | 40
flow.mgr.rows_per_sec                                        | Total                     | 7208
flow.spare                                                   | Total                     | 10666
flow.mgr.rows_maxlen                                         | Total                     | 2
flow.mgr.flows_checked                                       | Total                     | 1365
flow.mgr.flows_notimeout                                     | Total                     | 798
flow.mgr.flows_timeout                                       | Total                     | 567
flow.mgr.flows_evicted                                       | Total                     | 567
memcap.pressure                                              | Total                     | 11
memcap.pressure_max                                          | Total                     | 11
defrag.memuse                                                | Total                     | 33554432
flow.recycler.recycled                                       | Total                     | 567
flow.recycler.queue_avg                                      | Total                     | 1
flow.recycler.queue_max                                      | Total                     | 7
tcp.memuse                                                   | Total                     | 7471104
tcp.reassembly_memuse                                        | Total                     | 1376256
http.byterange.memuse                                        | Total                     | 176384
http.byterange.memcap                                        | Total                     | 104857600
ippair.memuse                                                | Total                     | 406144
ippair.memcap                                                | Total                     | 16777216
host.memuse                                                  | Total                     | 390144
host.memcap                                                  | Total                     | 33554432
flow.memuse                                                  | Total                     | 9817056
---------------------------------------------------------------------------------------------------
Date: 8/27/2026 -- 00:06:44 (uptime: 0d, 00h 06m 16s)
---------------------------------------------------------------------------------------------------
Counter                                                      | TM Name                   | Value
---------------------------------------------------------------------------------------------------
capture.kernel_packets                                       | Total                     | 14944
capture.afpacket.polls                                       | Total                     | 45276
capture.afpacket.poll_timeout                                | Total                     | 43298
capture.afpacket.poll_data                                   | Total                     | 1978
decoder.pkts                                                 | Total                     | 14941
decoder.bytes                                                | Total                     | 14000423
decoder.ipv4                                                 | Total                     | 14366
decoder.ipv6                                                 | Total                     | 69
decoder.ethernet                                             | Total                     | 14941
decoder.arp                                                  | Total                     | 506
decoder.tcp                                                  | Total                     | 14418
tcp.syn                                                      | Total                     | 683
tcp.synack                                                   | Total                     | 652
tcp.rst                                                      | Total                     | 73
decoder.udp                                                  | Total                     | 4
decoder.icmpv6                                               | Total                     | 13
decoder.avg_pkt_size                                         | Total                     | 937
decoder.max_pkt_size                                         | Total                     | 32834
tcp.active_sessions                                          | Total                     | 3
flow.total                                                   | Total                     | 701
flow.active                                                  | Total                     | 116
flow.tcp                                                     | Total                     | 693
flow.udp                                                     | Total                     | 3
flow.icmpv6                                                  | Total                     | 5
flow.wrk.spare_sync_avg                                      | Total                     | 100
flow.wrk.spare_sync                                          | Total                     | 12
decoder.event.ipv6.zero_len_padn                             | Total                     | 1
tcp.sessions                                                 | Total                     | 58
tcp.ssn_from_pool                                            | Total                     | 58
tcp.invalid_checksum                                         | Total                     | 7116
app_layer.flow.dhcp                                          | Total                     | 1
app_layer.flow.mdns                                          | Total                     | 1
app_layer.flow.failed_udp                                    | Total                     | 1
app_layer.tx.dhcp                                            | Total                     | 1
app_layer.tx.mdns                                            | Total                     | 2
flow.end.state.new                                           | Total                     | 585
flow.end.tcp_state.syn_sent                                  | Total                     | 55
flow.mgr.full_hash_pass                                      | Total                     | 41
flow.mgr.rows_per_sec                                        | Total                     | 7208
flow.spare                                                   | Total                     | 10680
flow.mgr.rows_maxlen                                         | Total                     | 2
flow.mgr.flows_checked                                       | Total                     | 1397
flow.mgr.flows_notimeout                                     | Total                     | 812
flow.mgr.flows_timeout                                       | Total                     | 585
flow.mgr.flows_evicted                                       | Total                     | 585
memcap.pressure                                              | Total                     | 11
memcap.pressure_max                                          | Total                     | 11
defrag.memuse                                                | Total                     | 33554432
flow.recycler.recycled                                       | Total                     | 585
flow.recycler.queue_avg                                      | Total                     | 1
flow.recycler.queue_max                                      | Total                     | 7
tcp.memuse                                                   | Total                     | 7471104
tcp.reassembly_memuse                                        | Total                     | 1376256
http.byterange.memuse                                        | Total                     | 176384
http.byterange.memcap                                        | Total                     | 104857600
ippair.memuse                                                | Total                     | 406144
ippair.memcap                                                | Total                     | 16777216
host.memuse                                                  | Total                     | 390144
host.memcap                                                  | Total                     | 33554432
flow.memuse                                                  | Total                     | 9817056
---------------------------------------------------------------------------------------------------
Date: 8/27/2026 -- 00:06:52 (uptime: 0d, 00h 06m 24s)
---------------------------------------------------------------------------------------------------
Counter                                                      | TM Name                   | Value
---------------------------------------------------------------------------------------------------
capture.kernel_packets                                       | Total                     | 15083
capture.afpacket.polls                                       | Total                     | 45994
capture.afpacket.poll_timeout                                | Total                     | 43997
capture.afpacket.poll_data                                   | Total                     | 1997
decoder.pkts                                                 | Total                     | 15080
decoder.bytes                                                | Total                     | 14041829
decoder.ipv4                                                 | Total                     | 14505
decoder.ipv6                                                 | Total                     | 69
decoder.ethernet                                             | Total                     | 15080
decoder.arp                                                  | Total                     | 506
decoder.tcp                                                  | Total                     | 14557
tcp.syn                                                      | Total                     | 696
tcp.synack                                                   | Total                     | 665
tcp.rst                                                      | Total                     | 73
decoder.udp                                                  | Total                     | 4
decoder.icmpv6                                               | Total                     | 13
decoder.avg_pkt_size                                         | Total                     | 931
decoder.max_pkt_size                                         | Total                     | 32834
tcp.active_sessions                                          | Total                     | 2
flow.total                                                   | Total                     | 714
flow.active                                                  | Total                     | 122
flow.tcp                                                     | Total                     | 706
flow.udp                                                     | Total                     | 3
flow.icmpv6                                                  | Total                     | 5
flow.wrk.spare_sync_avg                                      | Total                     | 100
flow.wrk.spare_sync                                          | Total                     | 12
decoder.event.ipv6.zero_len_padn                             | Total                     | 1
tcp.sessions                                                 | Total                     | 58
tcp.ssn_from_pool                                            | Total                     | 58
tcp.invalid_checksum                                         | Total                     | 7185
app_layer.flow.dhcp                                          | Total                     | 1
app_layer.flow.mdns                                          | Total                     | 1
app_layer.flow.failed_udp                                    | Total                     | 1
app_layer.tx.dhcp                                            | Total                     | 1
app_layer.tx.mdns                                            | Total                     | 2
flow.end.state.new                                           | Total                     | 592
flow.end.tcp_state.syn_sent                                  | Total                     | 56
flow.mgr.full_hash_pass                                      | Total                     | 42
flow.mgr.rows_per_sec                                        | Total                     | 7208
flow.spare                                                   | Total                     | 10691
flow.mgr.rows_maxlen                                         | Total                     | 2
flow.mgr.flows_checked                                       | Total                     | 1416
flow.mgr.flows_notimeout                                     | Total                     | 824
flow.mgr.flows_timeout                                       | Total                     | 592
flow.mgr.flows_evicted                                       | Total                     | 592
memcap.pressure                                              | Total                     | 11
memcap.pressure_max                                          | Total                     | 11
defrag.memuse                                                | Total                     | 33554432
flow.recycler.recycled                                       | Total                     | 592
flow.recycler.queue_avg                                      | Total                     | 1
flow.recycler.queue_max                                      | Total                     | 7
tcp.memuse                                                   | Total                     | 7471104
tcp.reassembly_memuse                                        | Total                     | 1376256
http.byterange.memuse                                        | Total                     | 176384
http.byterange.memcap                                        | Total                     | 104857600
ippair.memuse                                                | Total                     | 406144
ippair.memcap                                                | Total                     | 16777216
host.memuse                                                  | Total                     | 390144
host.memcap                                                  | Total                     | 33554432
flow.memuse                                                  | Total                     | 9817056
---------------------------------------------------------------------------------------------------
Date: 8/27/2026 -- 00:06:59 (uptime: 0d, 00h 06m 31s)
---------------------------------------------------------------------------------------------------
Counter                                                      | TM Name                   | Value
---------------------------------------------------------------------------------------------------
capture.kernel_packets                                       | Total                     | 15469
capture.afpacket.polls                                       | Total                     | 47011
capture.afpacket.poll_timeout                                | Total                     | 44970
capture.afpacket.poll_data                                   | Total                     | 2029
decoder.pkts                                                 | Total                     | 15398
decoder.bytes                                                | Total                     | 14157531
decoder.ipv4                                                 | Total                     | 14823
decoder.ipv6                                                 | Total                     | 69
decoder.ethernet                                             | Total                     | 15398
decoder.arp                                                  | Total                     | 506
decoder.tcp                                                  | Total                     | 14875
tcp.syn                                                      | Total                     | 711
tcp.synack                                                   | Total                     | 680
tcp.rst                                                      | Total                     | 73
decoder.udp                                                  | Total                     | 4
decoder.icmpv6                                               | Total                     | 13
decoder.avg_pkt_size                                         | Total                     | 919
decoder.max_pkt_size                                         | Total                     | 32834
flow.total                                                   | Total                     | 729
flow.tcp                                                     | Total                     | 721
flow.udp                                                     | Total                     | 3
flow.icmpv6                                                  | Total                     | 5
flow.wrk.spare_sync_avg                                      | Total                     | 100
flow.wrk.spare_sync                                          | Total                     | 12
decoder.event.ipv6.zero_len_padn                             | Total                     | 1
tcp.sessions                                                 | Total                     | 58
tcp.ssn_from_pool                                            | Total                     | 58
tcp.invalid_checksum                                         | Total                     | 7326
app_layer.flow.dhcp                                          | Total                     | 1
app_layer.flow.mdns                                          | Total                     | 1
app_layer.flow.failed_udp                                    | Total                     | 1
app_layer.tx.dhcp                                            | Total                     | 1
app_layer.tx.mdns                                            | Total                     | 2
flow.end.state.new                                           | Total                     | 727
flow.end.state.established                                   | Total                     | 2
flow.end.tcp_state.syn_sent                                  | Total                     | 58
flow.mgr.full_hash_pass                                      | Total                     | 43
flow.mgr.rows_per_sec                                        | Total                     | 7208
flow.spare                                                   | Total                     | 10703
flow.mgr.rows_maxlen                                         | Total                     | 2
flow.mgr.flows_checked                                       | Total                     | 1448
flow.mgr.flows_notimeout                                     | Total                     | 845
flow.mgr.flows_timeout                                       | Total                     | 603
flow.mgr.flows_evicted                                       | Total                     | 603
memcap.pressure                                              | Total                     | 11
memcap.pressure_max                                          | Total                     | 11
defrag.memuse                                                | Total                     | 33554432
flow.recycler.recycled                                       | Total                     | 729
flow.recycler.queue_avg                                      | Total                     | 1
flow.recycler.queue_max                                      | Total                     | 101
tcp.memuse                                                   | Total                     | 7471104
tcp.reassembly_memuse                                        | Total                     | 1376256
http.byterange.memuse                                        | Total                     | 176384
http.byterange.memcap                                        | Total                     | 104857600
ippair.memuse                                                | Total                     | 406144
ippair.memcap                                                | Total                     | 16777216
host.memuse                                                  | Total                     | 390144
host.memcap                                                  | Total                     | 33554432
flow.memuse                                                  | Total                     | 9817056
---------------------------------------------------------------------------------------------------
Date: 8/27/2026 -- 00:10:27 (uptime: 0d, 00h 00m 08s)
---------------------------------------------------------------------------------------------------
Counter                                                      | TM Name                   | Value
---------------------------------------------------------------------------------------------------
capture.kernel_packets                                       | Total                     | 14063
capture.afpacket.polls                                       | Total                     | 859
capture.afpacket.poll_timeout                                | Total                     | 609
capture.afpacket.poll_data                                   | Total                     | 250
decoder.pkts                                                 | Total                     | 14494
decoder.bytes                                                | Total                     | 14647544
decoder.ipv4                                                 | Total                     | 14486
decoder.ipv6                                                 | Total                     | 8
decoder.ethernet                                             | Total                     | 14494
decoder.tcp                                                  | Total                     | 14494
tcp.syn                                                      | Total                     | 45
tcp.synack                                                   | Total                     | 41
tcp.rst                                                      | Total                     | 8
decoder.avg_pkt_size                                         | Total                     | 1010
decoder.max_pkt_size                                         | Total                     | 32834
tcp.active_sessions                                          | Total                     | 8
flow.total                                                   | Total                     | 55
flow.active                                                  | Total                     | 55
flow.tcp                                                     | Total                     | 55
flow.wrk.spare_sync_avg                                      | Total                     | 100
flow.wrk.spare_sync                                          | Total                     | 12
tcp.sessions                                                 | Total                     | 8
tcp.ssn_from_pool                                            | Total                     | 8
tcp.invalid_checksum                                         | Total                     | 3512
flow.mgr.rows_per_sec                                        | Total                     | 7208
flow.spare                                                   | Total                     | 10100
flow.mgr.rows_maxlen                                         | Total                     | 1
flow.mgr.flows_checked                                       | Total                     | 12
flow.mgr.flows_notimeout                                     | Total                     | 12
memcap.pressure                                              | Total                     | 11
memcap.pressure_max                                          | Total                     | 11
defrag.memuse                                                | Total                     | 33554432
tcp.memuse                                                   | Total                     | 7471104
tcp.reassembly_memuse                                        | Total                     | 1376256
http.byterange.memuse                                        | Total                     | 176384
http.byterange.memcap                                        | Total                     | 104857600
ippair.memuse                                                | Total                     | 406144
ippair.memcap                                                | Total                     | 16777216
host.memuse                                                  | Total                     | 390144
host.memcap                                                  | Total                     | 33554432
flow.memuse                                                  | Total                     | 9817056
---------------------------------------------------------------------------------------------------
Date: 8/27/2026 -- 00:10:30 (uptime: 0d, 00h 00m 11s)
---------------------------------------------------------------------------------------------------
Counter                                                      | TM Name                   | Value
---------------------------------------------------------------------------------------------------
capture.kernel_packets                                       | Total                     | 15261
capture.afpacket.polls                                       | Total                     | 1335
capture.afpacket.poll_timeout                                | Total                     | 982
capture.afpacket.poll_data                                   | Total                     | 341
decoder.pkts                                                 | Total                     | 15188
decoder.bytes                                                | Total                     | 15543687
decoder.ipv4                                                 | Total                     | 15170
decoder.ipv6                                                 | Total                     | 18
decoder.ethernet                                             | Total                     | 15188
decoder.tcp                                                  | Total                     | 15186
tcp.syn                                                      | Total                     | 78
tcp.synack                                                   | Total                     | 70
tcp.rst                                                      | Total                     | 16
decoder.icmpv6                                               | Total                     | 2
decoder.avg_pkt_size                                         | Total                     | 1023
decoder.max_pkt_size                                         | Total                     | 32834
flow.total                                                   | Total                     | 91
flow.tcp                                                     | Total                     | 90
flow.icmpv6                                                  | Total                     | 1
flow.wrk.spare_sync_avg                                      | Total                     | 100
flow.wrk.spare_sync                                          | Total                     | 12
tcp.sessions                                                 | Total                     | 15
tcp.ssn_from_pool                                            | Total                     | 15
tcp.invalid_checksum                                         | Total                     | 3836
flow.end.state.new                                           | Total                     | 90
flow.end.state.established                                   | Total                     | 1
flow.end.tcp_state.syn_sent                                  | Total                     | 15
flow.mgr.full_hash_pass                                      | Total                     | 1
flow.mgr.rows_per_sec                                        | Total                     | 7208
flow.spare                                                   | Total                     | 10100
flow.mgr.rows_maxlen                                         | Total                     | 1
flow.mgr.flows_checked                                       | Total                     | 42
flow.mgr.flows_notimeout                                     | Total                     | 42
memcap.pressure                                              | Total                     | 11
memcap.pressure_max                                          | Total                     | 11
defrag.memuse                                                | Total                     | 33554432
flow.recycler.recycled                                       | Total                     | 91
flow.recycler.queue_avg                                      | Total                     | 7
flow.recycler.queue_max                                      | Total                     | 66
tcp.memuse                                                   | Total                     | 7471104
tcp.reassembly_memuse                                        | Total                     | 1376256
http.byterange.memuse                                        | Total                     | 176384
http.byterange.memcap                                        | Total                     | 104857600
ippair.memuse                                                | Total                     | 406144
ippair.memcap                                                | Total                     | 16777216
host.memuse                                                  | Total                     | 390144
host.memcap                                                  | Total                     | 33554432
flow.memuse                                                  | Total                     | 9817056
