alert_id,timestamp,month,source,rule_name,severity,mitre_tactic,disposition,escalated_to_incident,analyst,shift
ALT-000011,2026-03-01 06:02:40,2026-03,SIEM,New privileged account,Low,Collection,Duplicate,No,s.khatun,Morning
ALT-000006,2026-03-01 06:28:44,2026-03,EDR,Unsigned driver load,Medium,Collection,False Positive,No,m.hasan,Morning
ALT-000007,2026-03-01 11:35:24,2026-03,EDR,Unsigned driver load,Low,Credential Access,False Positive,No,t.begum,Morning
ALT-000009,2026-03-01 11:38:42,2026-03,SIEM,Brute-force logon burst,Medium,Defense Evasion,True Positive,Yes,m.hasan,Morning
ALT-000013,2026-03-01 11:41:38,2026-03,SIEM,Brute-force logon burst,Medium,Initial Access,Benign True Positive,No,n.akter,Morning
ALT-000001,2026-03-01 11:42:39,2026-03,EDR,Unsigned driver load,High,Collection,False Positive,No,s.khatun,Morning
ALT-000003,2026-03-01 12:49:57,2026-03,IDS,EternalBlue exploit,Low,Privilege Escalation,False Positive,No,a.rahman,Morning
ALT-000010,2026-03-01 13:05:27,2026-03,IDS,Nmap scan,Low,Initial Access,True Positive,No,a.rahman,Morning
ALT-000008,2026-03-01 14:32:09,2026-03,Email-GW,Business email compromise,Low,Credential Access,False Positive,No,n.akter,Evening
ALT-000012,2026-03-01 18:49:09,2026-03,IDS,Cobalt Strike beacon,Medium,Discovery,False Positive,No,s.khatun,Evening
ALT-000002,2026-03-01 20:30:12,2026-03,IDS,SMB lateral movement,High,Defense Evasion,False Positive,No,m.hasan,Evening
ALT-000005,2026-03-01 20:49:14,2026-03,IDS,EternalBlue exploit,Medium,Command and Control,Duplicate,No,m.hasan,Evening
ALT-000004,2026-03-01 20:57:38,2026-03,IDS,Nmap scan,Low,Command and Control,True Positive,No,r.islam,Evening
ALT-000021,2026-03-02 06:05:56,2026-03,SIEM,New privileged account,Low,Privilege Escalation,Duplicate,No,a.rahman,Morning
ALT-000026,2026-03-02 07:28:16,2026-03,SIEM,Brute-force logon burst,Low,Collection,True Positive,No,r.islam,Morning
ALT-000025,2026-03-02 07:28:59,2026-03,EDR,Credential dumping tool,Low,Execution,Duplicate,No,s.khatun,Morning
ALT-000020,2026-03-02 10:06:54,2026-03,SIEM,Mass file download,Low,Execution,False Positive,No,r.islam,Morning
ALT-000017,2026-03-02 10:21:25,2026-03,EDR,LOLBin execution,Medium,Discovery,Benign True Positive,No,s.khatun,Morning
ALT-000032,2026-03-02 10:25:42,2026-03,IDS,Cobalt Strike beacon,Medium,Impact,False Positive,No,a.rahman,Morning
ALT-000029,2026-03-02 10:49:39,2026-03,Email-GW,Spoofed internal sender,Low,Lateral Movement,False Positive,No,t.begum,Morning
ALT-000019,2026-03-02 11:15:01,2026-03,EDR,Ransomware canary file,High,Defense Evasion,False Positive,No,t.begum,Morning
ALT-000014,2026-03-02 12:53:15,2026-03,Email-GW,Phishing URL,Medium,Execution,False Positive,No,t.begum,Morning
ALT-000016,2026-03-02 14:00:51,2026-03,SIEM,Brute-force logon burst,Critical,Collection,Benign True Positive,No,a.rahman,Evening
ALT-000023,2026-03-02 15:28:37,2026-03,SIEM,Logon from disabled account,Low,Initial Access,False Positive,No,a.rahman,Evening
ALT-000022,2026-03-02 15:36:02,2026-03,Firewall,Inbound port scan,High,Defense Evasion,False Positive,No,m.hasan,Evening
ALT-000024,2026-03-02 16:24:43,2026-03,WAF,Web shell upload,Medium,Persistence,False Positive,No,r.islam,Evening
ALT-000031,2026-03-02 16:58:41,2026-03,CASB,SaaS impossible travel,Medium,Lateral Movement,True Positive,No,t.begum,Evening
ALT-000027,2026-03-02 17:00:07,2026-03,EDR,LOLBin execution,Low,Lateral Movement,True Positive,No,r.islam,Evening
ALT-000028,2026-03-02 17:50:03,2026-03,SIEM,Logon from disabled account,Medium,Lateral Movement,Duplicate,No,m.hasan,Evening
ALT-000018,2026-03-02 18:54:04,2026-03,Firewall,Inbound port scan,Low,Collection,True Positive,No,m.hasan,Evening
ALT-000015,2026-03-02 19:17:52,2026-03,WAF,Path traversal,Medium,Impact,False Positive,No,n.akter,Evening
ALT-000030,2026-03-02 23:15:08,2026-03,SIEM,Logon from disabled account,Medium,Impact,False Positive,No,a.rahman,Night
ALT-000034,2026-03-03 02:17:43,2026-03,Firewall,Inbound port scan,Low,Discovery,False Positive,No,t.begum,Night
ALT-000044,2026-03-03 05:20:31,2026-03,Firewall,Tor exit node traffic,Medium,Credential Access,False Positive,No,n.akter,Night
ALT-000049,2026-03-03 05:52:46,2026-03,EDR,Suspicious PowerShell,Low,Initial Access,False Positive,No,n.akter,Night
ALT-000038,2026-03-03 06:30:19,2026-03,Firewall,Outbound to known C2,Low,Execution,False Positive,No,t.begum,Morning
ALT-000037,2026-03-03 07:12:11,2026-03,SIEM,Logon from disabled account,Low,Exfiltration,False Positive,No,a.rahman,Morning
ALT-000059,2026-03-03 07:49:51,2026-03,SIEM,Impossible travel,Low,Command and Control,False Positive,No,r.islam,Morning
ALT-000048,2026-03-03 07:53:00,2026-03,SIEM,Brute-force logon burst,High,Discovery,Benign True Positive,No,n.akter,Morning
ALT-000053,2026-03-03 08:56:33,2026-03,SIEM,Mass file download,Low,Collection,True Positive,No,s.khatun,Morning
ALT-000039,2026-03-03 09:39:35,2026-03,Firewall,Inbound port scan,Medium,Exfiltration,Duplicate,No,r.islam,Morning
ALT-000035,2026-03-03 10:01:19,2026-03,SIEM,Mass file download,High,Persistence,True Positive,No,r.islam,Morning
ALT-000050,2026-03-03 10:01:30,2026-03,Firewall,Outbound to known C2,Medium,Persistence,False Positive,No,r.islam,Morning
ALT-000057,2026-03-03 10:04:13,2026-03,WAF,Path traversal,Low,Privilege Escalation,Duplicate,No,n.akter,Morning
ALT-000058,2026-03-03 10:33:10,2026-03,SIEM,Brute-force logon burst,Critical,Lateral Movement,False Positive,No,n.akter,Morning
ALT-000055,2026-03-03 11:37:47,2026-03,Firewall,DNS tunneling pattern,High,Collection,False Positive,No,s.khatun,Morning
ALT-000040,2026-03-03 11:42:14,2026-03,WAF,XSS attempt,High,Execution,False Positive,No,s.khatun,Morning
ALT-000043,2026-03-03 12:42:42,2026-03,SIEM,Logon from disabled account,Medium,Impact,Benign True Positive,No,r.islam,Morning
ALT-000041,2026-03-03 14:42:08,2026-03,SIEM,Brute-force logon burst,Low,Execution,Duplicate,No,n.akter,Evening
ALT-000047,2026-03-03 15:49:29,2026-03,IDS,Nmap scan,Low,Discovery,False Positive,No,n.akter,Evening
ALT-000052,2026-03-03 16:05:50,2026-03,IDS,SMB lateral movement,Medium,Privilege Escalation,False Positive,No,s.khatun,Evening
ALT-000051,2026-03-03 16:13:56,2026-03,Firewall,Inbound port scan,Low,Impact,Benign True Positive,No,n.akter,Evening
ALT-000033,2026-03-03 16:22:12,2026-03,EDR,Process hollowing,High,Credential Access,False Positive,No,a.rahman,Evening
ALT-000042,2026-03-03 16:48:09,2026-03,SIEM,Logon from disabled account,Medium,Collection,False Positive,No,t.begum,Evening
ALT-000046,2026-03-03 17:17:02,2026-03,WAF,XSS attempt,Medium,Credential Access,False Positive,No,m.hasan,Evening
ALT-000045,2026-03-03 17:39:44,2026-03,Firewall,Geo-blocked destination,Critical,Initial Access,True Positive,Yes,t.begum,Evening
ALT-000056,2026-03-03 18:11:43,2026-03,SIEM,New privileged account,Low,Execution,Duplicate,No,m.hasan,Evening
ALT-000054,2026-03-03 19:55:36,2026-03,Email-GW,Business email compromise,Low,Collection,False Positive,No,s.khatun,Evening
ALT-000036,2026-03-03 21:00:08,2026-03,SIEM,Brute-force logon burst,Low,Collection,False Positive,No,n.akter,Evening
ALT-000084,2026-03-04 02:53:06,2026-03,SIEM,Impossible travel,Low,Persistence,False Positive,No,t.begum,Night
ALT-000067,2026-03-04 06:07:29,2026-03,SIEM,Brute-force logon burst,Low,Persistence,Duplicate,No,a.rahman,Morning
ALT-000061,2026-03-04 06:30:37,2026-03,SIEM,Mass file download,Low,Initial Access,False Positive,No,r.islam,Morning
ALT-000078,2026-03-04 08:19:13,2026-03,IDS,Cobalt Strike beacon,Low,Lateral Movement,True Positive,No,a.rahman,Morning
ALT-000066,2026-03-04 08:33:40,2026-03,SIEM,Impossible travel,Medium,Exfiltration,False Positive,No,m.hasan,Morning
ALT-000085,2026-03-04 08:42:59,2026-03,Email-GW,Malicious attachment,Critical,Impact,True Positive,Yes,s.khatun,Morning
ALT-000060,2026-03-04 08:51:51,2026-03,Firewall,Inbound port scan,Low,Persistence,False Positive,No,t.begum,Morning
ALT-000068,2026-03-04 09:29:08,2026-03,Email-GW,Business email compromise,Medium,Command and Control,False Positive,No,n.akter,Morning
ALT-000062,2026-03-04 10:30:33,2026-03,EDR,Unsigned driver load,Low,Execution,False Positive,No,m.hasan,Morning
ALT-000080,2026-03-04 10:34:44,2026-03,EDR,Credential dumping tool,Low,Persistence,False Positive,No,m.hasan,Morning
ALT-000079,2026-03-04 10:36:45,2026-03,Firewall,DNS tunneling pattern,Low,Privilege Escalation,True Positive,No,a.rahman,Morning
ALT-000089,2026-03-04 10:38:28,2026-03,EDR,Ransomware canary file,Low,Collection,Benign True Positive,No,r.islam,Morning
ALT-000077,2026-03-04 10:40:16,2026-03,EDR,Ransomware canary file,Low,Impact,False Positive,No,s.khatun,Morning
ALT-000075,2026-03-04 10:41:46,2026-03,SIEM,Mass file download,Low,Exfiltration,True Positive,No,r.islam,Morning
ALT-000086,2026-03-04 11:09:27,2026-03,EDR,Suspicious PowerShell,Medium,Discovery,False Positive,No,m.hasan,Morning
ALT-000071,2026-03-04 11:37:14,2026-03,EDR,Unsigned driver load,Medium,Discovery,True Positive,No,m.hasan,Morning
ALT-000063,2026-03-04 12:00:20,2026-03,EDR,Process hollowing,High,Lateral Movement,False Positive,No,s.khatun,Morning
ALT-000081,2026-03-04 12:18:07,2026-03,IDS,Nmap scan,Low,Defense Evasion,False Positive,No,t.begum,Morning
ALT-000088,2026-03-04 13:26:15,2026-03,EDR,Credential dumping tool,High,Credential Access,Benign True Positive,No,a.rahman,Morning
ALT-000076,2026-03-04 13:32:54,2026-03,Email-GW,Spoofed internal sender,Low,Defense Evasion,Benign True Positive,No,r.islam,Morning
ALT-000074,2026-03-04 13:41:43,2026-03,SIEM,Brute-force logon burst,Low,Credential Access,False Positive,No,m.hasan,Morning
ALT-000082,2026-03-04 13:53:31,2026-03,CASB,OAuth grant to risky app,Medium,Command and Control,False Positive,No,m.hasan,Morning
ALT-000069,2026-03-04 13:57:42,2026-03,IDS,EternalBlue exploit,Medium,Exfiltration,False Positive,No,r.islam,Morning
ALT-000083,2026-03-04 14:05:08,2026-03,Email-GW,Business email compromise,Medium,Execution,Benign True Positive,No,r.islam,Evening
ALT-000065,2026-03-04 14:17:47,2026-03,SIEM,Logon from disabled account,Medium,Privilege Escalation,Benign True Positive,No,t.begum,Evening
ALT-000072,2026-03-04 14:23:23,2026-03,EDR,Process hollowing,High,Impact,Benign True Positive,No,n.akter,Evening
ALT-000070,2026-03-04 14:56:20,2026-03,EDR,Credential dumping tool,Medium,Credential Access,False Positive,No,s.khatun,Evening
ALT-000073,2026-03-04 15:09:55,2026-03,SIEM,Impossible travel,High,Exfiltration,True Positive,Yes,s.khatun,Evening
ALT-000064,2026-03-04 16:09:40,2026-03,EDR,Ransomware canary file,High,Impact,False Positive,No,m.hasan,Evening
ALT-000090,2026-03-04 16:45:00,2026-03,WAF,XSS attempt,Medium,Initial Access,False Positive,No,n.akter,Evening
ALT-000087,2026-03-04 19:42:35,2026-03,SIEM,Mass file download,Critical,Persistence,Duplicate,No,t.begum,Evening
ALT-000098,2026-03-05 06:36:15,2026-03,WAF,XSS attempt,Medium,Initial Access,False Positive,No,a.rahman,Morning
ALT-000106,2026-03-05 06:36:58,2026-03,SIEM,New privileged account,Low,Persistence,False Positive,No,n.akter,Morning
ALT-000108,2026-03-05 09:24:03,2026-03,SIEM,New privileged account,High,Collection,Duplicate,No,s.khatun,Morning
ALT-000102,2026-03-05 09:44:38,2026-03,SIEM,Brute-force logon burst,Medium,Discovery,True Positive,No,a.rahman,Morning
ALT-000091,2026-03-05 11:40:46,2026-03,EDR,Ransomware canary file,Medium,Command and Control,Benign True Positive,No,n.akter,Morning
ALT-000110,2026-03-05 11:52:57,2026-03,SIEM,Audit log cleared,Medium,Persistence,Duplicate,No,t.begum,Morning
ALT-000093,2026-03-05 12:15:03,2026-03,Firewall,Inbound port scan,Low,Command and Control,False Positive,No,n.akter,Morning
ALT-000092,2026-03-05 12:17:19,2026-03,SIEM,Logon from disabled account,Low,Defense Evasion,True Positive,No,t.begum,Morning
ALT-000099,2026-03-05 12:24:57,2026-03,EDR,Suspicious PowerShell,Low,Discovery,False Positive,No,n.akter,Morning
ALT-000095,2026-03-05 13:01:13,2026-03,EDR,Process hollowing,Medium,Persistence,False Positive,No,a.rahman,Morning
ALT-000109,2026-03-05 13:39:05,2026-03,Email-GW,Business email compromise,High,Impact,Benign True Positive,No,n.akter,Morning
ALT-000097,2026-03-05 15:00:05,2026-03,IDS,SMB lateral movement,Medium,Collection,False Positive,No,m.hasan,Evening
ALT-000100,2026-03-05 15:14:07,2026-03,SIEM,Brute-force logon burst,Low,Execution,True Positive,No,a.rahman,Evening
ALT-000111,2026-03-05 15:21:32,2026-03,Email-GW,Malicious attachment,High,Impact,False Positive,No,a.rahman,Evening
ALT-000094,2026-03-05 15:27:07,2026-03,IDS,Nmap scan,Low,Impact,False Positive,No,a.rahman,Evening
ALT-000096,2026-03-05 16:48:24,2026-03,IDS,EternalBlue exploit,Low,Command and Control,Benign True Positive,No,n.akter,Evening
ALT-000103,2026-03-05 17:57:42,2026-03,SIEM,Audit log cleared,Medium,Initial Access,True Positive,No,m.hasan,Evening
ALT-000107,2026-03-05 18:00:04,2026-03,Email-GW,Spoofed internal sender,Low,Lateral Movement,False Positive,No,n.akter,Evening
ALT-000104,2026-03-05 21:43:57,2026-03,SIEM,Mass file download,Low,Initial Access,False Positive,No,r.islam,Evening
ALT-000105,2026-03-05 21:45:11,2026-03,Email-GW,Phishing URL,Medium,Initial Access,Benign True Positive,No,r.islam,Evening
ALT-000101,2026-03-05 23:25:45,2026-03,SIEM,Logon from disabled account,Low,Privilege Escalation,False Positive,No,t.begum,Night
ALT-000126,2026-03-06 07:05:14,2026-03,SIEM,New privileged account,High,Impact,False Positive,No,m.hasan,Morning
ALT-000116,2026-03-06 08:01:36,2026-03,WAF,XSS attempt,Medium,Impact,False Positive,No,t.begum,Morning
ALT-000133,2026-03-06 08:10:17,2026-03,EDR,Unsigned driver load,Low,Privilege Escalation,True Positive,No,t.begum,Morning
ALT-000117,2026-03-06 08:38:14,2026-03,CASB,SaaS impossible travel,Low,Collection,Benign True Positive,No,t.begum,Morning
ALT-000130,2026-03-06 08:42:08,2026-03,WAF,SQL injection attempt,Medium,Execution,True Positive,No,n.akter,Morning
ALT-000120,2026-03-06 09:04:53,2026-03,EDR,Ransomware canary file,High,Persistence,Benign True Positive,No,a.rahman,Morning
ALT-000119,2026-03-06 09:35:06,2026-03,SIEM,Brute-force logon burst,High,Privilege Escalation,False Positive,No,n.akter,Morning
ALT-000124,2026-03-06 09:38:49,2026-03,WAF,XSS attempt,Low,Defense Evasion,Benign True Positive,No,m.hasan,Morning
ALT-000122,2026-03-06 09:49:23,2026-03,EDR,Suspicious PowerShell,High,Persistence,False Positive,No,m.hasan,Morning
ALT-000115,2026-03-06 10:37:37,2026-03,CASB,OAuth grant to risky app,Medium,Exfiltration,False Positive,No,a.rahman,Morning
ALT-000128,2026-03-06 10:54:37,2026-03,EDR,LOLBin execution,Low,Privilege Escalation,False Positive,No,s.khatun,Morning
ALT-000131,2026-03-06 11:54:24,2026-03,EDR,Process hollowing,Medium,Discovery,Benign True Positive,No,r.islam,Morning
ALT-000127,2026-03-06 13:03:15,2026-03,SIEM,Impossible travel,Medium,Initial Access,Benign True Positive,No,a.rahman,Morning
ALT-000129,2026-03-06 14:22:59,2026-03,SIEM,Brute-force logon burst,Low,Defense Evasion,Duplicate,No,t.begum,Evening
ALT-000118,2026-03-06 14:54:07,2026-03,SIEM,Impossible travel,Medium,Initial Access,False Positive,No,m.hasan,Evening
ALT-000112,2026-03-06 15:47:22,2026-03,CASB,Mass external share,Low,Privilege Escalation,False Positive,No,t.begum,Evening
ALT-000132,2026-03-06 16:24:19,2026-03,SIEM,Mass file download,Medium,Exfiltration,True Positive,Yes,m.hasan,Evening
ALT-000113,2026-03-06 16:45:37,2026-03,SIEM,Logon from disabled account,Low,Lateral Movement,Benign True Positive,No,r.islam,Evening
ALT-000121,2026-03-06 17:08:57,2026-03,EDR,Credential dumping tool,Medium,Command and Control,False Positive,No,t.begum,Evening
ALT-000114,2026-03-06 18:59:55,2026-03,Email-GW,Business email compromise,Low,Persistence,Duplicate,No,r.islam,Evening
ALT-000125,2026-03-06 19:50:01,2026-03,SIEM,Audit log cleared,Medium,Collection,False Positive,No,n.akter,Evening
ALT-000135,2026-03-06 20:03:12,2026-03,Email-GW,Spoofed internal sender,Medium,Exfiltration,False Positive,No,s.khatun,Evening
ALT-000134,2026-03-06 22:06:54,2026-03,Email-GW,Phishing URL,Medium,Initial Access,False Positive,No,r.islam,Night
ALT-000123,2026-03-06 23:11:43,2026-03,EDR,Suspicious PowerShell,Medium,Initial Access,False Positive,No,m.hasan,Night
ALT-000139,2026-03-07 03:04:09,2026-03,SIEM,Mass file download,Low,Collection,Duplicate,No,r.islam,Night
ALT-000138,2026-03-07 05:42:00,2026-03,SIEM,Impossible travel,High,Execution,False Positive,No,s.khatun,Night
ALT-000144,2026-03-07 06:40:30,2026-03,SIEM,Brute-force logon burst,Medium,Command and Control,Benign True Positive,No,m.hasan,Morning
ALT-000140,2026-03-07 07:45:21,2026-03,EDR,LOLBin execution,Medium,Impact,False Positive,No,r.islam,Morning
ALT-000142,2026-03-07 08:14:09,2026-03,EDR,Credential dumping tool,Low,Discovery,True Positive,No,a.rahman,Morning
ALT-000145,2026-03-07 08:20:16,2026-03,CASB,Mass external share,Low,Persistence,False Positive,No,a.rahman,Morning
ALT-000141,2026-03-07 09:05:50,2026-03,EDR,Credential dumping tool,Low,Discovery,False Positive,No,t.begum,Morning
ALT-000143,2026-03-07 09:15:42,2026-03,Firewall,Tor exit node traffic,Low,Privilege Escalation,Benign True Positive,No,r.islam,Morning
ALT-000136,2026-03-07 10:13:53,2026-03,Firewall,Inbound port scan,Medium,Defense Evasion,False Positive,No,m.hasan,Morning
ALT-000137,2026-03-07 16:54:14,2026-03,EDR,Ransomware canary file,Medium,Execution,Benign True Positive,No,r.islam,Evening
ALT-000151,2026-03-08 10:18:35,2026-03,EDR,Process hollowing,Low,Exfiltration,True Positive,No,s.khatun,Morning
ALT-000149,2026-03-08 11:43:59,2026-03,Firewall,Tor exit node traffic,Medium,Privilege Escalation,True Positive,Yes,s.khatun,Morning
ALT-000146,2026-03-08 13:20:13,2026-03,Email-GW,Business email compromise,Low,Credential Access,True Positive,No,r.islam,Morning
ALT-000148,2026-03-08 14:52:30,2026-03,SIEM,New privileged account,Low,Collection,False Positive,No,n.akter,Evening
ALT-000150,2026-03-08 15:46:26,2026-03,SIEM,Audit log cleared,Medium,Credential Access,True Positive,Yes,n.akter,Evening
ALT-000147,2026-03-08 16:28:49,2026-03,EDR,Credential dumping tool,Medium,Command and Control,False Positive,No,n.akter,Evening
ALT-000163,2026-03-09 02:40:48,2026-03,SIEM,Mass file download,Low,Credential Access,True Positive,No,a.rahman,Night
ALT-000170,2026-03-09 07:10:53,2026-03,SIEM,Logon from disabled account,High,Execution,True Positive,No,s.khatun,Morning
ALT-000153,2026-03-09 08:01:44,2026-03,IDS,EternalBlue exploit,Low,Lateral Movement,False Positive,No,s.khatun,Morning
ALT-000160,2026-03-09 08:19:06,2026-03,SIEM,Mass file download,Low,Lateral Movement,Benign True Positive,No,t.begum,Morning
ALT-000156,2026-03-09 08:22:50,2026-03,IDS,EternalBlue exploit,Low,Command and Control,False Positive,No,t.begum,Morning
ALT-000161,2026-03-09 08:23:19,2026-03,IDS,Cobalt Strike beacon,Low,Discovery,False Positive,No,m.hasan,Morning
ALT-000152,2026-03-09 08:25:40,2026-03,WAF,SQL injection attempt,Low,Lateral Movement,False Positive,No,t.begum,Morning
ALT-000169,2026-03-09 09:06:23,2026-03,SIEM,Logon from disabled account,Critical,Credential Access,False Positive,No,r.islam,Morning
ALT-000176,2026-03-09 10:12:12,2026-03,WAF,Path traversal,Medium,Discovery,False Positive,No,a.rahman,Morning
ALT-000158,2026-03-09 11:17:17,2026-03,SIEM,New privileged account,High,Exfiltration,False Positive,No,m.hasan,Morning
ALT-000164,2026-03-09 11:32:18,2026-03,SIEM,Brute-force logon burst,Low,Lateral Movement,False Positive,No,s.khatun,Morning
ALT-000171,2026-03-09 11:44:01,2026-03,Email-GW,Malicious attachment,Low,Discovery,False Positive,No,m.hasan,Morning
ALT-000157,2026-03-09 12:52:05,2026-03,SIEM,Brute-force logon burst,High,Impact,Benign True Positive,No,s.khatun,Morning
ALT-000173,2026-03-09 13:18:09,2026-03,Firewall,Geo-blocked destination,Medium,Impact,False Positive,No,t.begum,Morning
ALT-000172,2026-03-09 13:55:59,2026-03,EDR,Suspicious PowerShell,Low,Credential Access,False Positive,No,t.begum,Morning
ALT-000166,2026-03-09 14:20:27,2026-03,Firewall,DNS tunneling pattern,Medium,Impact,Benign True Positive,No,s.khatun,Evening
ALT-000165,2026-03-09 14:22:23,2026-03,IDS,SMB lateral movement,Low,Collection,False Positive,No,a.rahman,Evening
ALT-000154,2026-03-09 14:34:04,2026-03,IDS,Cobalt Strike beacon,High,Initial Access,False Positive,No,r.islam,Evening
ALT-000175,2026-03-09 15:14:58,2026-03,SIEM,Logon from disabled account,Medium,Collection,False Positive,No,s.khatun,Evening
ALT-000155,2026-03-09 15:19:29,2026-03,Email-GW,Phishing URL,Low,Collection,Benign True Positive,No,m.hasan,Evening
ALT-000174,2026-03-09 15:44:36,2026-03,Email-GW,Phishing URL,High,Defense Evasion,Benign True Positive,No,m.hasan,Evening
ALT-000168,2026-03-09 16:17:11,2026-03,SIEM,Audit log cleared,High,Exfiltration,False Positive,No,s.khatun,Evening
ALT-000177,2026-03-09 17:28:45,2026-03,SIEM,Impossible travel,Low,Privilege Escalation,True Positive,No,t.begum,Evening
ALT-000167,2026-03-09 17:49:38,2026-03,WAF,XSS attempt,Low,Defense Evasion,Benign True Positive,No,t.begum,Evening
ALT-000159,2026-03-09 18:44:27,2026-03,EDR,Process hollowing,Low,Discovery,Benign True Positive,No,n.akter,Evening
ALT-000162,2026-03-09 19:50:26,2026-03,IDS,Cobalt Strike beacon,High,Credential Access,False Positive,No,t.begum,Evening
ALT-000198,2026-03-10 06:29:02,2026-03,Email-GW,Spoofed internal sender,Medium,Lateral Movement,False Positive,No,r.islam,Morning
ALT-000186,2026-03-10 07:03:18,2026-03,Firewall,Geo-blocked destination,High,Credential Access,Benign True Positive,No,t.begum,Morning
ALT-000189,2026-03-10 07:12:39,2026-03,IDS,EternalBlue exploit,Medium,Defense Evasion,False Positive,No,s.khatun,Morning
ALT-000195,2026-03-10 08:04:17,2026-03,Firewall,Inbound port scan,High,Impact,Benign True Positive,No,m.hasan,Morning
ALT-000187,2026-03-10 08:24:46,2026-03,IDS,EternalBlue exploit,Medium,Exfiltration,Benign True Positive,No,a.rahman,Morning
ALT-000180,2026-03-10 08:31:45,2026-03,Firewall,Geo-blocked destination,High,Credential Access,Benign True Positive,No,m.hasan,Morning
ALT-000194,2026-03-10 08:37:55,2026-03,IDS,SMB lateral movement,Medium,Impact,Benign True Positive,No,m.hasan,Morning
ALT-000184,2026-03-10 09:59:00,2026-03,WAF,XSS attempt,Medium,Defense Evasion,Benign True Positive,No,a.rahman,Morning
ALT-000185,2026-03-10 10:35:23,2026-03,SIEM,New privileged account,High,Exfiltration,True Positive,No,t.begum,Morning
ALT-000181,2026-03-10 11:03:27,2026-03,SIEM,Audit log cleared,High,Collection,False Positive,No,s.khatun,Morning
ALT-000183,2026-03-10 11:09:37,2026-03,EDR,Suspicious PowerShell,Low,Persistence,False Positive,No,t.begum,Morning
ALT-000191,2026-03-10 11:10:47,2026-03,EDR,Ransomware canary file,High,Defense Evasion,True Positive,No,a.rahman,Morning
ALT-000182,2026-03-10 12:48:42,2026-03,Firewall,Geo-blocked destination,Medium,Impact,Duplicate,No,a.rahman,Morning
ALT-000197,2026-03-10 13:30:56,2026-03,IDS,Nmap scan,Medium,Exfiltration,Duplicate,No,m.hasan,Morning
ALT-000190,2026-03-10 14:09:09,2026-03,IDS,Nmap scan,Medium,Credential Access,False Positive,No,a.rahman,Evening
ALT-000196,2026-03-10 14:33:03,2026-03,EDR,Ransomware canary file,Medium,Discovery,False Positive,No,s.khatun,Evening
ALT-000178,2026-03-10 15:05:09,2026-03,WAF,Web shell upload,High,Collection,False Positive,No,a.rahman,Evening
ALT-000188,2026-03-10 15:35:40,2026-03,EDR,LOLBin execution,High,Impact,False Positive,No,n.akter,Evening
ALT-000193,2026-03-10 16:09:45,2026-03,EDR,Process hollowing,Low,Privilege Escalation,False Positive,No,s.khatun,Evening
ALT-000179,2026-03-10 17:18:38,2026-03,EDR,Ransomware canary file,Medium,Impact,False Positive,No,t.begum,Evening
ALT-000192,2026-03-10 19:12:40,2026-03,EDR,Suspicious PowerShell,Low,Persistence,False Positive,No,r.islam,Evening
ALT-000211,2026-03-11 03:54:25,2026-03,SIEM,New privileged account,High,Execution,Benign True Positive,No,m.hasan,Night
ALT-000203,2026-03-11 07:31:40,2026-03,Firewall,Inbound port scan,Medium,Lateral Movement,False Positive,No,n.akter,Morning
ALT-000213,2026-03-11 07:40:49,2026-03,SIEM,Audit log cleared,Low,Collection,Benign True Positive,No,s.khatun,Morning
ALT-000209,2026-03-11 07:52:07,2026-03,CASB,Mass external share,Medium,Execution,True Positive,No,t.begum,Morning
ALT-000214,2026-03-11 08:21:00,2026-03,EDR,Suspicious PowerShell,Medium,Discovery,Benign True Positive,No,s.khatun,Morning
ALT-000202,2026-03-11 10:17:08,2026-03,EDR,Suspicious PowerShell,Medium,Privilege Escalation,False Positive,No,n.akter,Morning
ALT-000220,2026-03-11 11:13:10,2026-03,EDR,Unsigned driver load,Medium,Discovery,False Positive,No,s.khatun,Morning
ALT-000206,2026-03-11 11:28:16,2026-03,SIEM,Logon from disabled account,Medium,Impact,True Positive,No,t.begum,Morning
ALT-000204,2026-03-11 12:19:43,2026-03,Firewall,Tor exit node traffic,Medium,Privilege Escalation,False Positive,No,r.islam,Morning
ALT-000210,2026-03-11 13:26:21,2026-03,Email-GW,Spoofed internal sender,Medium,Discovery,False Positive,No,r.islam,Morning
ALT-000212,2026-03-11 13:28:12,2026-03,CASB,OAuth grant to risky app,Medium,Command and Control,False Positive,No,t.begum,Morning
ALT-000217,2026-03-11 14:51:38,2026-03,Email-GW,Malicious attachment,Low,Discovery,False Positive,No,a.rahman,Evening
ALT-000201,2026-03-11 15:01:28,2026-03,Firewall,Outbound to known C2,Medium,Lateral Movement,False Positive,No,m.hasan,Evening
ALT-000208,2026-03-11 15:21:05,2026-03,SIEM,New privileged account,Low,Initial Access,False Positive,No,a.rahman,Evening
ALT-000200,2026-03-11 17:32:42,2026-03,WAF,SQL injection attempt,Low,Defense Evasion,False Positive,No,t.begum,Evening
ALT-000215,2026-03-11 18:23:18,2026-03,Email-GW,Business email compromise,Medium,Exfiltration,False Positive,No,n.akter,Evening
ALT-000207,2026-03-11 18:28:13,2026-03,SIEM,Audit log cleared,Medium,Defense Evasion,True Positive,Yes,m.hasan,Evening
ALT-000216,2026-03-11 19:44:57,2026-03,EDR,Suspicious PowerShell,Low,Discovery,False Positive,No,s.khatun,Evening
ALT-000205,2026-03-11 19:50:33,2026-03,SIEM,Impossible travel,Low,Command and Control,True Positive,Yes,s.khatun,Evening
ALT-000219,2026-03-11 20:14:44,2026-03,SIEM,Brute-force logon burst,Low,Discovery,False Positive,No,n.akter,Evening
ALT-000199,2026-03-11 20:21:34,2026-03,Firewall,Geo-blocked destination,Low,Credential Access,False Positive,No,t.begum,Evening
ALT-000218,2026-03-11 21:41:50,2026-03,SIEM,Audit log cleared,Medium,Lateral Movement,True Positive,No,n.akter,Evening
ALT-000228,2026-03-12 02:01:33,2026-03,WAF,Web shell upload,Medium,Execution,False Positive,No,m.hasan,Night
ALT-000244,2026-03-12 04:47:07,2026-03,EDR,Unsigned driver load,Low,Defense Evasion,True Positive,No,t.begum,Night
ALT-000223,2026-03-12 05:22:10,2026-03,Firewall,Tor exit node traffic,Low,Collection,False Positive,No,t.begum,Night
ALT-000221,2026-03-12 06:36:28,2026-03,CASB,OAuth grant to risky app,Low,Collection,Benign True Positive,No,a.rahman,Morning
ALT-000234,2026-03-12 08:53:35,2026-03,Firewall,Outbound to known C2,Medium,Execution,False Positive,No,t.begum,Morning
ALT-000229,2026-03-12 09:28:00,2026-03,SIEM,Impossible travel,Low,Discovery,False Positive,No,s.khatun,Morning
ALT-000242,2026-03-12 10:51:53,2026-03,Firewall,Geo-blocked destination,High,Command and Control,False Positive,No,a.rahman,Morning
ALT-000232,2026-03-12 11:13:24,2026-03,Firewall,Inbound port scan,Medium,Privilege Escalation,True Positive,Yes,a.rahman,Morning
ALT-000225,2026-03-12 12:37:56,2026-03,CASB,Mass external share,Low,Collection,Benign True Positive,No,n.akter,Morning
ALT-000224,2026-03-12 14:06:12,2026-03,EDR,Unsigned driver load,High,Discovery,Benign True Positive,No,s.khatun,Evening
ALT-000233,2026-03-12 14:14:21,2026-03,Firewall,Tor exit node traffic,Low,Credential Access,False Positive,No,n.akter,Evening
ALT-000239,2026-03-12 14:14:26,2026-03,Email-GW,Phishing URL,Medium,Discovery,True Positive,No,s.khatun,Evening
ALT-000236,2026-03-12 14:48:05,2026-03,EDR,Credential dumping tool,Medium,Persistence,False Positive,No,n.akter,Evening
ALT-000222,2026-03-12 15:10:01,2026-03,EDR,Credential dumping tool,Low,Discovery,False Positive,No,r.islam,Evening
ALT-000237,2026-03-12 15:17:57,2026-03,IDS,SMB lateral movement,Low,Persistence,Benign True Positive,No,m.hasan,Evening
ALT-000226,2026-03-12 15:26:24,2026-03,Firewall,Outbound to known C2,Medium,Impact,Duplicate,No,s.khatun,Evening
ALT-000243,2026-03-12 15:39:50,2026-03,Email-GW,Malicious attachment,Medium,Defense Evasion,True Positive,Yes,a.rahman,Evening
ALT-000241,2026-03-12 15:45:39,2026-03,Email-GW,Spoofed internal sender,Low,Discovery,False Positive,No,r.islam,Evening
ALT-000227,2026-03-12 15:48:18,2026-03,Email-GW,Phishing URL,Low,Lateral Movement,False Positive,No,s.khatun,Evening
ALT-000235,2026-03-12 16:34:24,2026-03,Firewall,Outbound to known C2,Medium,Initial Access,False Positive,No,t.begum,Evening
ALT-000238,2026-03-12 16:36:38,2026-03,EDR,Process hollowing,Low,Impact,False Positive,No,r.islam,Evening
ALT-000231,2026-03-12 17:09:34,2026-03,Firewall,Geo-blocked destination,Medium,Defense Evasion,False Positive,No,m.hasan,Evening
ALT-000230,2026-03-12 17:10:33,2026-03,IDS,Nmap scan,Low,Lateral Movement,False Positive,No,m.hasan,Evening
ALT-000240,2026-03-12 22:12:04,2026-03,SIEM,Audit log cleared,Medium,Execution,False Positive,No,s.khatun,Night
ALT-000259,2026-03-13 08:38:42,2026-03,IDS,Cobalt Strike beacon,High,Collection,False Positive,No,s.khatun,Morning
ALT-000255,2026-03-13 10:12:34,2026-03,EDR,Process hollowing,Medium,Initial Access,True Positive,Yes,m.hasan,Morning
ALT-000257,2026-03-13 10:24:18,2026-03,EDR,Process hollowing,Low,Execution,False Positive,No,n.akter,Morning
ALT-000251,2026-03-13 10:35:52,2026-03,Email-GW,Spoofed internal sender,High,Discovery,Benign True Positive,No,a.rahman,Morning
ALT-000256,2026-03-13 11:22:21,2026-03,Firewall,DNS tunneling pattern,Medium,Collection,False Positive,No,a.rahman,Morning
ALT-000248,2026-03-13 13:20:18,2026-03,IDS,SMB lateral movement,Low,Persistence,False Positive,No,t.begum,Morning
ALT-000253,2026-03-13 16:18:25,2026-03,SIEM,Audit log cleared,Medium,Initial Access,Benign True Positive,No,m.hasan,Evening
ALT-000249,2026-03-13 16:53:11,2026-03,SIEM,Impossible travel,Low,Credential Access,True Positive,No,t.begum,Evening
ALT-000252,2026-03-13 19:00:10,2026-03,IDS,Cobalt Strike beacon,High,Collection,False Positive,No,a.rahman,Evening
ALT-000245,2026-03-13 19:06:59,2026-03,SIEM,Impossible travel,Medium,Collection,True Positive,Yes,n.akter,Evening
ALT-000247,2026-03-13 19:16:15,2026-03,SIEM,New privileged account,Medium,Discovery,False Positive,No,s.khatun,Evening
ALT-000254,2026-03-13 20:20:11,2026-03,Email-GW,Business email compromise,Low,Impact,False Positive,No,n.akter,Evening
ALT-000258,2026-03-13 21:29:17,2026-03,EDR,LOLBin execution,Medium,Credential Access,False Positive,No,n.akter,Evening
ALT-000246,2026-03-13 21:33:03,2026-03,EDR,Credential dumping tool,Low,Privilege Escalation,False Positive,No,r.islam,Evening
ALT-000250,2026-03-13 22:55:38,2026-03,SIEM,New privileged account,Medium,Privilege Escalation,Benign True Positive,No,r.islam,Night
ALT-000268,2026-03-14 05:33:14,2026-03,EDR,Credential dumping tool,Low,Impact,Benign True Positive,No,a.rahman,Night
ALT-000270,2026-03-14 08:04:16,2026-03,EDR,Credential dumping tool,Medium,Collection,False Positive,No,m.hasan,Morning
ALT-000267,2026-03-14 08:50:02,2026-03,SIEM,Logon from disabled account,Low,Persistence,False Positive,No,n.akter,Morning
ALT-000260,2026-03-14 10:45:12,2026-03,Email-GW,Phishing URL,High,Initial Access,False Positive,No,n.akter,Morning
ALT-000264,2026-03-14 11:11:36,2026-03,Firewall,Outbound to known C2,High,Credential Access,False Positive,No,t.begum,Morning
ALT-000261,2026-03-14 13:12:44,2026-03,SIEM,Audit log cleared,Low,Credential Access,Benign True Positive,No,s.khatun,Morning
ALT-000263,2026-03-14 13:38:25,2026-03,Email-GW,Spoofed internal sender,Medium,Credential Access,False Positive,No,r.islam,Morning
ALT-000269,2026-03-14 15:45:14,2026-03,Firewall,Tor exit node traffic,Low,Lateral Movement,Benign True Positive,No,r.islam,Evening
ALT-000265,2026-03-14 15:56:44,2026-03,EDR,Unsigned driver load,Low,Discovery,True Positive,No,t.begum,Evening
ALT-000262,2026-03-14 16:27:38,2026-03,Firewall,Tor exit node traffic,Low,Privilege Escalation,Benign True Positive,No,a.rahman,Evening
ALT-000271,2026-03-14 18:17:21,2026-03,Firewall,Inbound port scan,High,Defense Evasion,Duplicate,No,n.akter,Evening
ALT-000266,2026-03-14 19:58:26,2026-03,EDR,Unsigned driver load,Low,Defense Evasion,Benign True Positive,No,n.akter,Evening
ALT-000279,2026-03-15 01:01:22,2026-03,CASB,Mass external share,Low,Command and Control,False Positive,No,r.islam,Night
ALT-000277,2026-03-15 07:30:18,2026-03,SIEM,New privileged account,Low,Lateral Movement,Benign True Positive,No,m.hasan,Morning
ALT-000273,2026-03-15 13:14:03,2026-03,SIEM,Audit log cleared,Low,Exfiltration,False Positive,No,n.akter,Morning
ALT-000276,2026-03-15 13:19:19,2026-03,WAF,Path traversal,Low,Initial Access,Benign True Positive,No,t.begum,Morning
ALT-000274,2026-03-15 13:45:13,2026-03,EDR,Suspicious PowerShell,Medium,Exfiltration,False Positive,No,r.islam,Morning
ALT-000278,2026-03-15 14:49:31,2026-03,EDR,Ransomware canary file,Medium,Execution,False Positive,No,s.khatun,Evening
ALT-000275,2026-03-15 15:35:40,2026-03,SIEM,Brute-force logon burst,Low,Discovery,False Positive,No,s.khatun,Evening
ALT-000272,2026-03-15 16:56:33,2026-03,EDR,Unsigned driver load,Critical,Collection,False Positive,No,r.islam,Evening
ALT-000280,2026-03-15 20:58:09,2026-03,Firewall,Inbound port scan,Low,Discovery,False Positive,No,a.rahman,Evening
ALT-000285,2026-03-16 05:40:12,2026-03,SIEM,Brute-force logon burst,Medium,Lateral Movement,True Positive,No,a.rahman,Night
ALT-000301,2026-03-16 06:20:42,2026-03,EDR,Process hollowing,Medium,Discovery,False Positive,No,t.begum,Morning
ALT-000282,2026-03-16 07:07:53,2026-03,WAF,SQL injection attempt,Low,Exfiltration,False Positive,No,m.hasan,Morning
ALT-000294,2026-03-16 07:42:44,2026-03,SIEM,Brute-force logon burst,Medium,Command and Control,Benign True Positive,No,t.begum,Morning
ALT-000283,2026-03-16 08:07:23,2026-03,SIEM,Mass file download,Medium,Exfiltration,True Positive,Yes,m.hasan,Morning
ALT-000290,2026-03-16 09:10:25,2026-03,SIEM,Mass file download,Low,Command and Control,Benign True Positive,No,t.begum,Morning
ALT-000292,2026-03-16 09:48:03,2026-03,IDS,EternalBlue exploit,Low,Credential Access,False Positive,No,s.khatun,Morning
ALT-000293,2026-03-16 10:12:53,2026-03,Email-GW,Malicious attachment,High,Impact,False Positive,No,m.hasan,Morning
ALT-000303,2026-03-16 10:44:56,2026-03,WAF,SQL injection attempt,Low,Initial Access,False Positive,No,m.hasan,Morning
ALT-000307,2026-03-16 10:54:12,2026-03,Email-GW,Malicious attachment,Low,Credential Access,True Positive,No,n.akter,Morning
ALT-000288,2026-03-16 11:21:30,2026-03,EDR,Ransomware canary file,Low,Command and Control,False Positive,No,s.khatun,Morning
ALT-000300,2026-03-16 11:59:19,2026-03,IDS,SMB lateral movement,Low,Collection,True Positive,No,t.begum,Morning
ALT-000289,2026-03-16 13:29:03,2026-03,CASB,SaaS impossible travel,High,Persistence,False Positive,No,a.rahman,Morning
ALT-000305,2026-03-16 13:40:46,2026-03,WAF,Path traversal,Low,Execution,Benign True Positive,No,n.akter,Morning
ALT-000281,2026-03-16 13:44:01,2026-03,SIEM,New privileged account,Medium,Exfiltration,Duplicate,No,s.khatun,Morning
ALT-000295,2026-03-16 13:50:29,2026-03,Email-GW,Malicious attachment,Low,Impact,Benign True Positive,No,r.islam,Morning
ALT-000299,2026-03-16 14:27:46,2026-03,SIEM,Logon from disabled account,Medium,Defense Evasion,Benign True Positive,No,t.begum,Evening
ALT-000306,2026-03-16 15:24:26,2026-03,IDS,SMB lateral movement,Low,Defense Evasion,False Positive,No,s.khatun,Evening
ALT-000296,2026-03-16 15:44:17,2026-03,WAF,Path traversal,High,Collection,Benign True Positive,No,n.akter,Evening
ALT-000291,2026-03-16 15:54:42,2026-03,Firewall,Tor exit node traffic,Medium,Defense Evasion,False Positive,No,n.akter,Evening
ALT-000297,2026-03-16 16:24:20,2026-03,EDR,Suspicious PowerShell,Low,Defense Evasion,Benign True Positive,No,a.rahman,Evening
ALT-000298,2026-03-16 16:43:18,2026-03,Email-GW,Spoofed internal sender,Medium,Discovery,False Positive,No,t.begum,Evening
ALT-000287,2026-03-16 18:17:03,2026-03,SIEM,Logon from disabled account,Low,Discovery,False Positive,No,s.khatun,Evening
ALT-000302,2026-03-16 18:42:42,2026-03,EDR,Suspicious PowerShell,High,Initial Access,Duplicate,No,n.akter,Evening
ALT-000284,2026-03-16 20:07:48,2026-03,EDR,Credential dumping tool,High,Initial Access,False Positive,No,s.khatun,Evening
ALT-000304,2026-03-16 21:53:00,2026-03,SIEM,New privileged account,Low,Initial Access,Duplicate,No,r.islam,Evening
ALT-000286,2026-03-16 22:19:29,2026-03,EDR,Process hollowing,Low,Collection,False Positive,No,n.akter,Night
ALT-000330,2026-03-17 01:46:46,2026-03,Email-GW,Phishing URL,High,Execution,False Positive,No,n.akter,Night
ALT-000323,2026-03-17 06:10:52,2026-03,CASB,Mass external share,Low,Credential Access,True Positive,No,s.khatun,Morning
ALT-000327,2026-03-17 06:39:36,2026-03,SIEM,Logon from disabled account,High,Exfiltration,False Positive,No,n.akter,Morning
ALT-000324,2026-03-17 08:10:53,2026-03,WAF,Path traversal,High,Discovery,False Positive,No,m.hasan,Morning
ALT-000315,2026-03-17 08:12:48,2026-03,Firewall,DNS tunneling pattern,Medium,Collection,False Positive,No,m.hasan,Morning
ALT-000322,2026-03-17 08:19:04,2026-03,Firewall,Outbound to known C2,Critical,Privilege Escalation,False Positive,No,s.khatun,Morning
ALT-000329,2026-03-17 09:43:01,2026-03,Firewall,Inbound port scan,Low,Initial Access,True Positive,No,n.akter,Morning
ALT-000312,2026-03-17 10:12:21,2026-03,SIEM,New privileged account,Low,Privilege Escalation,Benign True Positive,No,a.rahman,Morning
ALT-000313,2026-03-17 10:25:19,2026-03,Firewall,DNS tunneling pattern,Low,Lateral Movement,Benign True Positive,No,r.islam,Morning
ALT-000320,2026-03-17 11:25:27,2026-03,Firewall,DNS tunneling pattern,Low,Command and Control,Benign True Positive,No,m.hasan,Morning
ALT-000328,2026-03-17 12:44:30,2026-03,SIEM,Impossible travel,Low,Exfiltration,False Positive,No,r.islam,Morning
ALT-000317,2026-03-17 12:50:33,2026-03,CASB,SaaS impossible travel,Medium,Impact,Benign True Positive,No,a.rahman,Morning
ALT-000310,2026-03-17 13:03:50,2026-03,EDR,Process hollowing,Low,Defense Evasion,Benign True Positive,No,s.khatun,Morning
ALT-000318,2026-03-17 13:32:51,2026-03,SIEM,Audit log cleared,Medium,Privilege Escalation,False Positive,No,m.hasan,Morning
ALT-000326,2026-03-17 13:54:32,2026-03,IDS,SMB lateral movement,Low,Lateral Movement,False Positive,No,r.islam,Morning
ALT-000311,2026-03-17 14:05:37,2026-03,EDR,Unsigned driver load,Medium,Exfiltration,Benign True Positive,No,a.rahman,Evening
ALT-000316,2026-03-17 16:52:29,2026-03,EDR,Suspicious PowerShell,Low,Privilege Escalation,Duplicate,No,t.begum,Evening
ALT-000325,2026-03-17 16:59:03,2026-03,SIEM,Logon from disabled account,Medium,Lateral Movement,Duplicate,No,m.hasan,Evening
ALT-000319,2026-03-17 17:00:35,2026-03,EDR,Process hollowing,Medium,Credential Access,False Positive,No,n.akter,Evening
ALT-000321,2026-03-17 17:08:53,2026-03,EDR,Ransomware canary file,Low,Defense Evasion,Benign True Positive,No,s.khatun,Evening
ALT-000314,2026-03-17 17:26:57,2026-03,EDR,Credential dumping tool,Medium,Collection,True Positive,Yes,n.akter,Evening
ALT-000308,2026-03-17 18:01:30,2026-03,IDS,EternalBlue exploit,Low,Execution,Benign True Positive,No,a.rahman,Evening
ALT-000309,2026-03-17 21:59:50,2026-03,EDR,Unsigned driver load,Low,Collection,Benign True Positive,No,a.rahman,Evening
ALT-000339,2026-03-18 05:12:22,2026-03,EDR,Suspicious PowerShell,Low,Initial Access,False Positive,No,t.begum,Night
ALT-000332,2026-03-18 07:28:27,2026-03,EDR,Process hollowing,Medium,Defense Evasion,Benign True Positive,No,a.rahman,Morning
ALT-000346,2026-03-18 07:31:45,2026-03,Firewall,Tor exit node traffic,Medium,Persistence,Benign True Positive,No,r.islam,Morning
ALT-000331,2026-03-18 07:49:15,2026-03,IDS,EternalBlue exploit,Medium,Impact,False Positive,No,n.akter,Morning
ALT-000334,2026-03-18 07:59:11,2026-03,CASB,OAuth grant to risky app,Medium,Lateral Movement,False Positive,No,s.khatun,Morning
ALT-000338,2026-03-18 09:15:26,2026-03,IDS,EternalBlue exploit,Low,Execution,False Positive,No,n.akter,Morning
ALT-000341,2026-03-18 11:06:27,2026-03,IDS,EternalBlue exploit,Low,Defense Evasion,True Positive,No,t.begum,Morning
ALT-000335,2026-03-18 11:34:19,2026-03,EDR,Process hollowing,Medium,Execution,True Positive,Yes,a.rahman,Morning
ALT-000345,2026-03-18 12:44:56,2026-03,Email-GW,Phishing URL,Low,Exfiltration,Benign True Positive,No,s.khatun,Morning
ALT-000337,2026-03-18 13:46:36,2026-03,EDR,Unsigned driver load,Low,Credential Access,False Positive,No,m.hasan,Morning
ALT-000349,2026-03-18 13:57:30,2026-03,SIEM,New privileged account,Low,Credential Access,False Positive,No,r.islam,Morning
ALT-000350,2026-03-18 14:06:13,2026-03,SIEM,Audit log cleared,High,Persistence,Duplicate,No,a.rahman,Evening
ALT-000347,2026-03-18 14:27:37,2026-03,Email-GW,Malicious attachment,Medium,Persistence,True Positive,No,t.begum,Evening
ALT-000348,2026-03-18 14:50:05,2026-03,Firewall,Tor exit node traffic,Low,Defense Evasion,Benign True Positive,No,a.rahman,Evening
ALT-000343,2026-03-18 15:25:01,2026-03,SIEM,Mass file download,High,Collection,Benign True Positive,No,t.begum,Evening
ALT-000342,2026-03-18 15:45:50,2026-03,EDR,Unsigned driver load,Low,Execution,Benign True Positive,No,t.begum,Evening
ALT-000344,2026-03-18 15:51:38,2026-03,WAF,SQL injection attempt,Low,Exfiltration,False Positive,No,a.rahman,Evening
ALT-000336,2026-03-18 16:07:52,2026-03,EDR,LOLBin execution,Medium,Credential Access,False Positive,No,t.begum,Evening
ALT-000333,2026-03-18 16:42:14,2026-03,Email-GW,Malicious attachment,Low,Execution,Benign True Positive,No,m.hasan,Evening
ALT-000340,2026-03-18 19:29:55,2026-03,SIEM,Impossible travel,Critical,Initial Access,False Positive,No,s.khatun,Evening
ALT-000370,2026-03-19 06:16:22,2026-03,CASB,SaaS impossible travel,High,Defense Evasion,Benign True Positive,No,r.islam,Morning
ALT-000362,2026-03-19 07:10:57,2026-03,IDS,Cobalt Strike beacon,Medium,Impact,True Positive,No,r.islam,Morning
ALT-000366,2026-03-19 07:12:12,2026-03,Firewall,Inbound port scan,Low,Exfiltration,False Positive,No,r.islam,Morning
ALT-000355,2026-03-19 08:54:32,2026-03,WAF,Web shell upload,Low,Execution,Duplicate,No,t.begum,Morning
ALT-000371,2026-03-19 09:41:23,2026-03,Email-GW,Business email compromise,Low,Discovery,False Positive,No,a.rahman,Morning
ALT-000364,2026-03-19 10:04:15,2026-03,SIEM,Audit log cleared,Low,Exfiltration,Benign True Positive,No,a.rahman,Morning
ALT-000368,2026-03-19 10:35:37,2026-03,SIEM,New privileged account,Low,Discovery,Benign True Positive,No,t.begum,Morning
ALT-000360,2026-03-19 10:56:09,2026-03,SIEM,Impossible travel,Medium,Discovery,False Positive,No,a.rahman,Morning
ALT-000367,2026-03-19 11:44:00,2026-03,SIEM,Mass file download,Low,Impact,False Positive,No,s.khatun,Morning
ALT-000374,2026-03-19 12:26:25,2026-03,SIEM,Audit log cleared,Medium,Discovery,False Positive,No,s.khatun,Morning
ALT-000365,2026-03-19 12:32:57,2026-03,IDS,Nmap scan,Low,Impact,Benign True Positive,No,a.rahman,Morning
ALT-000353,2026-03-19 12:44:48,2026-03,CASB,SaaS impossible travel,Low,Collection,False Positive,No,a.rahman,Morning
ALT-000369,2026-03-19 13:50:01,2026-03,WAF,Path traversal,High,Exfiltration,False Positive,No,r.islam,Morning
ALT-000351,2026-03-19 14:37:03,2026-03,EDR,Suspicious PowerShell,Low,Defense Evasion,False Positive,No,n.akter,Evening
ALT-000373,2026-03-19 15:08:43,2026-03,IDS,EternalBlue exploit,Medium,Privilege Escalation,False Positive,No,s.khatun,Evening
ALT-000357,2026-03-19 15:18:33,2026-03,WAF,Path traversal,Critical,Initial Access,True Positive,Yes,t.begum,Evening
ALT-000352,2026-03-19 15:38:16,2026-03,SIEM,Impossible travel,Low,Impact,False Positive,No,a.rahman,Evening
ALT-000363,2026-03-19 16:37:22,2026-03,EDR,Process hollowing,Medium,Lateral Movement,False Positive,No,m.hasan,Evening
ALT-000372,2026-03-19 17:37:01,2026-03,EDR,Unsigned driver load,High,Collection,False Positive,No,t.begum,Evening
ALT-000358,2026-03-19 17:44:57,2026-03,SIEM,Audit log cleared,High,Privilege Escalation,False Positive,No,m.hasan,Evening
ALT-000359,2026-03-19 18:45:36,2026-03,EDR,Suspicious PowerShell,Low,Privilege Escalation,False Positive,No,m.hasan,Evening
ALT-000354,2026-03-19 19:16:25,2026-03,CASB,Mass external share,Medium,Persistence,False Positive,No,m.hasan,Evening
ALT-000361,2026-03-19 20:23:21,2026-03,Email-GW,Business email compromise,Medium,Defense Evasion,False Positive,No,n.akter,Evening
ALT-000356,2026-03-19 22:03:51,2026-03,EDR,Ransomware canary file,Low,Persistence,False Positive,No,n.akter,Night
ALT-000394,2026-03-20 07:27:00,2026-03,SIEM,Logon from disabled account,Medium,Persistence,False Positive,No,r.islam,Morning
ALT-000382,2026-03-20 08:13:05,2026-03,IDS,EternalBlue exploit,Medium,Defense Evasion,True Positive,No,n.akter,Morning
ALT-000379,2026-03-20 10:21:56,2026-03,SIEM,New privileged account,Low,Privilege Escalation,Duplicate,No,s.khatun,Morning
ALT-000376,2026-03-20 10:46:43,2026-03,Email-GW,Spoofed internal sender,Low,Lateral Movement,False Positive,No,r.islam,Morning
ALT-000384,2026-03-20 11:20:41,2026-03,SIEM,Brute-force logon burst,Low,Impact,False Positive,No,s.khatun,Morning
ALT-000386,2026-03-20 11:24:21,2026-03,IDS,Nmap scan,High,Command and Control,Benign True Positive,No,r.islam,Morning
ALT-000375,2026-03-20 11:27:43,2026-03,Email-GW,Business email compromise,High,Discovery,Benign True Positive,No,a.rahman,Morning
ALT-000395,2026-03-20 11:35:24,2026-03,SIEM,New privileged account,Medium,Lateral Movement,False Positive,No,t.begum,Morning
ALT-000391,2026-03-20 11:59:39,2026-03,CASB,OAuth grant to risky app,Medium,Command and Control,True Positive,No,s.khatun,Morning
ALT-000377,2026-03-20 12:12:14,2026-03,Firewall,DNS tunneling pattern,Low,Impact,Benign True Positive,No,m.hasan,Morning
ALT-000380,2026-03-20 12:47:11,2026-03,SIEM,Logon from disabled account,Low,Impact,Benign True Positive,No,r.islam,Morning
ALT-000390,2026-03-20 13:14:43,2026-03,WAF,XSS attempt,Low,Command and Control,Benign True Positive,No,s.khatun,Morning
ALT-000388,2026-03-20 14:52:23,2026-03,SIEM,Logon from disabled account,Low,Exfiltration,False Positive,No,s.khatun,Evening
ALT-000392,2026-03-20 16:28:22,2026-03,SIEM,Brute-force logon burst,Low,Discovery,False Positive,No,t.begum,Evening
ALT-000385,2026-03-20 16:40:44,2026-03,WAF,Path traversal,Medium,Collection,False Positive,No,m.hasan,Evening
ALT-000378,2026-03-20 17:31:34,2026-03,EDR,Suspicious PowerShell,High,Initial Access,Benign True Positive,No,s.khatun,Evening
ALT-000393,2026-03-20 18:10:52,2026-03,Firewall,Geo-blocked destination,Low,Impact,False Positive,No,a.rahman,Evening
ALT-000383,2026-03-20 18:52:48,2026-03,EDR,Unsigned driver load,Low,Execution,False Positive,No,s.khatun,Evening
ALT-000396,2026-03-20 18:55:28,2026-03,CASB,OAuth grant to risky app,Low,Credential Access,False Positive,No,r.islam,Evening
ALT-000387,2026-03-20 18:58:50,2026-03,EDR,Credential dumping tool,Critical,Defense Evasion,Benign True Positive,No,n.akter,Evening
ALT-000389,2026-03-20 20:05:50,2026-03,Firewall,Geo-blocked destination,Low,Exfiltration,False Positive,No,a.rahman,Evening
ALT-000381,2026-03-20 21:15:51,2026-03,SIEM,Mass file download,High,Discovery,Benign True Positive,No,s.khatun,Evening
ALT-000399,2026-03-21 06:16:03,2026-03,SIEM,Mass file download,Medium,Impact,False Positive,No,n.akter,Morning
ALT-000401,2026-03-21 07:12:18,2026-03,Email-GW,Spoofed internal sender,Medium,Exfiltration,True Positive,No,t.begum,Morning
ALT-000403,2026-03-21 07:13:04,2026-03,Firewall,Outbound to known C2,High,Collection,False Positive,No,m.hasan,Morning
ALT-000398,2026-03-21 10:26:14,2026-03,IDS,EternalBlue exploit,Low,Collection,False Positive,No,a.rahman,Morning
ALT-000405,2026-03-21 12:50:07,2026-03,Firewall,DNS tunneling pattern,Low,Discovery,True Positive,No,s.khatun,Morning
ALT-000404,2026-03-21 13:15:51,2026-03,SIEM,Logon from disabled account,High,Discovery,False Positive,No,m.hasan,Morning
ALT-000400,2026-03-21 17:30:55,2026-03,CASB,OAuth grant to risky app,Low,Defense Evasion,Benign True Positive,No,n.akter,Evening
ALT-000406,2026-03-21 17:40:10,2026-03,Firewall,Geo-blocked destination,High,Credential Access,False Positive,No,m.hasan,Evening
ALT-000402,2026-03-21 22:18:03,2026-03,Firewall,Outbound to known C2,Low,Command and Control,Benign True Positive,No,n.akter,Night
ALT-000397,2026-03-21 23:21:04,2026-03,EDR,Ransomware canary file,Medium,Persistence,True Positive,Yes,a.rahman,Night
ALT-000408,2026-03-22 08:11:51,2026-03,EDR,Suspicious PowerShell,Medium,Persistence,True Positive,No,a.rahman,Morning
ALT-000413,2026-03-22 09:05:47,2026-03,SIEM,Logon from disabled account,Low,Collection,Benign True Positive,No,m.hasan,Morning
ALT-000410,2026-03-22 13:39:32,2026-03,SIEM,Mass file download,Low,Persistence,False Positive,No,r.islam,Morning
ALT-000412,2026-03-22 13:40:25,2026-03,SIEM,Mass file download,Medium,Command and Control,False Positive,No,t.begum,Morning
ALT-000409,2026-03-22 15:14:06,2026-03,WAF,XSS attempt,Low,Privilege Escalation,False Positive,No,r.islam,Evening
ALT-000407,2026-03-22 15:54:42,2026-03,EDR,Suspicious PowerShell,Medium,Credential Access,False Positive,No,a.rahman,Evening
ALT-000411,2026-03-22 21:10:09,2026-03,SIEM,Brute-force logon burst,Low,Impact,Benign True Positive,No,s.khatun,Evening
ALT-000432,2026-03-23 06:18:13,2026-03,EDR,Credential dumping tool,Medium,Execution,False Positive,No,r.islam,Morning
ALT-000428,2026-03-23 06:50:18,2026-03,SIEM,Impossible travel,High,Persistence,False Positive,No,n.akter,Morning
ALT-000437,2026-03-23 09:05:43,2026-03,Firewall,Geo-blocked destination,High,Defense Evasion,False Positive,No,m.hasan,Morning
ALT-000414,2026-03-23 09:56:52,2026-03,SIEM,Logon from disabled account,Low,Persistence,False Positive,No,r.islam,Morning
ALT-000433,2026-03-23 10:16:37,2026-03,SIEM,Impossible travel,Low,Discovery,False Positive,No,t.begum,Morning
ALT-000418,2026-03-23 11:51:44,2026-03,Email-GW,Malicious attachment,High,Collection,True Positive,Yes,n.akter,Morning
ALT-000417,2026-03-23 12:00:57,2026-03,SIEM,Audit log cleared,Low,Persistence,True Positive,No,a.rahman,Morning
ALT-000434,2026-03-23 12:36:06,2026-03,SIEM,Mass file download,Low,Persistence,Benign True Positive,No,s.khatun,Morning
ALT-000429,2026-03-23 13:06:01,2026-03,WAF,SQL injection attempt,Medium,Privilege Escalation,False Positive,No,a.rahman,Morning
ALT-000435,2026-03-23 13:09:28,2026-03,IDS,EternalBlue exploit,Low,Collection,False Positive,No,n.akter,Morning
ALT-000427,2026-03-23 13:36:37,2026-03,EDR,Credential dumping tool,Low,Impact,False Positive,No,r.islam,Morning
ALT-000421,2026-03-23 13:43:15,2026-03,EDR,Suspicious PowerShell,High,Exfiltration,True Positive,Yes,s.khatun,Morning
ALT-000420,2026-03-23 13:45:07,2026-03,EDR,Process hollowing,Low,Defense Evasion,True Positive,No,a.rahman,Morning
ALT-000423,2026-03-23 13:49:45,2026-03,Email-GW,Business email compromise,High,Persistence,False Positive,No,m.hasan,Morning
ALT-000424,2026-03-23 14:02:58,2026-03,Firewall,Geo-blocked destination,Low,Lateral Movement,False Positive,No,r.islam,Evening
ALT-000436,2026-03-23 14:43:31,2026-03,SIEM,Brute-force logon burst,Low,Credential Access,True Positive,No,n.akter,Evening
ALT-000416,2026-03-23 15:13:54,2026-03,WAF,Path traversal,Low,Privilege Escalation,True Positive,No,r.islam,Evening
ALT-000415,2026-03-23 15:29:06,2026-03,WAF,Web shell upload,Low,Impact,Duplicate,No,a.rahman,Evening
ALT-000431,2026-03-23 15:46:05,2026-03,WAF,XSS attempt,Medium,Command and Control,False Positive,No,n.akter,Evening
ALT-000430,2026-03-23 16:17:02,2026-03,Email-GW,Malicious attachment,Medium,Discovery,Duplicate,No,m.hasan,Evening
ALT-000422,2026-03-23 17:29:30,2026-03,SIEM,Logon from disabled account,Low,Lateral Movement,False Positive,No,r.islam,Evening
ALT-000426,2026-03-23 17:56:00,2026-03,EDR,LOLBin execution,Low,Defense Evasion,False Positive,No,s.khatun,Evening
ALT-000438,2026-03-23 17:57:22,2026-03,SIEM,Brute-force logon burst,Low,Exfiltration,False Positive,No,n.akter,Evening
ALT-000425,2026-03-23 18:45:11,2026-03,WAF,SQL injection attempt,Low,Credential Access,Benign True Positive,No,a.rahman,Evening
ALT-000419,2026-03-23 19:33:36,2026-03,SIEM,Mass file download,Low,Persistence,True Positive,No,a.rahman,Evening
ALT-000439,2026-03-23 20:26:01,2026-03,EDR,LOLBin execution,Low,Lateral Movement,False Positive,No,m.hasan,Evening
ALT-000448,2026-03-24 00:56:12,2026-03,SIEM,Audit log cleared,High,Persistence,False Positive,No,a.rahman,Night
ALT-000451,2026-03-24 04:11:13,2026-03,SIEM,Logon from disabled account,Medium,Command and Control,False Positive,No,a.rahman,Night
ALT-000456,2026-03-24 07:53:23,2026-03,Email-GW,Spoofed internal sender,Medium,Discovery,Benign True Positive,No,t.begum,Morning
ALT-000458,2026-03-24 08:48:35,2026-03,EDR,Suspicious PowerShell,Low,Collection,True Positive,No,n.akter,Morning
ALT-000449,2026-03-24 08:48:37,2026-03,Firewall,DNS tunneling pattern,Low,Credential Access,False Positive,No,t.begum,Morning
ALT-000442,2026-03-24 10:15:11,2026-03,Email-GW,Phishing URL,Low,Credential Access,False Positive,No,r.islam,Morning
ALT-000443,2026-03-24 10:24:05,2026-03,EDR,Unsigned driver load,Critical,Discovery,False Positive,No,a.rahman,Morning
ALT-000445,2026-03-24 11:23:33,2026-03,Firewall,Tor exit node traffic,High,Privilege Escalation,False Positive,No,t.begum,Morning
ALT-000453,2026-03-24 12:59:48,2026-03,WAF,Path traversal,Medium,Initial Access,True Positive,No,s.khatun,Morning
ALT-000440,2026-03-24 13:39:31,2026-03,Firewall,Outbound to known C2,Low,Persistence,False Positive,No,m.hasan,Morning
ALT-000452,2026-03-24 13:56:36,2026-03,Firewall,DNS tunneling pattern,Medium,Impact,False Positive,No,s.khatun,Morning
ALT-000450,2026-03-24 14:21:12,2026-03,SIEM,Brute-force logon burst,Low,Command and Control,False Positive,No,m.hasan,Evening
ALT-000441,2026-03-24 14:29:14,2026-03,SIEM,New privileged account,Low,Exfiltration,False Positive,No,r.islam,Evening
ALT-000457,2026-03-24 14:53:25,2026-03,EDR,LOLBin execution,Low,Defense Evasion,True Positive,No,a.rahman,Evening
ALT-000454,2026-03-24 15:28:31,2026-03,Email-GW,Business email compromise,Low,Initial Access,False Positive,No,n.akter,Evening
ALT-000455,2026-03-24 16:00:22,2026-03,Firewall,Tor exit node traffic,Low,Exfiltration,False Positive,No,s.khatun,Evening
ALT-000447,2026-03-24 16:09:57,2026-03,Firewall,DNS tunneling pattern,Medium,Privilege Escalation,Benign True Positive,No,a.rahman,Evening
ALT-000459,2026-03-24 16:12:39,2026-03,SIEM,Audit log cleared,Medium,Lateral Movement,False Positive,No,a.rahman,Evening
ALT-000444,2026-03-24 18:51:40,2026-03,Email-GW,Malicious attachment,Low,Lateral Movement,True Positive,No,s.khatun,Evening
ALT-000446,2026-03-24 19:46:54,2026-03,WAF,XSS attempt,High,Execution,False Positive,No,a.rahman,Evening
ALT-000462,2026-03-25 07:01:37,2026-03,EDR,Suspicious PowerShell,High,Lateral Movement,False Positive,No,m.hasan,Morning
ALT-000463,2026-03-25 07:24:42,2026-03,SIEM,Mass file download,Critical,Discovery,False Positive,No,s.khatun,Morning
ALT-000475,2026-03-25 07:49:52,2026-03,EDR,Unsigned driver load,Low,Collection,Benign True Positive,No,a.rahman,Morning
ALT-000472,2026-03-25 08:04:40,2026-03,EDR,LOLBin execution,Medium,Privilege Escalation,False Positive,No,a.rahman,Morning
ALT-000483,2026-03-25 08:33:51,2026-03,Email-GW,Malicious attachment,Medium,Collection,Benign True Positive,No,m.hasan,Morning
ALT-000470,2026-03-25 09:08:45,2026-03,EDR,Suspicious PowerShell,Low,Persistence,False Positive,No,s.khatun,Morning
ALT-000465,2026-03-25 09:12:56,2026-03,EDR,Unsigned driver load,High,Credential Access,True Positive,No,n.akter,Morning
ALT-000467,2026-03-25 09:35:46,2026-03,SIEM,Brute-force logon burst,Low,Collection,False Positive,No,t.begum,Morning
ALT-000471,2026-03-25 09:55:59,2026-03,SIEM,Impossible travel,Medium,Exfiltration,True Positive,No,m.hasan,Morning
ALT-000466,2026-03-25 09:59:56,2026-03,Email-GW,Malicious attachment,Low,Execution,True Positive,No,s.khatun,Morning
ALT-000476,2026-03-25 10:02:11,2026-03,IDS,Nmap scan,Low,Execution,True Positive,No,t.begum,Morning
ALT-000468,2026-03-25 11:23:09,2026-03,SIEM,Logon from disabled account,Low,Privilege Escalation,True Positive,No,a.rahman,Morning
ALT-000480,2026-03-25 11:48:51,2026-03,EDR,LOLBin execution,Medium,Lateral Movement,False Positive,No,a.rahman,Morning
ALT-000482,2026-03-25 11:55:45,2026-03,EDR,Process hollowing,High,Defense Evasion,False Positive,No,m.hasan,Morning
ALT-000473,2026-03-25 12:21:47,2026-03,SIEM,Logon from disabled account,Low,Initial Access,False Positive,No,a.rahman,Morning
ALT-000461,2026-03-25 12:53:20,2026-03,SIEM,Impossible travel,High,Persistence,False Positive,No,a.rahman,Morning
ALT-000474,2026-03-25 13:03:40,2026-03,SIEM,New privileged account,Low,Persistence,False Positive,No,m.hasan,Morning
ALT-000479,2026-03-25 14:07:34,2026-03,IDS,SMB lateral movement,Low,Exfiltration,False Positive,No,a.rahman,Evening
ALT-000460,2026-03-25 14:14:12,2026-03,SIEM,Impossible travel,High,Privilege Escalation,True Positive,Yes,r.islam,Evening
ALT-000481,2026-03-25 15:31:31,2026-03,IDS,Nmap scan,Medium,Discovery,False Positive,No,t.begum,Evening
ALT-000464,2026-03-25 19:16:15,2026-03,Firewall,Tor exit node traffic,High,Command and Control,False Positive,No,m.hasan,Evening
ALT-000477,2026-03-25 19:43:50,2026-03,Firewall,DNS tunneling pattern,Low,Privilege Escalation,Benign True Positive,No,m.hasan,Evening
ALT-000478,2026-03-25 20:41:58,2026-03,SIEM,Brute-force logon burst,Low,Collection,False Positive,No,n.akter,Evening
ALT-000469,2026-03-25 21:04:54,2026-03,Email-GW,Business email compromise,Medium,Command and Control,False Positive,No,t.begum,Evening
ALT-000506,2026-03-26 02:47:51,2026-03,WAF,XSS attempt,Low,Lateral Movement,False Positive,No,r.islam,Night
ALT-000502,2026-03-26 05:20:02,2026-03,SIEM,New privileged account,Low,Impact,False Positive,No,t.begum,Night
ALT-000486,2026-03-26 07:53:50,2026-03,SIEM,Impossible travel,Medium,Execution,False Positive,No,a.rahman,Morning
ALT-000485,2026-03-26 09:43:52,2026-03,CASB,SaaS impossible travel,Medium,Impact,Benign True Positive,No,a.rahman,Morning
ALT-000491,2026-03-26 09:51:41,2026-03,Email-GW,Phishing URL,Low,Collection,False Positive,No,t.begum,Morning
ALT-000484,2026-03-26 10:07:09,2026-03,CASB,SaaS impossible travel,Low,Initial Access,False Positive,No,m.hasan,Morning
ALT-000500,2026-03-26 10:25:11,2026-03,SIEM,Mass file download,Medium,Exfiltration,False Positive,No,r.islam,Morning
ALT-000494,2026-03-26 11:27:15,2026-03,SIEM,Audit log cleared,Medium,Defense Evasion,Benign True Positive,No,r.islam,Morning
ALT-000498,2026-03-26 11:46:07,2026-03,SIEM,Mass file download,High,Lateral Movement,Duplicate,No,m.hasan,Morning
ALT-000499,2026-03-26 12:16:41,2026-03,SIEM,Mass file download,Low,Privilege Escalation,False Positive,No,t.begum,Morning
ALT-000495,2026-03-26 14:09:30,2026-03,EDR,Unsigned driver load,Medium,Privilege Escalation,False Positive,No,t.begum,Evening
ALT-000496,2026-03-26 14:17:18,2026-03,SIEM,Impossible travel,Low,Exfiltration,False Positive,No,s.khatun,Evening
ALT-000487,2026-03-26 14:47:10,2026-03,EDR,Unsigned driver load,Medium,Privilege Escalation,False Positive,No,n.akter,Evening
ALT-000505,2026-03-26 15:27:31,2026-03,SIEM,Impossible travel,Low,Privilege Escalation,True Positive,No,s.khatun,Evening
ALT-000492,2026-03-26 15:42:58,2026-03,SIEM,New privileged account,Medium,Defense Evasion,Duplicate,No,n.akter,Evening
ALT-000503,2026-03-26 15:50:59,2026-03,Email-GW,Spoofed internal sender,High,Collection,False Positive,No,s.khatun,Evening
ALT-000504,2026-03-26 16:25:13,2026-03,IDS,EternalBlue exploit,Low,Execution,False Positive,No,m.hasan,Evening
ALT-000490,2026-03-26 17:01:00,2026-03,Email-GW,Spoofed internal sender,High,Execution,Duplicate,No,a.rahman,Evening
ALT-000501,2026-03-26 18:21:48,2026-03,SIEM,Impossible travel,Medium,Discovery,True Positive,No,s.khatun,Evening
ALT-000493,2026-03-26 19:18:08,2026-03,EDR,Ransomware canary file,High,Collection,False Positive,No,a.rahman,Evening
ALT-000488,2026-03-26 19:38:42,2026-03,Email-GW,Spoofed internal sender,High,Defense Evasion,Benign True Positive,No,a.rahman,Evening
ALT-000489,2026-03-26 20:12:11,2026-03,Firewall,Tor exit node traffic,High,Impact,True Positive,Yes,s.khatun,Evening
ALT-000497,2026-03-26 20:12:31,2026-03,Firewall,Inbound port scan,Low,Discovery,False Positive,No,m.hasan,Evening
ALT-000515,2026-03-27 04:31:58,2026-03,Firewall,Tor exit node traffic,Low,Collection,False Positive,No,n.akter,Night
ALT-000522,2026-03-27 06:27:05,2026-03,Firewall,Geo-blocked destination,Low,Credential Access,Benign True Positive,No,t.begum,Morning
ALT-000507,2026-03-27 07:09:04,2026-03,WAF,Web shell upload,High,Impact,True Positive,No,a.rahman,Morning
ALT-000518,2026-03-27 07:53:54,2026-03,Firewall,Geo-blocked destination,High,Impact,False Positive,No,m.hasan,Morning
ALT-000523,2026-03-27 08:23:40,2026-03,WAF,SQL injection attempt,Low,Command and Control,True Positive,No,r.islam,Morning
ALT-000513,2026-03-27 09:16:30,2026-03,EDR,Process hollowing,Low,Execution,False Positive,No,n.akter,Morning
ALT-000514,2026-03-27 10:04:59,2026-03,WAF,Path traversal,High,Command and Control,Benign True Positive,No,s.khatun,Morning
ALT-000520,2026-03-27 11:13:46,2026-03,SIEM,Impossible travel,Critical,Initial Access,False Positive,No,n.akter,Morning
ALT-000509,2026-03-27 11:28:28,2026-03,WAF,XSS attempt,Medium,Command and Control,False Positive,No,a.rahman,Morning
ALT-000519,2026-03-27 11:30:52,2026-03,SIEM,Brute-force logon burst,Low,Command and Control,True Positive,No,s.khatun,Morning
ALT-000524,2026-03-27 11:40:12,2026-03,IDS,SMB lateral movement,Medium,Discovery,True Positive,No,n.akter,Morning
ALT-000512,2026-03-27 11:46:28,2026-03,WAF,Path traversal,Low,Initial Access,False Positive,No,r.islam,Morning
ALT-000517,2026-03-27 11:54:10,2026-03,EDR,Process hollowing,Medium,Lateral Movement,False Positive,No,t.begum,Morning
ALT-000516,2026-03-27 13:45:47,2026-03,SIEM,Logon from disabled account,High,Collection,False Positive,No,s.khatun,Morning
ALT-000511,2026-03-27 14:54:46,2026-03,WAF,XSS attempt,Medium,Execution,Benign True Positive,No,a.rahman,Evening
ALT-000508,2026-03-27 15:56:37,2026-03,SIEM,New privileged account,Low,Privilege Escalation,False Positive,No,m.hasan,Evening
ALT-000521,2026-03-27 16:23:23,2026-03,Email-GW,Business email compromise,Low,Exfiltration,Benign True Positive,No,n.akter,Evening
ALT-000510,2026-03-27 17:39:54,2026-03,EDR,Process hollowing,Low,Initial Access,False Positive,No,n.akter,Evening
ALT-000527,2026-03-28 07:10:40,2026-03,EDR,Ransomware canary file,High,Defense Evasion,Duplicate,No,n.akter,Morning
ALT-000530,2026-03-28 09:08:25,2026-03,IDS,EternalBlue exploit,Low,Privilege Escalation,False Positive,No,a.rahman,Morning
ALT-000529,2026-03-28 11:25:41,2026-03,WAF,Web shell upload,Medium,Discovery,Duplicate,No,a.rahman,Morning
ALT-000528,2026-03-28 12:26:26,2026-03,WAF,XSS attempt,High,Discovery,True Positive,Yes,t.begum,Morning
ALT-000531,2026-03-28 13:03:47,2026-03,IDS,Cobalt Strike beacon,Low,Discovery,True Positive,No,s.khatun,Morning
ALT-000526,2026-03-28 14:48:48,2026-03,Firewall,Geo-blocked destination,Low,Discovery,False Positive,No,r.islam,Evening
ALT-000525,2026-03-28 17:00:45,2026-03,Firewall,Inbound port scan,Low,Exfiltration,False Positive,No,m.hasan,Evening
ALT-000532,2026-03-29 00:23:27,2026-03,SIEM,Brute-force logon burst,Critical,Defense Evasion,Benign True Positive,No,t.begum,Night
ALT-000544,2026-03-29 07:31:30,2026-03,Email-GW,Spoofed internal sender,Low,Persistence,Benign True Positive,No,m.hasan,Morning
ALT-000542,2026-03-29 09:39:02,2026-03,Email-GW,Phishing URL,High,Impact,False Positive,No,t.begum,Morning
ALT-000533,2026-03-29 10:19:26,2026-03,EDR,Process hollowing,Low,Discovery,False Positive,No,m.hasan,Morning
ALT-000541,2026-03-29 10:47:25,2026-03,SIEM,Brute-force logon burst,Low,Privilege Escalation,False Positive,No,a.rahman,Morning
ALT-000537,2026-03-29 12:18:47,2026-03,IDS,EternalBlue exploit,Medium,Impact,False Positive,No,t.begum,Morning
ALT-000540,2026-03-29 12:52:32,2026-03,Email-GW,Malicious attachment,Medium,Initial Access,False Positive,No,m.hasan,Morning
ALT-000539,2026-03-29 14:26:58,2026-03,SIEM,New privileged account,Medium,Exfiltration,True Positive,No,t.begum,Evening
ALT-000536,2026-03-29 15:22:17,2026-03,EDR,Ransomware canary file,High,Persistence,False Positive,No,t.begum,Evening
ALT-000543,2026-03-29 16:36:13,2026-03,SIEM,Impossible travel,Medium,Privilege Escalation,True Positive,Yes,s.khatun,Evening
ALT-000535,2026-03-29 16:57:50,2026-03,EDR,Credential dumping tool,Low,Impact,False Positive,No,n.akter,Evening
ALT-000538,2026-03-29 18:03:19,2026-03,WAF,SQL injection attempt,Low,Defense Evasion,Benign True Positive,No,n.akter,Evening
ALT-000534,2026-03-29 21:48:53,2026-03,EDR,Process hollowing,Medium,Defense Evasion,Duplicate,No,n.akter,Evening
ALT-000567,2026-03-30 05:31:08,2026-03,Email-GW,Spoofed internal sender,Low,Privilege Escalation,False Positive,No,t.begum,Night
ALT-000545,2026-03-30 06:07:25,2026-03,Firewall,Inbound port scan,Low,Collection,False Positive,No,a.rahman,Morning
ALT-000570,2026-03-30 07:15:24,2026-03,EDR,Credential dumping tool,Medium,Privilege Escalation,False Positive,No,n.akter,Morning
ALT-000571,2026-03-30 07:23:57,2026-03,Firewall,DNS tunneling pattern,Low,Lateral Movement,False Positive,No,t.begum,Morning
ALT-000563,2026-03-30 08:39:52,2026-03,WAF,SQL injection attempt,High,Defense Evasion,False Positive,No,r.islam,Morning
ALT-000558,2026-03-30 08:43:47,2026-03,WAF,XSS attempt,Low,Impact,False Positive,No,r.islam,Morning
ALT-000557,2026-03-30 09:05:21,2026-03,CASB,OAuth grant to risky app,Medium,Discovery,False Positive,No,r.islam,Morning
ALT-000559,2026-03-30 10:24:08,2026-03,Email-GW,Phishing URL,Medium,Defense Evasion,Duplicate,No,s.khatun,Morning
ALT-000554,2026-03-30 10:28:54,2026-03,IDS,SMB lateral movement,High,Defense Evasion,False Positive,No,t.begum,Morning
ALT-000546,2026-03-30 11:08:16,2026-03,SIEM,Audit log cleared,Medium,Persistence,False Positive,No,s.khatun,Morning
ALT-000564,2026-03-30 11:41:53,2026-03,IDS,SMB lateral movement,Low,Execution,Benign True Positive,No,m.hasan,Morning
ALT-000550,2026-03-30 12:33:56,2026-03,EDR,Process hollowing,Low,Defense Evasion,False Positive,No,a.rahman,Morning
ALT-000569,2026-03-30 13:58:21,2026-03,SIEM,Audit log cleared,Low,Command and Control,False Positive,No,t.begum,Morning
ALT-000560,2026-03-30 14:06:28,2026-03,EDR,Process hollowing,Low,Persistence,True Positive,No,t.begum,Evening
ALT-000561,2026-03-30 14:46:40,2026-03,WAF,XSS attempt,High,Initial Access,False Positive,No,n.akter,Evening
ALT-000566,2026-03-30 14:53:23,2026-03,SIEM,Mass file download,Medium,Collection,False Positive,No,r.islam,Evening
ALT-000556,2026-03-30 15:03:08,2026-03,SIEM,New privileged account,Medium,Lateral Movement,False Positive,No,s.khatun,Evening
ALT-000568,2026-03-30 15:03:29,2026-03,IDS,SMB lateral movement,Medium,Privilege Escalation,Benign True Positive,No,s.khatun,Evening
ALT-000553,2026-03-30 15:06:12,2026-03,IDS,Nmap scan,Low,Lateral Movement,False Positive,No,m.hasan,Evening
ALT-000547,2026-03-30 15:29:21,2026-03,Email-GW,Phishing URL,High,Discovery,False Positive,No,a.rahman,Evening
ALT-000549,2026-03-30 15:34:06,2026-03,Firewall,DNS tunneling pattern,Medium,Execution,False Positive,No,m.hasan,Evening
ALT-000562,2026-03-30 16:31:50,2026-03,WAF,Web shell upload,Low,Privilege Escalation,False Positive,No,s.khatun,Evening
ALT-000551,2026-03-30 17:29:18,2026-03,CASB,Mass external share,Low,Collection,False Positive,No,m.hasan,Evening
ALT-000552,2026-03-30 17:39:28,2026-03,Email-GW,Business email compromise,Medium,Command and Control,Benign True Positive,No,n.akter,Evening
ALT-000548,2026-03-30 19:20:31,2026-03,IDS,Cobalt Strike beacon,Low,Lateral Movement,False Positive,No,n.akter,Evening
ALT-000555,2026-03-30 19:56:01,2026-03,EDR,Unsigned driver load,Medium,Defense Evasion,False Positive,No,m.hasan,Evening
ALT-000565,2026-03-30 22:08:18,2026-03,IDS,SMB lateral movement,Low,Credential Access,True Positive,No,r.islam,Night
ALT-000585,2026-03-31 01:27:21,2026-03,SIEM,New privileged account,High,Exfiltration,True Positive,Yes,r.islam,Night
ALT-000572,2026-03-31 01:46:45,2026-03,IDS,SMB lateral movement,High,Collection,False Positive,No,a.rahman,Night
ALT-000576,2026-03-31 04:03:28,2026-03,SIEM,Mass file download,Low,Command and Control,False Positive,No,r.islam,Night
ALT-000592,2026-03-31 05:33:02,2026-03,SIEM,Logon from disabled account,Medium,Exfiltration,False Positive,No,a.rahman,Night
ALT-000584,2026-03-31 07:15:10,2026-03,SIEM,Audit log cleared,Medium,Defense Evasion,False Positive,No,n.akter,Morning
ALT-000578,2026-03-31 07:53:59,2026-03,SIEM,Audit log cleared,High,Lateral Movement,Duplicate,No,s.khatun,Morning
ALT-000587,2026-03-31 08:06:12,2026-03,Firewall,Geo-blocked destination,High,Exfiltration,False Positive,No,t.begum,Morning
ALT-000594,2026-03-31 09:21:43,2026-03,EDR,Suspicious PowerShell,High,Initial Access,True Positive,Yes,a.rahman,Morning
ALT-000595,2026-03-31 09:47:59,2026-03,EDR,Suspicious PowerShell,Low,Privilege Escalation,True Positive,Yes,t.begum,Morning
ALT-000591,2026-03-31 09:49:11,2026-03,Firewall,Tor exit node traffic,High,Execution,Benign True Positive,No,n.akter,Morning
ALT-000583,2026-03-31 09:56:42,2026-03,EDR,Unsigned driver load,Low,Exfiltration,Benign True Positive,No,s.khatun,Morning
ALT-000598,2026-03-31 10:57:53,2026-03,Firewall,Outbound to known C2,Medium,Defense Evasion,False Positive,No,a.rahman,Morning
ALT-000589,2026-03-31 11:06:26,2026-03,EDR,LOLBin execution,Medium,Exfiltration,True Positive,No,s.khatun,Morning
ALT-000593,2026-03-31 11:28:52,2026-03,Firewall,Outbound to known C2,High,Execution,Benign True Positive,No,n.akter,Morning
ALT-000580,2026-03-31 12:01:42,2026-03,EDR,Credential dumping tool,Medium,Initial Access,False Positive,No,m.hasan,Morning
ALT-000573,2026-03-31 12:28:53,2026-03,SIEM,Brute-force logon burst,High,Collection,False Positive,No,n.akter,Morning
ALT-000597,2026-03-31 12:44:02,2026-03,Firewall,Geo-blocked destination,Low,Persistence,True Positive,No,n.akter,Morning
ALT-000586,2026-03-31 13:09:46,2026-03,EDR,Unsigned driver load,Low,Lateral Movement,Benign True Positive,No,m.hasan,Morning
ALT-000588,2026-03-31 13:24:51,2026-03,Email-GW,Business email compromise,Low,Collection,False Positive,No,m.hasan,Morning
ALT-000575,2026-03-31 13:33:55,2026-03,SIEM,Logon from disabled account,Low,Collection,Benign True Positive,No,t.begum,Morning
ALT-000582,2026-03-31 14:21:05,2026-03,Email-GW,Phishing URL,Medium,Credential Access,Benign True Positive,No,r.islam,Evening
ALT-000590,2026-03-31 14:28:06,2026-03,EDR,LOLBin execution,Medium,Collection,Benign True Positive,No,n.akter,Evening
ALT-000579,2026-03-31 15:05:33,2026-03,Firewall,Inbound port scan,Medium,Exfiltration,True Positive,No,n.akter,Evening
ALT-000596,2026-03-31 15:21:42,2026-03,EDR,Unsigned driver load,High,Initial Access,False Positive,No,m.hasan,Evening
ALT-000574,2026-03-31 16:13:17,2026-03,SIEM,Logon from disabled account,Low,Privilege Escalation,False Positive,No,t.begum,Evening
ALT-000581,2026-03-31 20:14:09,2026-03,EDR,Process hollowing,Medium,Exfiltration,False Positive,No,n.akter,Evening
ALT-000577,2026-03-31 21:27:42,2026-03,SIEM,New privileged account,Low,Persistence,False Positive,No,a.rahman,Evening
ALT-000608,2026-04-01 07:16:03,2026-04,SIEM,Brute-force logon burst,Low,Collection,False Positive,No,t.begum,Morning
ALT-000601,2026-04-01 09:40:20,2026-04,Email-GW,Malicious attachment,High,Defense Evasion,False Positive,No,t.begum,Morning
ALT-000609,2026-04-01 09:58:53,2026-04,SIEM,New privileged account,Low,Discovery,False Positive,No,m.hasan,Morning
ALT-000620,2026-04-01 10:09:03,2026-04,SIEM,Logon from disabled account,Medium,Command and Control,False Positive,No,a.rahman,Morning
ALT-000619,2026-04-01 10:28:31,2026-04,SIEM,Impossible travel,Low,Credential Access,True Positive,Yes,s.khatun,Morning
ALT-000614,2026-04-01 10:56:16,2026-04,SIEM,Logon from disabled account,Medium,Impact,False Positive,No,r.islam,Morning
ALT-000612,2026-04-01 11:40:41,2026-04,IDS,SMB lateral movement,Medium,Command and Control,False Positive,No,s.khatun,Morning
ALT-000610,2026-04-01 11:57:53,2026-04,CASB,Mass external share,High,Discovery,True Positive,Yes,a.rahman,Morning
ALT-000615,2026-04-01 12:54:46,2026-04,IDS,Cobalt Strike beacon,Low,Impact,False Positive,No,n.akter,Morning
ALT-000613,2026-04-01 12:56:54,2026-04,IDS,SMB lateral movement,Low,Credential Access,Benign True Positive,No,r.islam,Morning
ALT-000603,2026-04-01 13:17:52,2026-04,WAF,Web shell upload,Medium,Execution,Benign True Positive,No,s.khatun,Morning
ALT-000599,2026-04-01 13:41:44,2026-04,SIEM,Logon from disabled account,High,Initial Access,False Positive,No,t.begum,Morning
ALT-000618,2026-04-01 13:58:14,2026-04,IDS,Cobalt Strike beacon,Low,Exfiltration,Duplicate,No,n.akter,Morning
ALT-000607,2026-04-01 14:24:47,2026-04,EDR,Unsigned driver load,Medium,Credential Access,False Positive,No,s.khatun,Evening
ALT-000600,2026-04-01 14:28:51,2026-04,WAF,Web shell upload,Medium,Impact,True Positive,Yes,r.islam,Evening
ALT-000606,2026-04-01 14:40:03,2026-04,Firewall,Tor exit node traffic,Medium,Persistence,False Positive,No,m.hasan,Evening
ALT-000602,2026-04-01 14:45:08,2026-04,IDS,Nmap scan,Low,Defense Evasion,True Positive,No,s.khatun,Evening
ALT-000605,2026-04-01 16:01:40,2026-04,IDS,Nmap scan,Low,Defense Evasion,Benign True Positive,No,s.khatun,Evening
ALT-000616,2026-04-01 16:13:12,2026-04,WAF,Web shell upload,Low,Persistence,True Positive,No,s.khatun,Evening
ALT-000604,2026-04-01 16:14:44,2026-04,WAF,Path traversal,Low,Discovery,Benign True Positive,No,a.rahman,Evening
ALT-000611,2026-04-01 16:49:41,2026-04,EDR,Process hollowing,Low,Privilege Escalation,False Positive,No,s.khatun,Evening
ALT-000617,2026-04-01 23:13:21,2026-04,SIEM,Brute-force logon burst,Low,Execution,True Positive,No,m.hasan,Night
ALT-000636,2026-04-02 05:07:43,2026-04,SIEM,Logon from disabled account,Critical,Collection,False Positive,No,t.begum,Night
ALT-000627,2026-04-02 06:20:30,2026-04,EDR,LOLBin execution,Low,Command and Control,False Positive,No,s.khatun,Morning
ALT-000622,2026-04-02 07:29:49,2026-04,SIEM,New privileged account,Critical,Privilege Escalation,Benign True Positive,No,m.hasan,Morning
ALT-000634,2026-04-02 08:10:56,2026-04,Email-GW,Malicious attachment,Low,Defense Evasion,False Positive,No,r.islam,Morning
ALT-000621,2026-04-02 08:49:02,2026-04,EDR,LOLBin execution,Medium,Persistence,False Positive,No,a.rahman,Morning
ALT-000624,2026-04-02 09:07:33,2026-04,WAF,XSS attempt,Medium,Collection,False Positive,No,a.rahman,Morning
ALT-000630,2026-04-02 09:26:23,2026-04,WAF,Web shell upload,Medium,Credential Access,False Positive,No,t.begum,Morning
ALT-000629,2026-04-02 11:27:10,2026-04,Firewall,Geo-blocked destination,Low,Defense Evasion,True Positive,No,t.begum,Morning
ALT-000623,2026-04-02 11:54:04,2026-04,EDR,Ransomware canary file,Low,Impact,Benign True Positive,No,a.rahman,Morning
ALT-000635,2026-04-02 13:09:02,2026-04,Email-GW,Spoofed internal sender,Low,Execution,Benign True Positive,No,t.begum,Morning
ALT-000633,2026-04-02 13:56:52,2026-04,WAF,Web shell upload,High,Credential Access,True Positive,Yes,r.islam,Morning
ALT-000626,2026-04-02 14:19:32,2026-04,Firewall,Outbound to known C2,Medium,Collection,True Positive,No,m.hasan,Evening
ALT-000631,2026-04-02 14:25:29,2026-04,IDS,SMB lateral movement,High,Credential Access,False Positive,No,s.khatun,Evening
ALT-000641,2026-04-02 14:53:23,2026-04,EDR,Credential dumping tool,Low,Collection,False Positive,No,n.akter,Evening
ALT-000637,2026-04-02 15:59:50,2026-04,EDR,Suspicious PowerShell,High,Command and Control,False Positive,No,s.khatun,Evening
ALT-000625,2026-04-02 16:03:28,2026-04,Email-GW,Spoofed internal sender,Critical,Command and Control,Benign True Positive,No,t.begum,Evening
ALT-000632,2026-04-02 16:11:36,2026-04,WAF,Web shell upload,High,Exfiltration,False Positive,No,m.hasan,Evening
ALT-000640,2026-04-02 17:12:43,2026-04,Firewall,Outbound to known C2,Medium,Credential Access,False Positive,No,n.akter,Evening
ALT-000639,2026-04-02 19:32:33,2026-04,SIEM,Audit log cleared,Low,Credential Access,False Positive,No,r.islam,Evening
ALT-000638,2026-04-02 20:24:20,2026-04,SIEM,Mass file download,Critical,Execution,False Positive,No,m.hasan,Evening
ALT-000628,2026-04-02 20:25:12,2026-04,SIEM,New privileged account,High,Collection,True Positive,No,n.akter,Evening
ALT-000658,2026-04-03 06:09:40,2026-04,IDS,Nmap scan,Low,Exfiltration,Duplicate,No,t.begum,Morning
ALT-000646,2026-04-03 06:55:04,2026-04,Firewall,Geo-blocked destination,Low,Exfiltration,True Positive,No,r.islam,Morning
ALT-000662,2026-04-03 08:28:26,2026-04,EDR,Unsigned driver load,Medium,Exfiltration,False Positive,No,t.begum,Morning
ALT-000655,2026-04-03 08:49:57,2026-04,Firewall,Inbound port scan,Low,Impact,False Positive,No,m.hasan,Morning
ALT-000643,2026-04-03 09:19:08,2026-04,Email-GW,Spoofed internal sender,High,Collection,False Positive,No,r.islam,Morning
ALT-000659,2026-04-03 09:29:02,2026-04,Email-GW,Spoofed internal sender,High,Command and Control,Benign True Positive,No,r.islam,Morning
ALT-000650,2026-04-03 10:40:42,2026-04,SIEM,Logon from disabled account,Medium,Credential Access,False Positive,No,m.hasan,Morning
ALT-000661,2026-04-03 10:58:38,2026-04,SIEM,Audit log cleared,Medium,Privilege Escalation,Benign True Positive,No,r.islam,Morning
ALT-000651,2026-04-03 11:13:07,2026-04,EDR,Suspicious PowerShell,Low,Collection,False Positive,No,t.begum,Morning
ALT-000642,2026-04-03 11:28:07,2026-04,WAF,XSS attempt,Low,Credential Access,False Positive,No,m.hasan,Morning
ALT-000656,2026-04-03 11:38:02,2026-04,WAF,Web shell upload,Medium,Credential Access,True Positive,Yes,a.rahman,Morning
ALT-000653,2026-04-03 12:01:18,2026-04,EDR,Credential dumping tool,Low,Execution,False Positive,No,s.khatun,Morning
ALT-000652,2026-04-03 14:37:22,2026-04,Firewall,Inbound port scan,Low,Impact,True Positive,No,n.akter,Evening
ALT-000645,2026-04-03 14:42:35,2026-04,EDR,Process hollowing,Critical,Persistence,False Positive,No,m.hasan,Evening
ALT-000644,2026-04-03 15:32:45,2026-04,WAF,Path traversal,High,Privilege Escalation,False Positive,No,m.hasan,Evening
ALT-000654,2026-04-03 16:33:27,2026-04,CASB,Mass external share,Low,Execution,False Positive,No,a.rahman,Evening
ALT-000647,2026-04-03 16:37:03,2026-04,Firewall,Inbound port scan,Low,Execution,False Positive,No,t.begum,Evening
ALT-000649,2026-04-03 16:37:55,2026-04,SIEM,Logon from disabled account,Medium,Initial Access,True Positive,No,n.akter,Evening
ALT-000660,2026-04-03 16:51:06,2026-04,SIEM,Mass file download,Medium,Exfiltration,False Positive,No,n.akter,Evening
ALT-000663,2026-04-03 18:19:31,2026-04,CASB,SaaS impossible travel,Medium,Collection,Duplicate,No,a.rahman,Evening
ALT-000657,2026-04-03 18:44:25,2026-04,SIEM,Audit log cleared,Medium,Lateral Movement,False Positive,No,s.khatun,Evening
ALT-000648,2026-04-03 20:29:33,2026-04,SIEM,New privileged account,High,Impact,False Positive,No,t.begum,Evening
ALT-000667,2026-04-04 05:37:30,2026-04,WAF,Path traversal,Low,Initial Access,False Positive,No,a.rahman,Night
ALT-000666,2026-04-04 12:51:20,2026-04,Firewall,DNS tunneling pattern,Low,Initial Access,False Positive,No,t.begum,Morning
ALT-000664,2026-04-04 13:34:38,2026-04,SIEM,Audit log cleared,High,Defense Evasion,False Positive,No,r.islam,Morning
ALT-000665,2026-04-04 20:26:55,2026-04,SIEM,Logon from disabled account,Low,Exfiltration,Benign True Positive,No,r.islam,Evening
ALT-000670,2026-04-05 01:55:34,2026-04,WAF,Path traversal,Critical,Command and Control,False Positive,No,m.hasan,Night
ALT-000668,2026-04-05 09:29:44,2026-04,SIEM,Brute-force logon burst,Medium,Lateral Movement,False Positive,No,t.begum,Morning
ALT-000669,2026-04-05 11:21:58,2026-04,SIEM,Brute-force logon burst,Low,Lateral Movement,False Positive,No,t.begum,Morning
ALT-000671,2026-04-05 12:19:15,2026-04,EDR,Suspicious PowerShell,Low,Defense Evasion,True Positive,No,r.islam,Morning
ALT-000672,2026-04-05 15:01:19,2026-04,WAF,XSS attempt,Low,Initial Access,Benign True Positive,No,s.khatun,Evening
ALT-000675,2026-04-05 16:00:32,2026-04,SIEM,Mass file download,High,Lateral Movement,False Positive,No,s.khatun,Evening
ALT-000674,2026-04-05 16:36:33,2026-04,WAF,SQL injection attempt,Low,Discovery,True Positive,No,t.begum,Evening
ALT-000673,2026-04-05 18:05:17,2026-04,WAF,XSS attempt,Critical,Collection,False Positive,No,s.khatun,Evening
ALT-000683,2026-04-06 07:27:56,2026-04,SIEM,Audit log cleared,High,Collection,False Positive,No,n.akter,Morning
ALT-000682,2026-04-06 07:35:49,2026-04,EDR,Credential dumping tool,High,Discovery,False Positive,No,m.hasan,Morning
ALT-000681,2026-04-06 08:12:00,2026-04,Email-GW,Business email compromise,Medium,Execution,Benign True Positive,No,m.hasan,Morning
ALT-000696,2026-04-06 09:56:42,2026-04,WAF,SQL injection attempt,Low,Discovery,False Positive,No,t.begum,Morning
ALT-000676,2026-04-06 10:13:27,2026-04,SIEM,Impossible travel,Medium,Credential Access,False Positive,No,a.rahman,Morning
ALT-000677,2026-04-06 11:10:50,2026-04,EDR,Process hollowing,Low,Command and Control,Benign True Positive,No,r.islam,Morning
ALT-000691,2026-04-06 12:31:33,2026-04,EDR,Process hollowing,Low,Persistence,False Positive,No,r.islam,Morning
ALT-000686,2026-04-06 13:11:51,2026-04,SIEM,New privileged account,High,Defense Evasion,Duplicate,No,m.hasan,Morning
ALT-000698,2026-04-06 13:58:30,2026-04,Email-GW,Spoofed internal sender,Low,Execution,True Positive,No,m.hasan,Morning
ALT-000690,2026-04-06 14:04:57,2026-04,SIEM,Logon from disabled account,Medium,Persistence,True Positive,Yes,t.begum,Evening
ALT-000678,2026-04-06 14:06:32,2026-04,SIEM,Audit log cleared,Low,Privilege Escalation,False Positive,No,r.islam,Evening
ALT-000699,2026-04-06 14:33:13,2026-04,SIEM,New privileged account,Medium,Execution,True Positive,No,n.akter,Evening
ALT-000688,2026-04-06 14:38:01,2026-04,EDR,Suspicious PowerShell,Medium,Discovery,Benign True Positive,No,m.hasan,Evening
ALT-000685,2026-04-06 14:52:50,2026-04,EDR,Suspicious PowerShell,Medium,Credential Access,False Positive,No,s.khatun,Evening
ALT-000700,2026-04-06 14:54:01,2026-04,EDR,Credential dumping tool,Medium,Exfiltration,Benign True Positive,No,m.hasan,Evening
ALT-000694,2026-04-06 15:10:28,2026-04,SIEM,Logon from disabled account,Low,Initial Access,False Positive,No,r.islam,Evening
ALT-000693,2026-04-06 15:13:36,2026-04,EDR,Suspicious PowerShell,Critical,Discovery,Duplicate,No,r.islam,Evening
ALT-000687,2026-04-06 16:21:09,2026-04,EDR,Process hollowing,High,Impact,True Positive,Yes,a.rahman,Evening
ALT-000689,2026-04-06 16:27:52,2026-04,EDR,Process hollowing,Low,Discovery,False Positive,No,m.hasan,Evening
ALT-000697,2026-04-06 16:31:48,2026-04,CASB,Mass external share,Medium,Initial Access,Benign True Positive,No,t.begum,Evening
ALT-000692,2026-04-06 16:53:13,2026-04,WAF,Path traversal,Medium,Exfiltration,False Positive,No,r.islam,Evening
ALT-000684,2026-04-06 17:14:31,2026-04,WAF,Web shell upload,Low,Initial Access,False Positive,No,a.rahman,Evening
ALT-000695,2026-04-06 18:48:29,2026-04,EDR,Unsigned driver load,Medium,Persistence,False Positive,No,t.begum,Evening
ALT-000679,2026-04-06 19:37:27,2026-04,WAF,Web shell upload,High,Credential Access,False Positive,No,s.khatun,Evening
ALT-000680,2026-04-06 22:35:39,2026-04,EDR,Unsigned driver load,Low,Initial Access,True Positive,Yes,n.akter,Night
ALT-000718,2026-04-07 01:16:09,2026-04,Email-GW,Phishing URL,Medium,Execution,True Positive,Yes,n.akter,Night
ALT-000714,2026-04-07 03:43:01,2026-04,SIEM,Audit log cleared,Medium,Collection,Duplicate,No,a.rahman,Night
ALT-000723,2026-04-07 07:56:05,2026-04,EDR,Credential dumping tool,Medium,Lateral Movement,Benign True Positive,No,n.akter,Morning
ALT-000712,2026-04-07 08:55:45,2026-04,SIEM,Impossible travel,Low,Execution,False Positive,No,r.islam,Morning
ALT-000702,2026-04-07 09:20:39,2026-04,IDS,Nmap scan,High,Lateral Movement,Benign True Positive,No,r.islam,Morning
ALT-000721,2026-04-07 09:44:06,2026-04,SIEM,Audit log cleared,Low,Initial Access,Duplicate,No,n.akter,Morning
ALT-000724,2026-04-07 10:37:33,2026-04,EDR,Process hollowing,Low,Persistence,False Positive,No,t.begum,Morning
ALT-000707,2026-04-07 10:56:10,2026-04,Firewall,DNS tunneling pattern,Medium,Exfiltration,False Positive,No,s.khatun,Morning
ALT-000713,2026-04-07 10:57:30,2026-04,Email-GW,Spoofed internal sender,High,Execution,Benign True Positive,No,r.islam,Morning
ALT-000709,2026-04-07 11:24:22,2026-04,EDR,Process hollowing,Low,Lateral Movement,Duplicate,No,n.akter,Morning
ALT-000717,2026-04-07 11:46:22,2026-04,SIEM,Mass file download,Medium,Initial Access,False Positive,No,s.khatun,Morning
ALT-000720,2026-04-07 11:57:15,2026-04,SIEM,Audit log cleared,Medium,Privilege Escalation,False Positive,No,m.hasan,Morning
ALT-000710,2026-04-07 12:31:47,2026-04,SIEM,Mass file download,Low,Command and Control,False Positive,No,m.hasan,Morning
ALT-000701,2026-04-07 12:47:41,2026-04,Firewall,Tor exit node traffic,Low,Collection,False Positive,No,t.begum,Morning
ALT-000722,2026-04-07 12:53:16,2026-04,Firewall,Outbound to known C2,Medium,Privilege Escalation,True Positive,Yes,r.islam,Morning
ALT-000719,2026-04-07 13:10:57,2026-04,SIEM,Logon from disabled account,Medium,Defense Evasion,False Positive,No,n.akter,Morning
ALT-000716,2026-04-07 14:21:34,2026-04,WAF,XSS attempt,Low,Exfiltration,Benign True Positive,No,s.khatun,Evening
ALT-000706,2026-04-07 14:28:24,2026-04,EDR,Ransomware canary file,Low,Persistence,False Positive,No,n.akter,Evening
ALT-000715,2026-04-07 14:51:55,2026-04,Firewall,Outbound to known C2,Medium,Defense Evasion,False Positive,No,m.hasan,Evening
ALT-000703,2026-04-07 15:08:49,2026-04,SIEM,Audit log cleared,Low,Persistence,True Positive,No,s.khatun,Evening
ALT-000708,2026-04-07 16:12:54,2026-04,SIEM,New privileged account,High,Execution,False Positive,No,a.rahman,Evening
ALT-000705,2026-04-07 17:08:30,2026-04,IDS,Nmap scan,Low,Privilege Escalation,False Positive,No,m.hasan,Evening
ALT-000711,2026-04-07 18:25:16,2026-04,EDR,Process hollowing,Low,Privilege Escalation,Duplicate,No,r.islam,Evening
ALT-000704,2026-04-07 21:39:03,2026-04,EDR,LOLBin execution,High,Impact,False Positive,No,a.rahman,Evening
ALT-000730,2026-04-08 10:06:48,2026-04,CASB,OAuth grant to risky app,Medium,Credential Access,False Positive,No,t.begum,Morning
ALT-000743,2026-04-08 10:25:05,2026-04,EDR,Unsigned driver load,Low,Privilege Escalation,False Positive,No,r.islam,Morning
ALT-000733,2026-04-08 10:28:19,2026-04,EDR,Credential dumping tool,High,Impact,True Positive,Yes,t.begum,Morning
ALT-000732,2026-04-08 11:10:07,2026-04,Firewall,Tor exit node traffic,Low,Initial Access,Benign True Positive,No,m.hasan,Morning
ALT-000742,2026-04-08 11:14:12,2026-04,EDR,Process hollowing,Low,Lateral Movement,Benign True Positive,No,s.khatun,Morning
ALT-000725,2026-04-08 12:11:34,2026-04,EDR,Suspicious PowerShell,Low,Lateral Movement,True Positive,No,s.khatun,Morning
ALT-000734,2026-04-08 12:23:06,2026-04,SIEM,Audit log cleared,High,Execution,True Positive,Yes,a.rahman,Morning
ALT-000726,2026-04-08 14:28:57,2026-04,SIEM,Logon from disabled account,Low,Privilege Escalation,False Positive,No,m.hasan,Evening
ALT-000741,2026-04-08 14:58:33,2026-04,EDR,Suspicious PowerShell,Medium,Execution,Benign True Positive,No,r.islam,Evening
ALT-000727,2026-04-08 15:29:55,2026-04,IDS,Nmap scan,Critical,Discovery,False Positive,No,r.islam,Evening
ALT-000729,2026-04-08 15:49:11,2026-04,WAF,Path traversal,Low,Defense Evasion,Benign True Positive,No,n.akter,Evening
ALT-000739,2026-04-08 15:54:35,2026-04,CASB,OAuth grant to risky app,High,Execution,False Positive,No,m.hasan,Evening
ALT-000737,2026-04-08 16:06:40,2026-04,Email-GW,Business email compromise,Low,Lateral Movement,Benign True Positive,No,t.begum,Evening
ALT-000735,2026-04-08 17:12:49,2026-04,Firewall,Outbound to known C2,Low,Defense Evasion,Benign True Positive,No,s.khatun,Evening
ALT-000740,2026-04-08 17:15:39,2026-04,SIEM,Audit log cleared,Low,Lateral Movement,True Positive,No,t.begum,Evening
ALT-000738,2026-04-08 17:48:23,2026-04,SIEM,Audit log cleared,Low,Privilege Escalation,True Positive,No,t.begum,Evening
ALT-000728,2026-04-08 19:02:51,2026-04,Email-GW,Phishing URL,High,Command and Control,False Positive,No,a.rahman,Evening
ALT-000736,2026-04-08 19:18:21,2026-04,SIEM,New privileged account,High,Impact,True Positive,No,n.akter,Evening
ALT-000731,2026-04-08 21:23:34,2026-04,Email-GW,Malicious attachment,Medium,Discovery,True Positive,Yes,a.rahman,Evening
ALT-000753,2026-04-09 07:20:11,2026-04,Firewall,Geo-blocked destination,Medium,Lateral Movement,False Positive,No,a.rahman,Morning
ALT-000750,2026-04-09 07:30:10,2026-04,WAF,Path traversal,Medium,Collection,True Positive,No,s.khatun,Morning
ALT-000745,2026-04-09 07:30:33,2026-04,EDR,Ransomware canary file,Medium,Persistence,False Positive,No,n.akter,Morning
ALT-000756,2026-04-09 08:50:07,2026-04,SIEM,Brute-force logon burst,Low,Discovery,False Positive,No,n.akter,Morning
ALT-000751,2026-04-09 09:17:21,2026-04,SIEM,New privileged account,Low,Collection,True Positive,No,a.rahman,Morning
ALT-000748,2026-04-09 10:15:34,2026-04,EDR,Suspicious PowerShell,Low,Execution,True Positive,No,s.khatun,Morning
ALT-000763,2026-04-09 10:35:36,2026-04,IDS,EternalBlue exploit,High,Initial Access,True Positive,Yes,r.islam,Morning
ALT-000768,2026-04-09 10:55:23,2026-04,WAF,Web shell upload,Low,Command and Control,False Positive,No,t.begum,Morning
ALT-000749,2026-04-09 11:27:38,2026-04,EDR,Process hollowing,High,Defense Evasion,False Positive,No,a.rahman,Morning
ALT-000744,2026-04-09 11:45:24,2026-04,EDR,Credential dumping tool,Medium,Credential Access,True Positive,No,s.khatun,Morning
ALT-000766,2026-04-09 13:38:09,2026-04,SIEM,Impossible travel,Low,Command and Control,Benign True Positive,No,s.khatun,Morning
ALT-000761,2026-04-09 14:11:57,2026-04,WAF,Path traversal,Medium,Command and Control,False Positive,No,n.akter,Evening
ALT-000765,2026-04-09 14:27:32,2026-04,EDR,LOLBin execution,Critical,Discovery,False Positive,No,r.islam,Evening
ALT-000755,2026-04-09 15:32:16,2026-04,SIEM,Audit log cleared,High,Execution,Benign True Positive,No,t.begum,Evening
ALT-000752,2026-04-09 16:11:30,2026-04,CASB,Mass external share,Low,Persistence,Benign True Positive,No,t.begum,Evening
ALT-000760,2026-04-09 16:12:27,2026-04,EDR,LOLBin execution,Medium,Credential Access,Benign True Positive,No,t.begum,Evening
ALT-000762,2026-04-09 16:48:37,2026-04,IDS,Nmap scan,High,Impact,False Positive,No,a.rahman,Evening
ALT-000767,2026-04-09 16:51:57,2026-04,Firewall,Tor exit node traffic,Low,Command and Control,False Positive,No,s.khatun,Evening
ALT-000757,2026-04-09 17:25:47,2026-04,Firewall,Outbound to known C2,Low,Lateral Movement,Benign True Positive,No,t.begum,Evening
ALT-000764,2026-04-09 18:06:46,2026-04,SIEM,Mass file download,Medium,Discovery,False Positive,No,a.rahman,Evening
ALT-000758,2026-04-09 18:37:11,2026-04,EDR,Unsigned driver load,Low,Privilege Escalation,False Positive,No,a.rahman,Evening
ALT-000747,2026-04-09 18:47:43,2026-04,CASB,OAuth grant to risky app,Low,Lateral Movement,False Positive,No,s.khatun,Evening
ALT-000759,2026-04-09 19:41:50,2026-04,EDR,Process hollowing,Low,Exfiltration,False Positive,No,a.rahman,Evening
ALT-000754,2026-04-09 21:05:37,2026-04,SIEM,Mass file download,Critical,Credential Access,Benign True Positive,No,m.hasan,Evening
ALT-000746,2026-04-09 22:52:17,2026-04,EDR,Ransomware canary file,Low,Defense Evasion,False Positive,No,a.rahman,Night
ALT-000776,2026-04-10 08:04:55,2026-04,EDR,Unsigned driver load,Low,Execution,Benign True Positive,No,m.hasan,Morning
ALT-000783,2026-04-10 08:28:01,2026-04,WAF,Web shell upload,Medium,Command and Control,True Positive,No,t.begum,Morning
ALT-000785,2026-04-10 08:38:19,2026-04,EDR,LOLBin execution,Low,Execution,Benign True Positive,No,s.khatun,Morning
ALT-000784,2026-04-10 09:11:09,2026-04,EDR,Credential dumping tool,Low,Defense Evasion,True Positive,No,n.akter,Morning
ALT-000777,2026-04-10 10:40:28,2026-04,CASB,Mass external share,Low,Discovery,False Positive,No,s.khatun,Morning
ALT-000778,2026-04-10 10:49:39,2026-04,Email-GW,Malicious attachment,Medium,Defense Evasion,Benign True Positive,No,m.hasan,Morning
ALT-000787,2026-04-10 10:55:59,2026-04,Firewall,Inbound port scan,Medium,Discovery,True Positive,No,m.hasan,Morning
ALT-000770,2026-04-10 13:08:05,2026-04,EDR,Credential dumping tool,High,Privilege Escalation,True Positive,No,m.hasan,Morning
ALT-000774,2026-04-10 13:09:40,2026-04,EDR,Unsigned driver load,Medium,Persistence,Duplicate,No,n.akter,Morning
ALT-000779,2026-04-10 13:20:34,2026-04,CASB,Mass external share,High,Initial Access,False Positive,No,s.khatun,Morning
ALT-000772,2026-04-10 13:28:09,2026-04,Email-GW,Business email compromise,Low,Exfiltration,False Positive,No,m.hasan,Morning
ALT-000782,2026-04-10 14:43:03,2026-04,IDS,EternalBlue exploit,High,Initial Access,False Positive,No,n.akter,Evening
ALT-000780,2026-04-10 14:45:05,2026-04,IDS,SMB lateral movement,Medium,Defense Evasion,True Positive,No,r.islam,Evening
ALT-000781,2026-04-10 15:07:52,2026-04,SIEM,Mass file download,Medium,Collection,Benign True Positive,No,r.islam,Evening
ALT-000786,2026-04-10 15:54:35,2026-04,SIEM,Audit log cleared,Low,Lateral Movement,False Positive,No,m.hasan,Evening
ALT-000771,2026-04-10 16:46:28,2026-04,EDR,Suspicious PowerShell,Low,Command and Control,True Positive,No,s.khatun,Evening
ALT-000789,2026-04-10 16:49:30,2026-04,Email-GW,Phishing URL,Low,Defense Evasion,False Positive,No,a.rahman,Evening
ALT-000773,2026-04-10 17:54:18,2026-04,IDS,EternalBlue exploit,Low,Credential Access,True Positive,No,n.akter,Evening
ALT-000769,2026-04-10 20:34:27,2026-04,Email-GW,Spoofed internal sender,Low,Execution,True Positive,No,r.islam,Evening
ALT-000775,2026-04-10 21:32:11,2026-04,EDR,Credential dumping tool,Low,Collection,False Positive,No,r.islam,Evening
ALT-000788,2026-04-10 21:40:36,2026-04,SIEM,New privileged account,Medium,Execution,Duplicate,No,s.khatun,Evening
ALT-000801,2026-04-11 02:24:51,2026-04,Email-GW,Malicious attachment,Medium,Credential Access,False Positive,No,a.rahman,Night
ALT-000800,2026-04-11 06:26:54,2026-04,IDS,Nmap scan,Low,Credential Access,False Positive,No,t.begum,Morning
ALT-000794,2026-04-11 07:35:19,2026-04,WAF,XSS attempt,Low,Command and Control,False Positive,No,m.hasan,Morning
ALT-000792,2026-04-11 10:55:23,2026-04,EDR,Credential dumping tool,Low,Defense Evasion,False Positive,No,a.rahman,Morning
ALT-000796,2026-04-11 12:05:01,2026-04,WAF,Path traversal,Low,Command and Control,True Positive,No,a.rahman,Morning
ALT-000799,2026-04-11 12:22:18,2026-04,Email-GW,Business email compromise,Medium,Discovery,True Positive,Yes,s.khatun,Morning
ALT-000791,2026-04-11 14:51:51,2026-04,SIEM,Mass file download,Low,Defense Evasion,Duplicate,No,a.rahman,Evening
ALT-000795,2026-04-11 15:17:15,2026-04,SIEM,Mass file download,Medium,Lateral Movement,False Positive,No,n.akter,Evening
ALT-000790,2026-04-11 15:46:35,2026-04,Email-GW,Business email compromise,Medium,Discovery,False Positive,No,r.islam,Evening
ALT-000802,2026-04-11 15:49:50,2026-04,SIEM,Mass file download,Low,Execution,False Positive,No,a.rahman,Evening
ALT-000797,2026-04-11 19:02:33,2026-04,SIEM,New privileged account,High,Exfiltration,Benign True Positive,No,t.begum,Evening
ALT-000798,2026-04-11 20:06:31,2026-04,EDR,Credential dumping tool,High,Credential Access,False Positive,No,m.hasan,Evening
ALT-000793,2026-04-11 20:47:51,2026-04,CASB,Mass external share,Low,Exfiltration,False Positive,No,r.islam,Evening
ALT-000803,2026-04-12 01:00:21,2026-04,SIEM,Impossible travel,Medium,Impact,Benign True Positive,No,n.akter,Night
ALT-000808,2026-04-12 07:59:26,2026-04,SIEM,Logon from disabled account,High,Persistence,Benign True Positive,No,t.begum,Morning
ALT-000805,2026-04-12 09:28:49,2026-04,WAF,Path traversal,Medium,Exfiltration,False Positive,No,a.rahman,Morning
ALT-000813,2026-04-12 11:19:26,2026-04,WAF,SQL injection attempt,Low,Command and Control,False Positive,No,m.hasan,Morning
ALT-000804,2026-04-12 12:45:11,2026-04,WAF,SQL injection attempt,Low,Collection,False Positive,No,a.rahman,Morning
ALT-000807,2026-04-12 13:48:09,2026-04,SIEM,Audit log cleared,Low,Command and Control,False Positive,No,t.begum,Morning
ALT-000812,2026-04-12 14:00:30,2026-04,SIEM,Logon from disabled account,Medium,Exfiltration,False Positive,No,t.begum,Evening
ALT-000809,2026-04-12 16:51:03,2026-04,SIEM,Impossible travel,Medium,Impact,False Positive,No,a.rahman,Evening
ALT-000806,2026-04-12 16:58:02,2026-04,EDR,Unsigned driver load,Medium,Command and Control,False Positive,No,n.akter,Evening
ALT-000811,2026-04-12 17:09:04,2026-04,Firewall,Inbound port scan,Low,Discovery,False Positive,No,t.begum,Evening
ALT-000810,2026-04-12 20:25:44,2026-04,EDR,Suspicious PowerShell,Medium,Persistence,True Positive,No,a.rahman,Evening
ALT-000821,2026-04-13 02:49:46,2026-04,SIEM,Mass file download,High,Lateral Movement,Benign True Positive,No,n.akter,Night
ALT-000830,2026-04-13 06:11:14,2026-04,SIEM,Logon from disabled account,Medium,Initial Access,True Positive,No,n.akter,Morning
ALT-000826,2026-04-13 07:21:32,2026-04,IDS,Cobalt Strike beacon,Low,Persistence,True Positive,No,t.begum,Morning
ALT-000815,2026-04-13 07:25:45,2026-04,Firewall,Tor exit node traffic,Critical,Privilege Escalation,True Positive,Yes,t.begum,Morning
ALT-000816,2026-04-13 08:30:24,2026-04,WAF,Path traversal,Medium,Command and Control,False Positive,No,a.rahman,Morning
ALT-000819,2026-04-13 11:11:50,2026-04,EDR,LOLBin execution,Medium,Exfiltration,False Positive,No,s.khatun,Morning
ALT-000833,2026-04-13 11:57:38,2026-04,EDR,Unsigned driver load,Low,Command and Control,True Positive,No,m.hasan,Morning
ALT-000817,2026-04-13 11:59:09,2026-04,WAF,Web shell upload,Critical,Initial Access,False Positive,No,n.akter,Morning
ALT-000829,2026-04-13 12:20:23,2026-04,Email-GW,Spoofed internal sender,Medium,Execution,False Positive,No,m.hasan,Morning
ALT-000832,2026-04-13 12:38:04,2026-04,EDR,Unsigned driver load,Medium,Discovery,Benign True Positive,No,r.islam,Morning
ALT-000820,2026-04-13 13:11:05,2026-04,WAF,Path traversal,Medium,Initial Access,False Positive,No,a.rahman,Morning
ALT-000824,2026-04-13 13:51:46,2026-04,EDR,Credential dumping tool,Low,Initial Access,True Positive,No,s.khatun,Morning
ALT-000814,2026-04-13 16:19:00,2026-04,IDS,SMB lateral movement,Low,Collection,Duplicate,No,t.begum,Evening
ALT-000823,2026-04-13 17:10:33,2026-04,SIEM,Logon from disabled account,Low,Exfiltration,True Positive,No,s.khatun,Evening
ALT-000828,2026-04-13 17:55:41,2026-04,EDR,Unsigned driver load,Low,Exfiltration,Benign True Positive,No,a.rahman,Evening
ALT-000831,2026-04-13 18:12:43,2026-04,EDR,Suspicious PowerShell,Medium,Privilege Escalation,True Positive,No,t.begum,Evening
ALT-000834,2026-04-13 18:21:09,2026-04,Email-GW,Spoofed internal sender,Low,Persistence,False Positive,No,r.islam,Evening
ALT-000825,2026-04-13 19:50:42,2026-04,EDR,LOLBin execution,Low,Credential Access,False Positive,No,n.akter,Evening
ALT-000827,2026-04-13 22:47:50,2026-04,EDR,Unsigned driver load,Medium,Discovery,False Positive,No,m.hasan,Night
ALT-000818,2026-04-13 23:29:41,2026-04,Firewall,Tor exit node traffic,Medium,Command and Control,True Positive,No,r.islam,Night
ALT-000822,2026-04-13 23:32:17,2026-04,SIEM,Audit log cleared,High,Command and Control,Benign True Positive,No,n.akter,Night
ALT-000837,2026-04-14 02:03:56,2026-04,IDS,SMB lateral movement,Medium,Collection,Benign True Positive,No,t.begum,Night
ALT-000849,2026-04-14 04:55:14,2026-04,SIEM,New privileged account,Low,Command and Control,False Positive,No,a.rahman,Night
ALT-000840,2026-04-14 07:20:26,2026-04,WAF,Path traversal,Low,Initial Access,True Positive,No,r.islam,Morning
ALT-000835,2026-04-14 08:01:05,2026-04,IDS,EternalBlue exploit,Low,Collection,True Positive,Yes,a.rahman,Morning
ALT-000851,2026-04-14 09:05:52,2026-04,CASB,Mass external share,High,Privilege Escalation,Benign True Positive,No,s.khatun,Morning
ALT-000841,2026-04-14 09:10:47,2026-04,IDS,SMB lateral movement,Low,Impact,Benign True Positive,No,r.islam,Morning
ALT-000846,2026-04-14 10:14:32,2026-04,SIEM,Brute-force logon burst,Low,Execution,False Positive,No,r.islam,Morning
ALT-000845,2026-04-14 10:14:39,2026-04,WAF,Web shell upload,High,Initial Access,False Positive,No,s.khatun,Morning
ALT-000847,2026-04-14 10:36:36,2026-04,SIEM,Logon from disabled account,Low,Credential Access,False Positive,No,s.khatun,Morning
ALT-000850,2026-04-14 10:59:20,2026-04,SIEM,New privileged account,Critical,Lateral Movement,False Positive,No,r.islam,Morning
ALT-000836,2026-04-14 11:05:57,2026-04,EDR,LOLBin execution,Low,Command and Control,False Positive,No,m.hasan,Morning
ALT-000838,2026-04-14 12:10:07,2026-04,WAF,Web shell upload,Medium,Impact,False Positive,No,m.hasan,Morning
ALT-000842,2026-04-14 12:10:10,2026-04,IDS,EternalBlue exploit,Medium,Discovery,False Positive,No,t.begum,Morning
ALT-000839,2026-04-14 14:22:35,2026-04,IDS,Cobalt Strike beacon,Low,Privilege Escalation,True Positive,No,n.akter,Evening
ALT-000852,2026-04-14 15:19:51,2026-04,WAF,Web shell upload,Medium,Execution,False Positive,No,m.hasan,Evening
ALT-000844,2026-04-14 16:42:48,2026-04,EDR,Credential dumping tool,Medium,Execution,True Positive,No,a.rahman,Evening
ALT-000848,2026-04-14 17:11:32,2026-04,IDS,Cobalt Strike beacon,Low,Command and Control,True Positive,No,a.rahman,Evening
ALT-000853,2026-04-14 17:54:18,2026-04,Email-GW,Business email compromise,Medium,Command and Control,False Positive,No,s.khatun,Evening
ALT-000843,2026-04-14 18:39:34,2026-04,Email-GW,Business email compromise,Medium,Impact,True Positive,No,r.islam,Evening
ALT-000857,2026-04-15 05:06:05,2026-04,WAF,XSS attempt,Low,Collection,Benign True Positive,No,t.begum,Night
ALT-000866,2026-04-15 05:14:49,2026-04,SIEM,Brute-force logon burst,High,Credential Access,True Positive,No,t.begum,Night
ALT-000868,2026-04-15 06:13:44,2026-04,SIEM,Logon from disabled account,Medium,Credential Access,Benign True Positive,No,r.islam,Morning
ALT-000861,2026-04-15 06:24:21,2026-04,EDR,Unsigned driver load,High,Collection,False Positive,No,m.hasan,Morning
ALT-000867,2026-04-15 07:55:23,2026-04,EDR,Unsigned driver load,High,Initial Access,False Positive,No,r.islam,Morning
ALT-000864,2026-04-15 08:29:57,2026-04,Email-GW,Business email compromise,Critical,Discovery,False Positive,No,t.begum,Morning
ALT-000863,2026-04-15 08:34:40,2026-04,Email-GW,Spoofed internal sender,Medium,Credential Access,Duplicate,No,m.hasan,Morning
ALT-000854,2026-04-15 09:00:10,2026-04,Email-GW,Phishing URL,Low,Command and Control,False Positive,No,n.akter,Morning
ALT-000870,2026-04-15 09:05:38,2026-04,SIEM,New privileged account,Medium,Privilege Escalation,False Positive,No,r.islam,Morning
ALT-000869,2026-04-15 10:54:32,2026-04,IDS,EternalBlue exploit,Medium,Execution,False Positive,No,t.begum,Morning
ALT-000865,2026-04-15 11:34:57,2026-04,Email-GW,Phishing URL,Critical,Collection,False Positive,No,r.islam,Morning
ALT-000871,2026-04-15 12:04:40,2026-04,SIEM,Brute-force logon burst,Low,Persistence,Benign True Positive,No,r.islam,Morning
ALT-000858,2026-04-15 12:14:00,2026-04,IDS,Nmap scan,Medium,Command and Control,False Positive,No,r.islam,Morning
ALT-000872,2026-04-15 12:41:26,2026-04,WAF,Web shell upload,Medium,Initial Access,Duplicate,No,r.islam,Morning
ALT-000856,2026-04-15 13:23:07,2026-04,SIEM,New privileged account,Medium,Exfiltration,True Positive,No,r.islam,Morning
ALT-000874,2026-04-15 14:32:26,2026-04,SIEM,New privileged account,High,Command and Control,False Positive,No,s.khatun,Evening
ALT-000859,2026-04-15 15:58:04,2026-04,EDR,Unsigned driver load,Medium,Discovery,True Positive,Yes,m.hasan,Evening
ALT-000862,2026-04-15 16:28:29,2026-04,IDS,Cobalt Strike beacon,Medium,Command and Control,Benign True Positive,No,m.hasan,Evening
ALT-000855,2026-04-15 17:46:29,2026-04,SIEM,New privileged account,Low,Defense Evasion,False Positive,No,t.begum,Evening
ALT-000860,2026-04-15 17:48:55,2026-04,Firewall,Outbound to known C2,Medium,Impact,False Positive,No,n.akter,Evening
ALT-000873,2026-04-15 18:11:33,2026-04,EDR,Credential dumping tool,Medium,Exfiltration,False Positive,No,s.khatun,Evening
ALT-000876,2026-04-16 05:50:44,2026-04,Firewall,Inbound port scan,High,Initial Access,Duplicate,No,a.rahman,Night
ALT-000884,2026-04-16 07:40:22,2026-04,Firewall,Outbound to known C2,Low,Defense Evasion,False Positive,No,t.begum,Morning
ALT-000893,2026-04-16 07:44:21,2026-04,EDR,Credential dumping tool,Low,Credential Access,Benign True Positive,No,m.hasan,Morning
ALT-000880,2026-04-16 08:25:30,2026-04,SIEM,Brute-force logon burst,Low,Privilege Escalation,False Positive,No,t.begum,Morning
ALT-000892,2026-04-16 09:21:30,2026-04,SIEM,Audit log cleared,Low,Command and Control,Duplicate,No,r.islam,Morning
ALT-000875,2026-04-16 10:35:44,2026-04,Firewall,Inbound port scan,Low,Execution,Benign True Positive,No,s.khatun,Morning
ALT-000878,2026-04-16 10:47:04,2026-04,Email-GW,Business email compromise,Low,Command and Control,True Positive,No,t.begum,Morning
ALT-000879,2026-04-16 11:19:18,2026-04,WAF,Path traversal,Low,Defense Evasion,False Positive,No,m.hasan,Morning
ALT-000881,2026-04-16 13:11:47,2026-04,SIEM,New privileged account,Medium,Persistence,False Positive,No,s.khatun,Morning
ALT-000885,2026-04-16 13:15:21,2026-04,EDR,Ransomware canary file,Medium,Execution,False Positive,No,r.islam,Morning
ALT-000889,2026-04-16 13:53:16,2026-04,IDS,EternalBlue exploit,High,Discovery,True Positive,Yes,a.rahman,Morning
ALT-000891,2026-04-16 14:01:52,2026-04,Firewall,Inbound port scan,High,Persistence,Benign True Positive,No,r.islam,Evening
ALT-000877,2026-04-16 14:03:28,2026-04,EDR,Unsigned driver load,Critical,Execution,False Positive,No,r.islam,Evening
ALT-000895,2026-04-16 14:54:27,2026-04,Firewall,Outbound to known C2,Medium,Initial Access,True Positive,Yes,a.rahman,Evening
ALT-000894,2026-04-16 14:59:37,2026-04,EDR,Unsigned driver load,Low,Impact,False Positive,No,m.hasan,Evening
ALT-000882,2026-04-16 15:00:12,2026-04,SIEM,Logon from disabled account,High,Collection,False Positive,No,t.begum,Evening
ALT-000896,2026-04-16 15:55:03,2026-04,SIEM,Logon from disabled account,Low,Initial Access,Duplicate,No,t.begum,Evening
ALT-000887,2026-04-16 15:56:04,2026-04,IDS,Cobalt Strike beacon,Medium,Defense Evasion,False Positive,No,a.rahman,Evening
ALT-000888,2026-04-16 16:17:44,2026-04,SIEM,Logon from disabled account,Low,Impact,False Positive,No,t.begum,Evening
ALT-000883,2026-04-16 16:36:56,2026-04,SIEM,Audit log cleared,Medium,Discovery,False Positive,No,t.begum,Evening
ALT-000890,2026-04-16 16:45:19,2026-04,SIEM,Mass file download,High,Exfiltration,False Positive,No,t.begum,Evening
ALT-000886,2026-04-16 18:45:14,2026-04,EDR,LOLBin execution,Medium,Execution,True Positive,No,t.begum,Evening
ALT-000908,2026-04-17 07:53:38,2026-04,SIEM,Logon from disabled account,Low,Command and Control,False Positive,No,n.akter,Morning
ALT-000905,2026-04-17 08:07:17,2026-04,SIEM,Mass file download,Low,Exfiltration,False Positive,No,m.hasan,Morning
ALT-000903,2026-04-17 09:31:41,2026-04,WAF,XSS attempt,Low,Defense Evasion,Benign True Positive,No,t.begum,Morning
ALT-000913,2026-04-17 09:49:31,2026-04,Email-GW,Spoofed internal sender,Medium,Defense Evasion,Benign True Positive,No,m.hasan,Morning
ALT-000909,2026-04-17 10:10:21,2026-04,SIEM,Impossible travel,Low,Defense Evasion,True Positive,No,r.islam,Morning
ALT-000910,2026-04-17 11:07:53,2026-04,WAF,SQL injection attempt,Low,Defense Evasion,False Positive,No,s.khatun,Morning
ALT-000898,2026-04-17 11:23:38,2026-04,IDS,SMB lateral movement,Low,Exfiltration,False Positive,No,m.hasan,Morning
ALT-000901,2026-04-17 11:33:25,2026-04,IDS,EternalBlue exploit,Medium,Persistence,Benign True Positive,No,r.islam,Morning
ALT-000899,2026-04-17 12:02:34,2026-04,SIEM,Mass file download,Low,Collection,True Positive,No,t.begum,Morning
ALT-000900,2026-04-17 12:33:15,2026-04,EDR,Process hollowing,Low,Impact,False Positive,No,s.khatun,Morning
ALT-000915,2026-04-17 12:36:34,2026-04,WAF,XSS attempt,Medium,Execution,False Positive,No,t.begum,Morning
ALT-000904,2026-04-17 12:51:44,2026-04,WAF,SQL injection attempt,Low,Defense Evasion,True Positive,No,s.khatun,Morning
ALT-000911,2026-04-17 14:47:35,2026-04,Firewall,Tor exit node traffic,High,Privilege Escalation,True Positive,No,t.begum,Evening
ALT-000906,2026-04-17 15:16:04,2026-04,Firewall,Inbound port scan,High,Initial Access,False Positive,No,n.akter,Evening
ALT-000912,2026-04-17 15:31:56,2026-04,EDR,Process hollowing,Low,Persistence,False Positive,No,t.begum,Evening
ALT-000914,2026-04-17 16:24:23,2026-04,SIEM,New privileged account,High,Privilege Escalation,False Positive,No,s.khatun,Evening
ALT-000916,2026-04-17 17:50:27,2026-04,EDR,Ransomware canary file,Low,Credential Access,True Positive,No,t.begum,Evening
ALT-000907,2026-04-17 18:20:28,2026-04,SIEM,Brute-force logon burst,Low,Lateral Movement,False Positive,No,n.akter,Evening
ALT-000902,2026-04-17 18:42:33,2026-04,SIEM,New privileged account,High,Defense Evasion,False Positive,No,r.islam,Evening
ALT-000897,2026-04-17 21:45:25,2026-04,Email-GW,Phishing URL,Medium,Privilege Escalation,False Positive,No,s.khatun,Evening
ALT-000923,2026-04-18 08:10:59,2026-04,EDR,LOLBin execution,High,Persistence,False Positive,No,n.akter,Morning
ALT-000919,2026-04-18 09:02:39,2026-04,Email-GW,Spoofed internal sender,High,Impact,False Positive,No,a.rahman,Morning
ALT-000918,2026-04-18 11:32:59,2026-04,CASB,OAuth grant to risky app,Low,Discovery,False Positive,No,r.islam,Morning
ALT-000920,2026-04-18 11:49:40,2026-04,SIEM,Logon from disabled account,Low,Initial Access,False Positive,No,m.hasan,Morning
ALT-000922,2026-04-18 14:02:59,2026-04,WAF,SQL injection attempt,Low,Command and Control,False Positive,No,t.begum,Evening
ALT-000924,2026-04-18 14:09:57,2026-04,SIEM,Audit log cleared,Low,Discovery,True Positive,No,a.rahman,Evening
ALT-000917,2026-04-18 17:32:35,2026-04,EDR,Suspicious PowerShell,Low,Credential Access,Benign True Positive,No,a.rahman,Evening
ALT-000921,2026-04-18 18:00:57,2026-04,CASB,OAuth grant to risky app,Low,Exfiltration,False Positive,No,a.rahman,Evening
ALT-000926,2026-04-19 06:05:22,2026-04,SIEM,Mass file download,Low,Collection,False Positive,No,s.khatun,Morning
ALT-000927,2026-04-19 08:44:24,2026-04,SIEM,Mass file download,Medium,Credential Access,False Positive,No,n.akter,Morning
ALT-000925,2026-04-19 19:09:38,2026-04,SIEM,Logon from disabled account,Medium,Execution,False Positive,No,r.islam,Evening
ALT-000939,2026-04-20 05:11:50,2026-04,SIEM,Audit log cleared,Low,Exfiltration,False Positive,No,r.islam,Night
ALT-000931,2026-04-20 08:15:28,2026-04,SIEM,Brute-force logon burst,Medium,Execution,Duplicate,No,n.akter,Morning
ALT-000935,2026-04-20 08:17:19,2026-04,EDR,LOLBin execution,Medium,Credential Access,True Positive,Yes,n.akter,Morning
ALT-000933,2026-04-20 08:22:43,2026-04,EDR,Credential dumping tool,High,Defense Evasion,False Positive,No,s.khatun,Morning
ALT-000941,2026-04-20 09:13:22,2026-04,SIEM,Logon from disabled account,High,Collection,False Positive,No,s.khatun,Morning
ALT-000930,2026-04-20 09:54:06,2026-04,Firewall,Outbound to known C2,High,Discovery,False Positive,No,s.khatun,Morning
ALT-000937,2026-04-20 10:04:52,2026-04,SIEM,Logon from disabled account,Low,Collection,False Positive,No,r.islam,Morning
ALT-000932,2026-04-20 10:08:04,2026-04,SIEM,Logon from disabled account,Medium,Impact,True Positive,No,t.begum,Morning
ALT-000934,2026-04-20 10:55:26,2026-04,SIEM,New privileged account,Medium,Credential Access,False Positive,No,t.begum,Morning
ALT-000928,2026-04-20 13:38:48,2026-04,Firewall,Geo-blocked destination,Low,Impact,False Positive,No,r.islam,Morning
ALT-000945,2026-04-20 14:39:37,2026-04,EDR,LOLBin execution,Low,Persistence,False Positive,No,t.begum,Evening
ALT-000946,2026-04-20 15:09:43,2026-04,EDR,LOLBin execution,Medium,Defense Evasion,False Positive,No,m.hasan,Evening
ALT-000944,2026-04-20 16:00:37,2026-04,EDR,Credential dumping tool,High,Impact,Benign True Positive,No,t.begum,Evening
ALT-000943,2026-04-20 16:09:31,2026-04,WAF,SQL injection attempt,Low,Privilege Escalation,False Positive,No,m.hasan,Evening
ALT-000929,2026-04-20 16:43:09,2026-04,SIEM,Logon from disabled account,High,Privilege Escalation,True Positive,Yes,m.hasan,Evening
ALT-000936,2026-04-20 17:54:39,2026-04,SIEM,New privileged account,Low,Command and Control,False Positive,No,a.rahman,Evening
ALT-000940,2026-04-20 17:55:47,2026-04,Firewall,Geo-blocked destination,High,Privilege Escalation,Benign True Positive,No,r.islam,Evening
ALT-000942,2026-04-20 18:52:09,2026-04,SIEM,Brute-force logon burst,Medium,Initial Access,Benign True Positive,No,r.islam,Evening
ALT-000938,2026-04-20 20:14:02,2026-04,WAF,XSS attempt,High,Exfiltration,False Positive,No,t.begum,Evening
ALT-000947,2026-04-21 00:35:09,2026-04,SIEM,Impossible travel,Low,Collection,Benign True Positive,No,r.islam,Night
ALT-000971,2026-04-21 01:36:09,2026-04,WAF,SQL injection attempt,Medium,Command and Control,True Positive,No,s.khatun,Night
ALT-000966,2026-04-21 05:22:12,2026-04,IDS,SMB lateral movement,Medium,Defense Evasion,False Positive,No,t.begum,Night
ALT-000953,2026-04-21 09:34:29,2026-04,Firewall,Inbound port scan,Low,Command and Control,False Positive,No,r.islam,Morning
ALT-000967,2026-04-21 09:45:50,2026-04,Email-GW,Spoofed internal sender,Low,Discovery,True Positive,No,n.akter,Morning
ALT-000972,2026-04-21 10:25:39,2026-04,EDR,Suspicious PowerShell,Critical,Exfiltration,True Positive,Yes,t.begum,Morning
ALT-000962,2026-04-21 10:59:58,2026-04,Email-GW,Spoofed internal sender,Medium,Discovery,False Positive,No,s.khatun,Morning
ALT-000960,2026-04-21 13:24:19,2026-04,EDR,Ransomware canary file,Medium,Credential Access,False Positive,No,n.akter,Morning
ALT-000957,2026-04-21 13:24:48,2026-04,Firewall,Tor exit node traffic,High,Collection,True Positive,Yes,t.begum,Morning
ALT-000959,2026-04-21 13:48:03,2026-04,EDR,Credential dumping tool,Low,Execution,True Positive,No,a.rahman,Morning
ALT-000963,2026-04-21 13:58:47,2026-04,SIEM,Mass file download,Medium,Defense Evasion,False Positive,No,a.rahman,Morning
ALT-000968,2026-04-21 13:59:11,2026-04,EDR,Process hollowing,High,Defense Evasion,False Positive,No,t.begum,Morning
ALT-000956,2026-04-21 14:36:22,2026-04,SIEM,Brute-force logon burst,Low,Defense Evasion,False Positive,No,n.akter,Evening
ALT-000961,2026-04-21 15:04:42,2026-04,WAF,Path traversal,Low,Discovery,False Positive,No,r.islam,Evening
ALT-000964,2026-04-21 15:25:21,2026-04,SIEM,Mass file download,Medium,Lateral Movement,Duplicate,No,a.rahman,Evening
ALT-000965,2026-04-21 15:34:08,2026-04,SIEM,Audit log cleared,High,Collection,False Positive,No,m.hasan,Evening
ALT-000958,2026-04-21 15:39:30,2026-04,WAF,Web shell upload,Medium,Defense Evasion,False Positive,No,m.hasan,Evening
ALT-000954,2026-04-21 16:14:26,2026-04,EDR,Credential dumping tool,Low,Defense Evasion,True Positive,No,t.begum,Evening
ALT-000950,2026-04-21 17:39:45,2026-04,Email-GW,Phishing URL,Medium,Privilege Escalation,Benign True Positive,No,s.khatun,Evening
ALT-000949,2026-04-21 17:46:42,2026-04,SIEM,Impossible travel,Medium,Persistence,False Positive,No,n.akter,Evening
ALT-000955,2026-04-21 17:50:24,2026-04,SIEM,Logon from disabled account,Medium,Impact,True Positive,No,m.hasan,Evening
ALT-000952,2026-04-21 17:54:01,2026-04,Email-GW,Spoofed internal sender,Medium,Initial Access,Duplicate,No,a.rahman,Evening
ALT-000948,2026-04-21 18:36:09,2026-04,Email-GW,Malicious attachment,High,Collection,Benign True Positive,No,s.khatun,Evening
ALT-000951,2026-04-21 19:27:21,2026-04,Firewall,Geo-blocked destination,High,Credential Access,Benign True Positive,No,n.akter,Evening
ALT-000970,2026-04-21 20:19:14,2026-04,Email-GW,Spoofed internal sender,Low,Exfiltration,False Positive,No,n.akter,Evening
ALT-000969,2026-04-21 22:33:59,2026-04,Firewall,DNS tunneling pattern,Medium,Collection,Benign True Positive,No,t.begum,Night
ALT-000990,2026-04-22 00:37:25,2026-04,EDR,Ransomware canary file,Low,Defense Evasion,False Positive,No,t.begum,Night
ALT-000992,2026-04-22 00:45:41,2026-04,Firewall,DNS tunneling pattern,Low,Persistence,True Positive,Yes,s.khatun,Night
ALT-000982,2026-04-22 05:34:31,2026-04,Firewall,Inbound port scan,Low,Command and Control,False Positive,No,m.hasan,Night
ALT-001000,2026-04-22 05:43:27,2026-04,SIEM,Brute-force logon burst,Low,Privilege Escalation,False Positive,No,a.rahman,Night
ALT-000973,2026-04-22 06:16:18,2026-04,EDR,Credential dumping tool,Low,Privilege Escalation,False Positive,No,s.khatun,Morning
ALT-000997,2026-04-22 08:23:20,2026-04,SIEM,Impossible travel,Medium,Credential Access,Duplicate,No,n.akter,Morning
ALT-000978,2026-04-22 08:26:19,2026-04,SIEM,Audit log cleared,Medium,Lateral Movement,False Positive,No,a.rahman,Morning
ALT-000989,2026-04-22 08:30:56,2026-04,Email-GW,Business email compromise,Low,Initial Access,False Positive,No,s.khatun,Morning
ALT-000998,2026-04-22 09:59:42,2026-04,Firewall,DNS tunneling pattern,Medium,Defense Evasion,Duplicate,No,n.akter,Morning
ALT-000994,2026-04-22 10:49:45,2026-04,Email-GW,Spoofed internal sender,Medium,Impact,False Positive,No,s.khatun,Morning
ALT-000983,2026-04-22 10:59:30,2026-04,WAF,Path traversal,Low,Impact,False Positive,No,m.hasan,Morning
ALT-000995,2026-04-22 11:30:59,2026-04,Firewall,Outbound to known C2,Medium,Lateral Movement,True Positive,No,t.begum,Morning
ALT-000975,2026-04-22 11:47:44,2026-04,EDR,Process hollowing,Low,Collection,Benign True Positive,No,t.begum,Morning
ALT-000987,2026-04-22 12:22:55,2026-04,Firewall,Outbound to known C2,Low,Impact,False Positive,No,s.khatun,Morning
ALT-000977,2026-04-22 12:25:35,2026-04,Firewall,Inbound port scan,Low,Discovery,True Positive,No,t.begum,Morning
ALT-000993,2026-04-22 12:29:00,2026-04,Firewall,Tor exit node traffic,Critical,Exfiltration,False Positive,No,r.islam,Morning
ALT-000974,2026-04-22 12:46:01,2026-04,EDR,Process hollowing,Low,Initial Access,True Positive,No,m.hasan,Morning
ALT-000988,2026-04-22 12:55:42,2026-04,Email-GW,Phishing URL,High,Lateral Movement,False Positive,No,t.begum,Morning
ALT-000980,2026-04-22 14:19:52,2026-04,CASB,OAuth grant to risky app,Low,Command and Control,False Positive,No,r.islam,Evening
ALT-000999,2026-04-22 14:24:25,2026-04,CASB,OAuth grant to risky app,Medium,Exfiltration,Duplicate,No,r.islam,Evening
ALT-000976,2026-04-22 14:40:15,2026-04,WAF,Path traversal,Low,Exfiltration,False Positive,No,s.khatun,Evening
ALT-000985,2026-04-22 15:39:08,2026-04,IDS,SMB lateral movement,Low,Exfiltration,True Positive,No,s.khatun,Evening
ALT-000984,2026-04-22 16:14:55,2026-04,WAF,Web shell upload,Low,Persistence,False Positive,No,m.hasan,Evening
ALT-000981,2026-04-22 16:39:44,2026-04,SIEM,Audit log cleared,Low,Initial Access,False Positive,No,s.khatun,Evening
ALT-000979,2026-04-22 20:11:20,2026-04,EDR,Ransomware canary file,Low,Credential Access,Duplicate,No,r.islam,Evening
ALT-000996,2026-04-22 20:38:40,2026-04,SIEM,New privileged account,High,Privilege Escalation,False Positive,No,s.khatun,Evening
ALT-000986,2026-04-22 22:44:51,2026-04,SIEM,Brute-force logon burst,High,Collection,False Positive,No,m.hasan,Night
ALT-000991,2026-04-22 23:54:52,2026-04,IDS,SMB lateral movement,Low,Impact,Benign True Positive,No,t.begum,Night
ALT-001014,2026-04-23 04:10:23,2026-04,EDR,Ransomware canary file,Low,Impact,True Positive,No,t.begum,Night
ALT-001020,2026-04-23 06:22:11,2026-04,SIEM,Brute-force logon burst,Low,Impact,Duplicate,No,a.rahman,Morning
ALT-001009,2026-04-23 06:28:45,2026-04,SIEM,Audit log cleared,Low,Impact,False Positive,No,m.hasan,Morning
ALT-001012,2026-04-23 07:33:24,2026-04,SIEM,Impossible travel,Low,Command and Control,False Positive,No,m.hasan,Morning
ALT-001001,2026-04-23 08:29:44,2026-04,EDR,Ransomware canary file,Medium,Collection,False Positive,No,n.akter,Morning
ALT-001019,2026-04-23 08:47:03,2026-04,EDR,Unsigned driver load,Low,Privilege Escalation,False Positive,No,s.khatun,Morning
ALT-001002,2026-04-23 08:54:48,2026-04,WAF,SQL injection attempt,Low,Privilege Escalation,Benign True Positive,No,a.rahman,Morning
ALT-001017,2026-04-23 10:20:51,2026-04,SIEM,Audit log cleared,Low,Credential Access,True Positive,No,r.islam,Morning
ALT-001007,2026-04-23 11:46:36,2026-04,SIEM,Mass file download,Low,Persistence,False Positive,No,t.begum,Morning
ALT-001004,2026-04-23 13:13:55,2026-04,EDR,Suspicious PowerShell,Medium,Credential Access,False Positive,No,t.begum,Morning
ALT-001011,2026-04-23 13:56:31,2026-04,SIEM,New privileged account,Low,Impact,False Positive,No,r.islam,Morning
ALT-001010,2026-04-23 15:22:13,2026-04,WAF,Path traversal,Low,Collection,Benign True Positive,No,n.akter,Evening
ALT-001013,2026-04-23 15:32:15,2026-04,Firewall,Outbound to known C2,Low,Command and Control,False Positive,No,a.rahman,Evening
ALT-001005,2026-04-23 16:10:40,2026-04,Firewall,Geo-blocked destination,Low,Exfiltration,True Positive,No,s.khatun,Evening
ALT-001015,2026-04-23 16:12:37,2026-04,EDR,Ransomware canary file,Low,Persistence,False Positive,No,a.rahman,Evening
ALT-001008,2026-04-23 16:39:53,2026-04,CASB,OAuth grant to risky app,Medium,Privilege Escalation,False Positive,No,n.akter,Evening
ALT-001006,2026-04-23 17:07:27,2026-04,Firewall,Geo-blocked destination,Low,Persistence,False Positive,No,a.rahman,Evening
ALT-001018,2026-04-23 17:26:40,2026-04,EDR,LOLBin execution,High,Command and Control,False Positive,No,r.islam,Evening
ALT-001003,2026-04-23 18:16:06,2026-04,WAF,XSS attempt,Medium,Credential Access,False Positive,No,t.begum,Evening
ALT-001021,2026-04-23 21:49:36,2026-04,CASB,OAuth grant to risky app,High,Execution,False Positive,No,r.islam,Evening
ALT-001016,2026-04-23 22:00:26,2026-04,EDR,Unsigned driver load,Low,Privilege Escalation,False Positive,No,n.akter,Night
ALT-001033,2026-04-24 07:32:17,2026-04,Email-GW,Malicious attachment,Low,Command and Control,False Positive,No,a.rahman,Morning
ALT-001028,2026-04-24 07:34:48,2026-04,SIEM,Audit log cleared,Low,Initial Access,Benign True Positive,No,s.khatun,Morning
ALT-001027,2026-04-24 08:32:36,2026-04,Email-GW,Phishing URL,Medium,Defense Evasion,False Positive,No,a.rahman,Morning
ALT-001038,2026-04-24 09:01:59,2026-04,Firewall,DNS tunneling pattern,Low,Defense Evasion,True Positive,No,r.islam,Morning
ALT-001024,2026-04-24 09:11:40,2026-04,SIEM,Audit log cleared,Low,Initial Access,Benign True Positive,No,s.khatun,Morning
ALT-001025,2026-04-24 10:02:42,2026-04,SIEM,Impossible travel,Low,Collection,False Positive,No,t.begum,Morning
ALT-001026,2026-04-24 10:43:27,2026-04,IDS,Cobalt Strike beacon,Low,Lateral Movement,Benign True Positive,No,n.akter,Morning
ALT-001034,2026-04-24 10:59:13,2026-04,SIEM,Mass file download,Medium,Persistence,True Positive,No,r.islam,Morning
ALT-001029,2026-04-24 11:21:21,2026-04,IDS,SMB lateral movement,High,Discovery,False Positive,No,s.khatun,Morning
ALT-001037,2026-04-24 11:55:32,2026-04,WAF,SQL injection attempt,Medium,Impact,False Positive,No,r.islam,Morning
ALT-001036,2026-04-24 12:43:16,2026-04,SIEM,Audit log cleared,Medium,Discovery,False Positive,No,m.hasan,Morning
ALT-001030,2026-04-24 12:59:05,2026-04,SIEM,Mass file download,High,Credential Access,False Positive,No,m.hasan,Morning
ALT-001031,2026-04-24 14:05:31,2026-04,SIEM,New privileged account,Medium,Defense Evasion,Benign True Positive,No,a.rahman,Evening
ALT-001023,2026-04-24 14:14:17,2026-04,Firewall,Inbound port scan,Medium,Exfiltration,True Positive,Yes,m.hasan,Evening
ALT-001032,2026-04-24 17:14:35,2026-04,EDR,Process hollowing,High,Execution,True Positive,Yes,m.hasan,Evening
ALT-001022,2026-04-24 20:26:20,2026-04,SIEM,Brute-force logon burst,Low,Discovery,Duplicate,No,r.islam,Evening
ALT-001035,2026-04-24 21:47:05,2026-04,EDR,Unsigned driver load,High,Execution,False Positive,No,n.akter,Evening
ALT-001044,2026-04-25 01:42:38,2026-04,EDR,LOLBin execution,High,Lateral Movement,False Positive,No,t.begum,Night
ALT-001040,2026-04-25 07:27:41,2026-04,Firewall,Geo-blocked destination,Medium,Persistence,False Positive,No,a.rahman,Morning
ALT-001045,2026-04-25 10:19:14,2026-04,Email-GW,Phishing URL,Low,Persistence,True Positive,No,s.khatun,Morning
ALT-001039,2026-04-25 11:35:25,2026-04,EDR,Credential dumping tool,High,Impact,False Positive,No,n.akter,Morning
ALT-001043,2026-04-25 14:40:38,2026-04,SIEM,Brute-force logon burst,Medium,Lateral Movement,False Positive,No,s.khatun,Evening
ALT-001042,2026-04-25 15:10:32,2026-04,IDS,SMB lateral movement,Low,Defense Evasion,Benign True Positive,No,s.khatun,Evening
ALT-001041,2026-04-25 20:35:07,2026-04,SIEM,Mass file download,Low,Command and Control,False Positive,No,n.akter,Evening
ALT-001056,2026-04-26 01:59:57,2026-04,EDR,Suspicious PowerShell,Low,Credential Access,Duplicate,No,t.begum,Night
ALT-001054,2026-04-26 04:36:25,2026-04,Email-GW,Malicious attachment,High,Defense Evasion,False Positive,No,m.hasan,Night
ALT-001053,2026-04-26 09:42:18,2026-04,EDR,LOLBin execution,Low,Discovery,False Positive,No,n.akter,Morning
ALT-001052,2026-04-26 10:43:18,2026-04,IDS,Nmap scan,Medium,Exfiltration,False Positive,No,n.akter,Morning
ALT-001046,2026-04-26 11:11:42,2026-04,EDR,Suspicious PowerShell,Low,Execution,False Positive,No,s.khatun,Morning
ALT-001051,2026-04-26 11:32:28,2026-04,WAF,Web shell upload,High,Collection,False Positive,No,t.begum,Morning
ALT-001055,2026-04-26 11:43:59,2026-04,SIEM,Impossible travel,Low,Initial Access,False Positive,No,r.islam,Morning
ALT-001048,2026-04-26 12:45:46,2026-04,CASB,SaaS impossible travel,Low,Command and Control,Benign True Positive,No,m.hasan,Morning
ALT-001049,2026-04-26 12:57:40,2026-04,EDR,Ransomware canary file,Low,Lateral Movement,False Positive,No,r.islam,Morning
ALT-001050,2026-04-26 14:06:12,2026-04,SIEM,Impossible travel,Low,Discovery,False Positive,No,r.islam,Evening
ALT-001047,2026-04-26 16:49:31,2026-04,SIEM,Mass file download,Medium,Command and Control,True Positive,Yes,t.begum,Evening
ALT-001070,2026-04-27 00:37:51,2026-04,SIEM,Audit log cleared,Low,Persistence,True Positive,No,n.akter,Night
ALT-001069,2026-04-27 03:12:15,2026-04,SIEM,Logon from disabled account,Medium,Privilege Escalation,True Positive,Yes,r.islam,Night
ALT-001075,2026-04-27 07:02:20,2026-04,SIEM,Impossible travel,Medium,Execution,Benign True Positive,No,s.khatun,Morning
ALT-001072,2026-04-27 09:03:36,2026-04,Firewall,Tor exit node traffic,High,Defense Evasion,False Positive,No,r.islam,Morning
ALT-001060,2026-04-27 09:23:56,2026-04,EDR,Suspicious PowerShell,Medium,Discovery,False Positive,No,a.rahman,Morning
ALT-001063,2026-04-27 09:28:18,2026-04,IDS,SMB lateral movement,Critical,Credential Access,Benign True Positive,No,t.begum,Morning
ALT-001077,2026-04-27 09:46:09,2026-04,CASB,OAuth grant to risky app,Low,Execution,True Positive,No,t.begum,Morning
ALT-001058,2026-04-27 10:25:24,2026-04,IDS,EternalBlue exploit,Low,Impact,True Positive,Yes,s.khatun,Morning
ALT-001062,2026-04-27 10:35:47,2026-04,SIEM,Audit log cleared,Medium,Impact,True Positive,No,n.akter,Morning
ALT-001061,2026-04-27 10:45:07,2026-04,Email-GW,Malicious attachment,Medium,Credential Access,True Positive,No,m.hasan,Morning
ALT-001067,2026-04-27 12:10:44,2026-04,Email-GW,Phishing URL,Low,Discovery,True Positive,No,r.islam,Morning
ALT-001073,2026-04-27 13:24:15,2026-04,EDR,LOLBin execution,Medium,Privilege Escalation,False Positive,No,n.akter,Morning
ALT-001081,2026-04-27 13:42:05,2026-04,EDR,LOLBin execution,Medium,Credential Access,Benign True Positive,No,s.khatun,Morning
ALT-001059,2026-04-27 14:06:35,2026-04,SIEM,Impossible travel,Low,Persistence,Benign True Positive,No,s.khatun,Evening
ALT-001071,2026-04-27 14:23:33,2026-04,SIEM,Impossible travel,Medium,Defense Evasion,True Positive,Yes,a.rahman,Evening
ALT-001080,2026-04-27 15:40:36,2026-04,Firewall,Outbound to known C2,Low,Command and Control,False Positive,No,s.khatun,Evening
ALT-001078,2026-04-27 15:40:50,2026-04,Email-GW,Business email compromise,Low,Exfiltration,Benign True Positive,No,m.hasan,Evening
ALT-001074,2026-04-27 16:38:34,2026-04,Firewall,Tor exit node traffic,High,Impact,False Positive,No,s.khatun,Evening
ALT-001065,2026-04-27 16:51:13,2026-04,EDR,LOLBin execution,Low,Impact,Benign True Positive,No,s.khatun,Evening
ALT-001064,2026-04-27 18:03:53,2026-04,IDS,SMB lateral movement,Low,Discovery,False Positive,No,m.hasan,Evening
ALT-001066,2026-04-27 18:54:21,2026-04,SIEM,Brute-force logon burst,High,Credential Access,True Positive,Yes,r.islam,Evening
ALT-001079,2026-04-27 19:25:41,2026-04,EDR,LOLBin execution,Low,Persistence,False Positive,No,n.akter,Evening
ALT-001076,2026-04-27 21:04:04,2026-04,Email-GW,Business email compromise,Low,Exfiltration,False Positive,No,a.rahman,Evening
ALT-001068,2026-04-27 21:11:13,2026-04,IDS,SMB lateral movement,Medium,Impact,Benign True Positive,No,n.akter,Evening
ALT-001057,2026-04-27 22:31:09,2026-04,SIEM,Brute-force logon burst,Medium,Persistence,False Positive,No,m.hasan,Night
ALT-001086,2026-04-28 08:14:05,2026-04,SIEM,Impossible travel,Low,Discovery,Benign True Positive,No,r.islam,Morning
ALT-001084,2026-04-28 08:43:38,2026-04,EDR,Credential dumping tool,High,Command and Control,False Positive,No,a.rahman,Morning
ALT-001092,2026-04-28 09:14:02,2026-04,Email-GW,Business email compromise,Low,Impact,True Positive,No,t.begum,Morning
ALT-001097,2026-04-28 09:45:37,2026-04,IDS,SMB lateral movement,Low,Impact,Benign True Positive,No,a.rahman,Morning
ALT-001088,2026-04-28 10:00:04,2026-04,SIEM,Logon from disabled account,Low,Command and Control,False Positive,No,t.begum,Morning
ALT-001098,2026-04-28 11:03:12,2026-04,SIEM,Audit log cleared,High,Defense Evasion,False Positive,No,s.khatun,Morning
ALT-001102,2026-04-28 11:06:15,2026-04,WAF,Path traversal,High,Persistence,False Positive,No,m.hasan,Morning
ALT-001101,2026-04-28 11:37:36,2026-04,Email-GW,Malicious attachment,Critical,Persistence,False Positive,No,s.khatun,Morning
ALT-001091,2026-04-28 12:16:00,2026-04,EDR,Ransomware canary file,Medium,Impact,False Positive,No,r.islam,Morning
ALT-001095,2026-04-28 12:23:52,2026-04,Email-GW,Spoofed internal sender,Low,Impact,False Positive,No,a.rahman,Morning
ALT-001090,2026-04-28 13:29:05,2026-04,SIEM,Mass file download,Low,Credential Access,True Positive,Yes,s.khatun,Morning
ALT-001087,2026-04-28 13:30:27,2026-04,EDR,Process hollowing,Medium,Persistence,Benign True Positive,No,a.rahman,Morning
ALT-001085,2026-04-28 14:16:17,2026-04,Firewall,DNS tunneling pattern,Low,Exfiltration,False Positive,No,m.hasan,Evening
ALT-001082,2026-04-28 15:08:00,2026-04,Firewall,DNS tunneling pattern,Low,Persistence,False Positive,No,r.islam,Evening
ALT-001089,2026-04-28 15:18:14,2026-04,SIEM,Mass file download,Low,Execution,True Positive,No,t.begum,Evening
ALT-001104,2026-04-28 15:34:38,2026-04,SIEM,New privileged account,Low,Persistence,False Positive,No,a.rahman,Evening
ALT-001100,2026-04-28 16:10:08,2026-04,SIEM,Logon from disabled account,Low,Collection,False Positive,No,a.rahman,Evening
ALT-001093,2026-04-28 16:49:29,2026-04,SIEM,Brute-force logon burst,Medium,Credential Access,True Positive,No,a.rahman,Evening
ALT-001103,2026-04-28 17:36:00,2026-04,Firewall,Tor exit node traffic,Medium,Execution,True Positive,No,r.islam,Evening
ALT-001096,2026-04-28 18:01:52,2026-04,SIEM,Logon from disabled account,High,Privilege Escalation,False Positive,No,a.rahman,Evening
ALT-001094,2026-04-28 18:50:00,2026-04,SIEM,Brute-force logon burst,Medium,Lateral Movement,True Positive,No,s.khatun,Evening
ALT-001099,2026-04-28 19:41:00,2026-04,SIEM,Impossible travel,Critical,Persistence,False Positive,No,m.hasan,Evening
ALT-001083,2026-04-28 21:02:15,2026-04,Firewall,DNS tunneling pattern,Medium,Command and Control,False Positive,No,m.hasan,Evening
ALT-001109,2026-04-29 06:08:55,2026-04,IDS,Nmap scan,Critical,Lateral Movement,False Positive,No,r.islam,Morning
ALT-001108,2026-04-29 06:17:59,2026-04,IDS,SMB lateral movement,Low,Lateral Movement,False Positive,No,r.islam,Morning
ALT-001113,2026-04-29 06:55:49,2026-04,SIEM,Brute-force logon burst,Medium,Privilege Escalation,True Positive,No,r.islam,Morning
ALT-001110,2026-04-29 07:14:44,2026-04,CASB,SaaS impossible travel,Medium,Lateral Movement,True Positive,No,t.begum,Morning
ALT-001122,2026-04-29 09:03:23,2026-04,SIEM,Logon from disabled account,Low,Privilege Escalation,Benign True Positive,No,s.khatun,Morning
ALT-001112,2026-04-29 09:18:51,2026-04,EDR,Unsigned driver load,Medium,Discovery,Benign True Positive,No,m.hasan,Morning
ALT-001126,2026-04-29 09:46:42,2026-04,IDS,SMB lateral movement,Low,Command and Control,False Positive,No,n.akter,Morning
ALT-001125,2026-04-29 09:50:26,2026-04,Firewall,Tor exit node traffic,Low,Persistence,False Positive,No,r.islam,Morning
ALT-001127,2026-04-29 10:01:19,2026-04,EDR,Suspicious PowerShell,Medium,Credential Access,True Positive,No,m.hasan,Morning
ALT-001119,2026-04-29 11:31:55,2026-04,SIEM,Mass file download,High,Initial Access,True Positive,Yes,s.khatun,Morning
ALT-001114,2026-04-29 12:23:31,2026-04,SIEM,Logon from disabled account,Medium,Privilege Escalation,True Positive,Yes,r.islam,Morning
ALT-001115,2026-04-29 12:27:20,2026-04,EDR,Suspicious PowerShell,Low,Privilege Escalation,False Positive,No,m.hasan,Morning
ALT-001117,2026-04-29 12:27:34,2026-04,Firewall,Tor exit node traffic,Medium,Lateral Movement,True Positive,No,a.rahman,Morning
ALT-001121,2026-04-29 12:33:57,2026-04,IDS,EternalBlue exploit,Medium,Lateral Movement,False Positive,No,r.islam,Morning
ALT-001118,2026-04-29 13:49:21,2026-04,IDS,EternalBlue exploit,Medium,Persistence,False Positive,No,a.rahman,Morning
ALT-001106,2026-04-29 13:55:27,2026-04,SIEM,Logon from disabled account,High,Credential Access,False Positive,No,s.khatun,Morning
ALT-001123,2026-04-29 14:29:50,2026-04,Email-GW,Malicious attachment,High,Privilege Escalation,False Positive,No,a.rahman,Evening
ALT-001111,2026-04-29 14:45:29,2026-04,SIEM,New privileged account,Medium,Defense Evasion,Benign True Positive,No,r.islam,Evening
ALT-001128,2026-04-29 15:42:56,2026-04,Firewall,Tor exit node traffic,Low,Credential Access,False Positive,No,a.rahman,Evening
ALT-001124,2026-04-29 16:08:56,2026-04,Firewall,Outbound to known C2,Medium,Persistence,False Positive,No,a.rahman,Evening
ALT-001116,2026-04-29 17:28:10,2026-04,EDR,Ransomware canary file,High,Credential Access,False Positive,No,r.islam,Evening
ALT-001105,2026-04-29 17:47:30,2026-04,IDS,Cobalt Strike beacon,Low,Lateral Movement,Benign True Positive,No,t.begum,Evening
ALT-001107,2026-04-29 19:22:24,2026-04,SIEM,New privileged account,Medium,Discovery,False Positive,No,s.khatun,Evening
ALT-001120,2026-04-29 19:25:50,2026-04,IDS,Cobalt Strike beacon,Low,Execution,False Positive,No,m.hasan,Evening
ALT-001136,2026-04-30 02:41:04,2026-04,SIEM,Mass file download,Medium,Exfiltration,False Positive,No,r.islam,Night
ALT-001140,2026-04-30 03:51:23,2026-04,Firewall,Geo-blocked destination,Medium,Initial Access,False Positive,No,t.begum,Night
ALT-001149,2026-04-30 06:42:02,2026-04,SIEM,Mass file download,Critical,Collection,Benign True Positive,No,s.khatun,Morning
ALT-001145,2026-04-30 07:20:38,2026-04,WAF,XSS attempt,High,Initial Access,False Positive,No,t.begum,Morning
ALT-001139,2026-04-30 09:17:52,2026-04,SIEM,New privileged account,Low,Execution,Benign True Positive,No,m.hasan,Morning
ALT-001143,2026-04-30 10:14:42,2026-04,EDR,Suspicious PowerShell,High,Persistence,False Positive,No,t.begum,Morning
ALT-001131,2026-04-30 10:17:54,2026-04,Firewall,DNS tunneling pattern,Critical,Persistence,False Positive,No,n.akter,Morning
ALT-001129,2026-04-30 11:21:43,2026-04,SIEM,Audit log cleared,Medium,Defense Evasion,Benign True Positive,No,n.akter,Morning
ALT-001133,2026-04-30 11:39:00,2026-04,WAF,SQL injection attempt,Low,Defense Evasion,Duplicate,No,n.akter,Morning
ALT-001142,2026-04-30 12:52:01,2026-04,SIEM,Logon from disabled account,High,Impact,False Positive,No,t.begum,Morning
ALT-001146,2026-04-30 12:58:02,2026-04,Email-GW,Spoofed internal sender,Medium,Exfiltration,False Positive,No,s.khatun,Morning
ALT-001147,2026-04-30 13:43:03,2026-04,IDS,EternalBlue exploit,High,Defense Evasion,True Positive,Yes,m.hasan,Morning
ALT-001144,2026-04-30 14:01:14,2026-04,SIEM,Logon from disabled account,Low,Privilege Escalation,Benign True Positive,No,s.khatun,Evening
ALT-001137,2026-04-30 14:41:19,2026-04,EDR,Unsigned driver load,High,Execution,False Positive,No,r.islam,Evening
ALT-001134,2026-04-30 14:54:46,2026-04,SIEM,Logon from disabled account,Medium,Command and Control,True Positive,No,n.akter,Evening
ALT-001148,2026-04-30 14:58:39,2026-04,Firewall,DNS tunneling pattern,High,Command and Control,Duplicate,No,a.rahman,Evening
ALT-001138,2026-04-30 16:04:35,2026-04,IDS,SMB lateral movement,Medium,Impact,False Positive,No,r.islam,Evening
ALT-001135,2026-04-30 18:00:00,2026-04,SIEM,Impossible travel,Low,Privilege Escalation,Benign True Positive,No,a.rahman,Evening
ALT-001132,2026-04-30 18:45:13,2026-04,EDR,Unsigned driver load,High,Collection,Duplicate,No,r.islam,Evening
ALT-001141,2026-04-30 19:02:06,2026-04,EDR,Suspicious PowerShell,Low,Collection,False Positive,No,r.islam,Evening
ALT-001130,2026-04-30 20:05:51,2026-04,EDR,Credential dumping tool,Low,Lateral Movement,False Positive,No,s.khatun,Evening
ALT-001164,2026-05-01 02:15:40,2026-05,SIEM,Audit log cleared,High,Privilege Escalation,True Positive,No,m.hasan,Night
ALT-001165,2026-05-01 06:34:23,2026-05,EDR,Ransomware canary file,Low,Exfiltration,True Positive,No,s.khatun,Morning
ALT-001162,2026-05-01 06:51:35,2026-05,Email-GW,Business email compromise,Low,Collection,False Positive,No,t.begum,Morning
ALT-001153,2026-05-01 09:29:28,2026-05,EDR,Credential dumping tool,Low,Initial Access,Benign True Positive,No,t.begum,Morning
ALT-001167,2026-05-01 11:44:56,2026-05,SIEM,New privileged account,Medium,Persistence,False Positive,No,t.begum,Morning
ALT-001159,2026-05-01 11:48:48,2026-05,SIEM,Brute-force logon burst,Medium,Initial Access,False Positive,No,a.rahman,Morning
ALT-001160,2026-05-01 11:59:58,2026-05,WAF,SQL injection attempt,Low,Credential Access,Benign True Positive,No,r.islam,Morning
ALT-001158,2026-05-01 12:18:09,2026-05,SIEM,Logon from disabled account,High,Lateral Movement,False Positive,No,s.khatun,Morning
ALT-001163,2026-05-01 13:32:09,2026-05,SIEM,Brute-force logon burst,Medium,Execution,False Positive,No,a.rahman,Morning
ALT-001150,2026-05-01 15:24:46,2026-05,EDR,Unsigned driver load,High,Defense Evasion,False Positive,No,m.hasan,Evening
ALT-001155,2026-05-01 15:38:04,2026-05,WAF,SQL injection attempt,Low,Command and Control,True Positive,Yes,m.hasan,Evening
ALT-001156,2026-05-01 17:36:15,2026-05,Email-GW,Phishing URL,Low,Execution,Benign True Positive,No,s.khatun,Evening
ALT-001166,2026-05-01 17:45:47,2026-05,Email-GW,Spoofed internal sender,High,Credential Access,Benign True Positive,No,t.begum,Evening
ALT-001157,2026-05-01 18:57:26,2026-05,EDR,Suspicious PowerShell,Low,Credential Access,False Positive,No,n.akter,Evening
ALT-001151,2026-05-01 19:39:58,2026-05,Firewall,DNS tunneling pattern,Low,Collection,False Positive,No,m.hasan,Evening
ALT-001161,2026-05-01 19:51:46,2026-05,WAF,Path traversal,Low,Discovery,Benign True Positive,No,t.begum,Evening
ALT-001154,2026-05-01 19:57:23,2026-05,IDS,Cobalt Strike beacon,Low,Privilege Escalation,False Positive,No,t.begum,Evening
ALT-001152,2026-05-01 21:21:00,2026-05,Firewall,DNS tunneling pattern,Low,Defense Evasion,Duplicate,No,s.khatun,Evening
ALT-001176,2026-05-02 06:18:16,2026-05,EDR,LOLBin execution,Low,Privilege Escalation,Benign True Positive,No,m.hasan,Morning
ALT-001173,2026-05-02 08:15:41,2026-05,Firewall,Inbound port scan,Low,Command and Control,True Positive,No,n.akter,Morning
ALT-001170,2026-05-02 09:22:29,2026-05,SIEM,Logon from disabled account,Low,Impact,True Positive,No,n.akter,Morning
ALT-001175,2026-05-02 10:24:54,2026-05,WAF,SQL injection attempt,Low,Defense Evasion,False Positive,No,t.begum,Morning
ALT-001169,2026-05-02 10:46:35,2026-05,Firewall,Tor exit node traffic,Low,Command and Control,True Positive,No,m.hasan,Morning
ALT-001172,2026-05-02 13:07:28,2026-05,SIEM,Impossible travel,Critical,Initial Access,True Positive,Yes,s.khatun,Morning
ALT-001171,2026-05-02 14:33:54,2026-05,Email-GW,Spoofed internal sender,Low,Command and Control,False Positive,No,a.rahman,Evening
ALT-001168,2026-05-02 14:35:02,2026-05,SIEM,Logon from disabled account,High,Defense Evasion,True Positive,Yes,n.akter,Evening
ALT-001177,2026-05-02 16:16:40,2026-05,SIEM,Brute-force logon burst,Medium,Privilege Escalation,Benign True Positive,No,t.begum,Evening
ALT-001174,2026-05-02 19:46:54,2026-05,IDS,Nmap scan,Medium,Defense Evasion,False Positive,No,s.khatun,Evening
ALT-001185,2026-05-03 08:11:37,2026-05,WAF,Path traversal,Low,Discovery,False Positive,No,t.begum,Morning
ALT-001179,2026-05-03 08:44:09,2026-05,SIEM,Impossible travel,Low,Persistence,False Positive,No,s.khatun,Morning
ALT-001182,2026-05-03 12:53:17,2026-05,EDR,Credential dumping tool,Low,Persistence,False Positive,No,r.islam,Morning
ALT-001178,2026-05-03 14:57:06,2026-05,SIEM,New privileged account,Medium,Execution,False Positive,No,r.islam,Evening
ALT-001180,2026-05-03 15:19:47,2026-05,EDR,Unsigned driver load,Low,Command and Control,Benign True Positive,No,a.rahman,Evening
ALT-001183,2026-05-03 15:37:09,2026-05,Firewall,Geo-blocked destination,Low,Collection,True Positive,No,n.akter,Evening
ALT-001184,2026-05-03 18:56:41,2026-05,Firewall,Tor exit node traffic,Low,Collection,True Positive,No,t.begum,Evening
ALT-001181,2026-05-03 19:46:26,2026-05,Email-GW,Malicious attachment,High,Privilege Escalation,Duplicate,No,n.akter,Evening
ALT-001200,2026-05-04 04:11:45,2026-05,WAF,Web shell upload,Medium,Exfiltration,True Positive,No,s.khatun,Night
ALT-001201,2026-05-04 08:40:00,2026-05,SIEM,Logon from disabled account,Medium,Collection,False Positive,No,t.begum,Morning
ALT-001205,2026-05-04 08:56:53,2026-05,Email-GW,Business email compromise,Low,Privilege Escalation,False Positive,No,r.islam,Morning
ALT-001189,2026-05-04 09:13:56,2026-05,EDR,Credential dumping tool,Medium,Impact,False Positive,No,r.islam,Morning
ALT-001186,2026-05-04 09:20:42,2026-05,SIEM,Audit log cleared,Medium,Defense Evasion,False Positive,No,n.akter,Morning
ALT-001203,2026-05-04 09:21:15,2026-05,SIEM,Brute-force logon burst,Low,Collection,False Positive,No,r.islam,Morning
ALT-001192,2026-05-04 09:32:09,2026-05,EDR,Unsigned driver load,Medium,Credential Access,True Positive,No,t.begum,Morning
ALT-001207,2026-05-04 09:43:55,2026-05,SIEM,Impossible travel,Medium,Discovery,True Positive,No,r.islam,Morning
ALT-001199,2026-05-04 10:02:51,2026-05,WAF,SQL injection attempt,High,Initial Access,False Positive,No,s.khatun,Morning
ALT-001198,2026-05-04 10:03:52,2026-05,SIEM,Brute-force logon burst,Medium,Persistence,True Positive,No,t.begum,Morning
ALT-001204,2026-05-04 10:33:03,2026-05,Email-GW,Spoofed internal sender,Medium,Execution,False Positive,No,m.hasan,Morning
ALT-001206,2026-05-04 11:12:35,2026-05,SIEM,Audit log cleared,High,Command and Control,False Positive,No,m.hasan,Morning
ALT-001190,2026-05-04 11:34:33,2026-05,EDR,Credential dumping tool,Medium,Discovery,False Positive,No,a.rahman,Morning
ALT-001187,2026-05-04 13:47:26,2026-05,CASB,Mass external share,Medium,Credential Access,True Positive,No,a.rahman,Morning
ALT-001197,2026-05-04 15:06:25,2026-05,Email-GW,Business email compromise,Critical,Persistence,Benign True Positive,No,r.islam,Evening
ALT-001193,2026-05-04 15:52:17,2026-05,Firewall,DNS tunneling pattern,High,Initial Access,False Positive,No,s.khatun,Evening
ALT-001188,2026-05-04 17:05:24,2026-05,SIEM,New privileged account,High,Lateral Movement,False Positive,No,s.khatun,Evening
ALT-001202,2026-05-04 17:55:29,2026-05,Firewall,Tor exit node traffic,Medium,Privilege Escalation,True Positive,No,s.khatun,Evening
ALT-001194,2026-05-04 18:47:24,2026-05,CASB,SaaS impossible travel,Low,Initial Access,False Positive,No,r.islam,Evening
ALT-001191,2026-05-04 21:31:42,2026-05,IDS,Cobalt Strike beacon,High,Privilege Escalation,Benign True Positive,No,t.begum,Evening
ALT-001196,2026-05-04 22:00:44,2026-05,Firewall,Outbound to known C2,Medium,Discovery,Benign True Positive,No,t.begum,Night
ALT-001195,2026-05-04 23:08:52,2026-05,EDR,LOLBin execution,Medium,Exfiltration,False Positive,No,m.hasan,Night
ALT-001208,2026-05-05 03:16:15,2026-05,EDR,Process hollowing,Low,Impact,False Positive,No,t.begum,Night
ALT-001234,2026-05-05 03:57:15,2026-05,WAF,SQL injection attempt,High,Privilege Escalation,False Positive,No,n.akter,Night
ALT-001217,2026-05-05 04:58:39,2026-05,WAF,Web shell upload,Low,Defense Evasion,True Positive,No,m.hasan,Night
ALT-001229,2026-05-05 05:29:49,2026-05,EDR,Unsigned driver load,Medium,Exfiltration,False Positive,No,m.hasan,Night
ALT-001212,2026-05-05 07:18:41,2026-05,EDR,Unsigned driver load,Low,Defense Evasion,Benign True Positive,No,r.islam,Morning
ALT-001218,2026-05-05 07:20:49,2026-05,Firewall,Geo-blocked destination,Low,Lateral Movement,Duplicate,No,m.hasan,Morning
ALT-001209,2026-05-05 07:43:53,2026-05,Email-GW,Spoofed internal sender,Low,Privilege Escalation,True Positive,No,t.begum,Morning
ALT-001232,2026-05-05 08:06:31,2026-05,SIEM,Impossible travel,High,Credential Access,True Positive,Yes,s.khatun,Morning
ALT-001210,2026-05-05 08:55:22,2026-05,SIEM,New privileged account,Medium,Impact,True Positive,No,a.rahman,Morning
ALT-001227,2026-05-05 08:59:15,2026-05,EDR,Suspicious PowerShell,Low,Exfiltration,False Positive,No,m.hasan,Morning
ALT-001235,2026-05-05 10:10:41,2026-05,EDR,LOLBin execution,Low,Initial Access,Duplicate,No,s.khatun,Morning
ALT-001238,2026-05-05 12:14:03,2026-05,EDR,Process hollowing,High,Credential Access,False Positive,No,r.islam,Morning
ALT-001220,2026-05-05 12:40:44,2026-05,Email-GW,Malicious attachment,Medium,Execution,False Positive,No,r.islam,Morning
ALT-001215,2026-05-05 12:47:07,2026-05,Email-GW,Business email compromise,Medium,Execution,False Positive,No,r.islam,Morning
ALT-001224,2026-05-05 13:11:32,2026-05,SIEM,Logon from disabled account,Low,Collection,False Positive,No,a.rahman,Morning
ALT-001236,2026-05-05 14:35:25,2026-05,SIEM,New privileged account,Low,Defense Evasion,Benign True Positive,No,r.islam,Evening
ALT-001223,2026-05-05 14:54:33,2026-05,SIEM,New privileged account,Low,Impact,False Positive,No,m.hasan,Evening
ALT-001231,2026-05-05 15:50:37,2026-05,EDR,Ransomware canary file,Low,Execution,True Positive,No,a.rahman,Evening
ALT-001230,2026-05-05 16:12:47,2026-05,SIEM,Logon from disabled account,Low,Discovery,False Positive,No,r.islam,Evening
ALT-001228,2026-05-05 16:18:20,2026-05,SIEM,Impossible travel,Low,Persistence,False Positive,No,s.khatun,Evening
ALT-001213,2026-05-05 16:33:16,2026-05,WAF,Path traversal,Low,Initial Access,True Positive,No,r.islam,Evening
ALT-001216,2026-05-05 16:39:49,2026-05,Email-GW,Business email compromise,Low,Privilege Escalation,Benign True Positive,No,r.islam,Evening
ALT-001214,2026-05-05 16:39:59,2026-05,SIEM,Audit log cleared,High,Privilege Escalation,Benign True Positive,No,m.hasan,Evening
ALT-001226,2026-05-05 17:03:02,2026-05,Firewall,Tor exit node traffic,Low,Execution,Benign True Positive,No,a.rahman,Evening
ALT-001222,2026-05-05 17:35:21,2026-05,SIEM,New privileged account,Low,Command and Control,True Positive,No,a.rahman,Evening
ALT-001221,2026-05-05 18:43:07,2026-05,IDS,Cobalt Strike beacon,High,Lateral Movement,False Positive,No,a.rahman,Evening
ALT-001225,2026-05-05 19:02:06,2026-05,Email-GW,Phishing URL,Low,Collection,False Positive,No,n.akter,Evening
ALT-001237,2026-05-05 19:14:46,2026-05,EDR,Credential dumping tool,Medium,Collection,True Positive,Yes,n.akter,Evening
ALT-001233,2026-05-05 19:33:13,2026-05,SIEM,Audit log cleared,Low,Initial Access,True Positive,No,t.begum,Evening
ALT-001211,2026-05-05 20:28:01,2026-05,SIEM,Brute-force logon burst,High,Initial Access,Benign True Positive,No,n.akter,Evening
ALT-001219,2026-05-05 21:34:16,2026-05,EDR,Ransomware canary file,Medium,Collection,True Positive,No,s.khatun,Evening
ALT-001250,2026-05-06 07:00:01,2026-05,IDS,Nmap scan,High,Lateral Movement,False Positive,No,r.islam,Morning
ALT-001251,2026-05-06 07:58:24,2026-05,SIEM,Impossible travel,Low,Lateral Movement,False Positive,No,s.khatun,Morning
ALT-001242,2026-05-06 08:03:00,2026-05,WAF,XSS attempt,Low,Collection,False Positive,No,r.islam,Morning
ALT-001252,2026-05-06 08:14:14,2026-05,SIEM,Audit log cleared,Medium,Execution,Benign True Positive,No,n.akter,Morning
ALT-001256,2026-05-06 08:22:11,2026-05,EDR,Suspicious PowerShell,Medium,Credential Access,True Positive,Yes,a.rahman,Morning
ALT-001248,2026-05-06 08:33:36,2026-05,IDS,Nmap scan,Medium,Persistence,False Positive,No,a.rahman,Morning
ALT-001245,2026-05-06 12:24:39,2026-05,Firewall,DNS tunneling pattern,Medium,Command and Control,False Positive,No,s.khatun,Morning
ALT-001243,2026-05-06 13:46:43,2026-05,EDR,Suspicious PowerShell,Low,Initial Access,False Positive,No,m.hasan,Morning
ALT-001249,2026-05-06 14:05:22,2026-05,SIEM,Mass file download,High,Privilege Escalation,False Positive,No,t.begum,Evening
ALT-001241,2026-05-06 15:00:14,2026-05,WAF,XSS attempt,Low,Execution,True Positive,No,t.begum,Evening
ALT-001240,2026-05-06 15:04:09,2026-05,SIEM,Logon from disabled account,Medium,Persistence,True Positive,Yes,t.begum,Evening
ALT-001253,2026-05-06 16:06:46,2026-05,EDR,Process hollowing,Low,Collection,False Positive,No,m.hasan,Evening
ALT-001247,2026-05-06 16:21:27,2026-05,EDR,Credential dumping tool,Medium,Initial Access,False Positive,No,n.akter,Evening
ALT-001246,2026-05-06 16:26:34,2026-05,EDR,Ransomware canary file,High,Exfiltration,False Positive,No,s.khatun,Evening
ALT-001254,2026-05-06 17:33:36,2026-05,IDS,Cobalt Strike beacon,High,Execution,Duplicate,No,t.begum,Evening
ALT-001255,2026-05-06 17:41:46,2026-05,SIEM,Mass file download,Low,Execution,False Positive,No,m.hasan,Evening
ALT-001244,2026-05-06 18:05:55,2026-05,Email-GW,Malicious attachment,Medium,Initial Access,True Positive,Yes,r.islam,Evening
ALT-001239,2026-05-06 19:45:11,2026-05,Email-GW,Spoofed internal sender,Medium,Privilege Escalation,Benign True Positive,No,s.khatun,Evening
ALT-001257,2026-05-06 20:15:51,2026-05,Email-GW,Spoofed internal sender,Medium,Initial Access,False Positive,No,s.khatun,Evening
ALT-001267,2026-05-07 06:45:37,2026-05,EDR,Process hollowing,High,Lateral Movement,False Positive,No,a.rahman,Morning
ALT-001271,2026-05-07 06:58:53,2026-05,Firewall,Tor exit node traffic,Medium,Exfiltration,Benign True Positive,No,a.rahman,Morning
ALT-001263,2026-05-07 08:25:21,2026-05,EDR,Unsigned driver load,Low,Command and Control,Benign True Positive,No,m.hasan,Morning
ALT-001260,2026-05-07 08:43:23,2026-05,IDS,SMB lateral movement,Medium,Exfiltration,False Positive,No,t.begum,Morning
ALT-001275,2026-05-07 09:23:50,2026-05,EDR,Credential dumping tool,Low,Credential Access,True Positive,No,a.rahman,Morning
ALT-001277,2026-05-07 09:27:14,2026-05,IDS,SMB lateral movement,Low,Collection,False Positive,No,m.hasan,Morning
ALT-001276,2026-05-07 09:52:23,2026-05,SIEM,New privileged account,Low,Persistence,False Positive,No,m.hasan,Morning
ALT-001261,2026-05-07 10:17:23,2026-05,EDR,Process hollowing,Low,Credential Access,True Positive,No,n.akter,Morning
ALT-001258,2026-05-07 10:17:57,2026-05,EDR,Ransomware canary file,Critical,Discovery,False Positive,No,r.islam,Morning
ALT-001273,2026-05-07 11:04:41,2026-05,Email-GW,Phishing URL,Medium,Discovery,True Positive,Yes,s.khatun,Morning
ALT-001259,2026-05-07 11:17:08,2026-05,EDR,Process hollowing,Medium,Impact,False Positive,No,m.hasan,Morning
ALT-001265,2026-05-07 11:31:13,2026-05,EDR,Unsigned driver load,High,Privilege Escalation,Duplicate,No,m.hasan,Morning
ALT-001270,2026-05-07 13:46:00,2026-05,EDR,LOLBin execution,High,Exfiltration,True Positive,Yes,r.islam,Morning
ALT-001262,2026-05-07 14:00:56,2026-05,SIEM,Logon from disabled account,Low,Credential Access,Benign True Positive,No,a.rahman,Evening
ALT-001266,2026-05-07 15:54:41,2026-05,EDR,Process hollowing,Medium,Lateral Movement,Duplicate,No,s.khatun,Evening
ALT-001269,2026-05-07 16:18:50,2026-05,WAF,Web shell upload,Medium,Credential Access,Benign True Positive,No,n.akter,Evening
ALT-001268,2026-05-07 16:35:05,2026-05,EDR,Unsigned driver load,High,Command and Control,True Positive,Yes,a.rahman,Evening
ALT-001278,2026-05-07 17:32:27,2026-05,SIEM,Logon from disabled account,Medium,Exfiltration,False Positive,No,a.rahman,Evening
ALT-001264,2026-05-07 17:39:39,2026-05,Firewall,Tor exit node traffic,High,Impact,True Positive,Yes,n.akter,Evening
ALT-001274,2026-05-07 18:27:32,2026-05,EDR,Suspicious PowerShell,High,Credential Access,False Positive,No,m.hasan,Evening
ALT-001279,2026-05-07 21:58:30,2026-05,Email-GW,Business email compromise,Medium,Discovery,False Positive,No,t.begum,Evening
ALT-001272,2026-05-07 22:34:10,2026-05,WAF,Path traversal,Low,Collection,False Positive,No,r.islam,Night
ALT-001290,2026-05-08 08:33:50,2026-05,WAF,Web shell upload,Low,Exfiltration,False Positive,No,n.akter,Morning
ALT-001292,2026-05-08 10:08:26,2026-05,SIEM,Impossible travel,High,Lateral Movement,False Positive,No,t.begum,Morning
ALT-001280,2026-05-08 12:28:00,2026-05,EDR,Process hollowing,Low,Exfiltration,True Positive,No,r.islam,Morning
ALT-001287,2026-05-08 13:31:28,2026-05,Firewall,DNS tunneling pattern,Medium,Credential Access,Duplicate,No,a.rahman,Morning
ALT-001285,2026-05-08 13:40:32,2026-05,EDR,Unsigned driver load,Low,Command and Control,Duplicate,No,t.begum,Morning
ALT-001283,2026-05-08 13:49:07,2026-05,SIEM,Brute-force logon burst,Low,Command and Control,Benign True Positive,No,s.khatun,Morning
ALT-001281,2026-05-08 14:26:19,2026-05,Email-GW,Business email compromise,Medium,Collection,True Positive,No,m.hasan,Evening
ALT-001288,2026-05-08 16:24:21,2026-05,EDR,Credential dumping tool,Medium,Execution,False Positive,No,t.begum,Evening
ALT-001282,2026-05-08 16:42:54,2026-05,EDR,Ransomware canary file,Low,Privilege Escalation,True Positive,No,n.akter,Evening
ALT-001286,2026-05-08 17:03:11,2026-05,EDR,Suspicious PowerShell,Low,Lateral Movement,False Positive,No,s.khatun,Evening
ALT-001289,2026-05-08 18:27:06,2026-05,SIEM,Audit log cleared,Low,Impact,True Positive,No,s.khatun,Evening
ALT-001284,2026-05-08 22:38:23,2026-05,EDR,Ransomware canary file,High,Execution,True Positive,Yes,t.begum,Night
ALT-001291,2026-05-08 23:09:58,2026-05,EDR,Suspicious PowerShell,Low,Credential Access,Benign True Positive,No,m.hasan,Night
ALT-001294,2026-05-09 05:27:02,2026-05,Firewall,Outbound to known C2,Low,Initial Access,False Positive,No,s.khatun,Night
ALT-001296,2026-05-09 09:07:39,2026-05,EDR,Process hollowing,Low,Persistence,False Positive,No,n.akter,Morning
ALT-001297,2026-05-09 09:44:41,2026-05,SIEM,Brute-force logon burst,Low,Execution,Benign True Positive,No,t.begum,Morning
ALT-001293,2026-05-09 10:21:58,2026-05,EDR,Credential dumping tool,Low,Initial Access,Benign True Positive,No,s.khatun,Morning
ALT-001299,2026-05-09 14:20:00,2026-05,SIEM,Logon from disabled account,Low,Command and Control,False Positive,No,t.begum,Evening
ALT-001295,2026-05-09 16:34:12,2026-05,CASB,SaaS impossible travel,Low,Lateral Movement,False Positive,No,s.khatun,Evening
ALT-001298,2026-05-09 16:54:03,2026-05,SIEM,Brute-force logon burst,High,Impact,Benign True Positive,No,r.islam,Evening
ALT-001302,2026-05-10 08:30:09,2026-05,SIEM,Impossible travel,Low,Command and Control,True Positive,No,n.akter,Morning
ALT-001303,2026-05-10 12:02:18,2026-05,Email-GW,Phishing URL,High,Lateral Movement,Benign True Positive,No,m.hasan,Morning
ALT-001305,2026-05-10 13:24:26,2026-05,SIEM,Brute-force logon burst,Critical,Initial Access,False Positive,No,n.akter,Morning
ALT-001304,2026-05-10 13:40:17,2026-05,IDS,Nmap scan,Medium,Privilege Escalation,Benign True Positive,No,s.khatun,Morning
ALT-001300,2026-05-10 14:08:48,2026-05,SIEM,Impossible travel,High,Credential Access,False Positive,No,m.hasan,Evening
ALT-001306,2026-05-10 14:24:45,2026-05,SIEM,Audit log cleared,Low,Credential Access,True Positive,No,s.khatun,Evening
ALT-001301,2026-05-10 21:39:18,2026-05,SIEM,Brute-force logon burst,High,Persistence,False Positive,No,s.khatun,Evening
ALT-001332,2026-05-11 00:10:36,2026-05,IDS,Nmap scan,Low,Lateral Movement,Benign True Positive,No,m.hasan,Night
ALT-001314,2026-05-11 07:25:40,2026-05,IDS,Cobalt Strike beacon,Low,Exfiltration,False Positive,No,t.begum,Morning
ALT-001311,2026-05-11 07:40:11,2026-05,EDR,Process hollowing,Medium,Credential Access,False Positive,No,r.islam,Morning
ALT-001323,2026-05-11 08:35:44,2026-05,SIEM,Brute-force logon burst,Low,Lateral Movement,True Positive,No,a.rahman,Morning
ALT-001328,2026-05-11 08:50:09,2026-05,SIEM,Brute-force logon burst,Low,Privilege Escalation,True Positive,No,m.hasan,Morning
ALT-001318,2026-05-11 09:40:51,2026-05,EDR,Credential dumping tool,Low,Credential Access,True Positive,No,a.rahman,Morning
ALT-001317,2026-05-11 09:57:15,2026-05,SIEM,Brute-force logon burst,Low,Initial Access,False Positive,No,s.khatun,Morning
ALT-001324,2026-05-11 10:55:17,2026-05,Email-GW,Business email compromise,Low,Initial Access,Duplicate,No,s.khatun,Morning
ALT-001321,2026-05-11 11:35:48,2026-05,IDS,Cobalt Strike beacon,High,Impact,True Positive,Yes,s.khatun,Morning
ALT-001319,2026-05-11 11:44:34,2026-05,SIEM,Mass file download,Medium,Persistence,False Positive,No,r.islam,Morning
ALT-001333,2026-05-11 12:17:46,2026-05,CASB,SaaS impossible travel,Medium,Privilege Escalation,Duplicate,No,a.rahman,Morning
ALT-001322,2026-05-11 12:20:16,2026-05,CASB,Mass external share,Low,Collection,True Positive,No,m.hasan,Morning
ALT-001309,2026-05-11 13:01:31,2026-05,EDR,Unsigned driver load,Low,Defense Evasion,False Positive,No,r.islam,Morning
ALT-001330,2026-05-11 13:24:12,2026-05,EDR,Unsigned driver load,Low,Collection,True Positive,No,a.rahman,Morning
ALT-001316,2026-05-11 13:51:31,2026-05,WAF,XSS attempt,Low,Privilege Escalation,False Positive,No,n.akter,Morning
ALT-001315,2026-05-11 14:19:25,2026-05,EDR,Ransomware canary file,Low,Credential Access,True Positive,No,s.khatun,Evening
ALT-001331,2026-05-11 14:25:10,2026-05,SIEM,New privileged account,Low,Persistence,True Positive,No,m.hasan,Evening
ALT-001310,2026-05-11 14:46:49,2026-05,SIEM,New privileged account,Medium,Execution,True Positive,No,s.khatun,Evening
ALT-001327,2026-05-11 15:04:52,2026-05,EDR,Credential dumping tool,Medium,Execution,Benign True Positive,No,r.islam,Evening
ALT-001325,2026-05-11 16:03:09,2026-05,EDR,Unsigned driver load,Medium,Defense Evasion,False Positive,No,a.rahman,Evening
ALT-001329,2026-05-11 16:59:38,2026-05,EDR,Suspicious PowerShell,High,Discovery,False Positive,No,s.khatun,Evening
ALT-001313,2026-05-11 19:52:34,2026-05,SIEM,New privileged account,High,Discovery,False Positive,No,t.begum,Evening
ALT-001308,2026-05-11 21:07:06,2026-05,EDR,Suspicious PowerShell,Low,Persistence,False Positive,No,s.khatun,Evening
ALT-001326,2026-05-11 22:19:47,2026-05,Firewall,Outbound to known C2,Low,Discovery,False Positive,No,t.begum,Night
ALT-001320,2026-05-11 22:32:02,2026-05,SIEM,Impossible travel,Low,Defense Evasion,True Positive,No,m.hasan,Night
ALT-001312,2026-05-11 22:35:37,2026-05,Email-GW,Business email compromise,High,Command and Control,False Positive,No,s.khatun,Night
ALT-001307,2026-05-11 22:44:28,2026-05,SIEM,Logon from disabled account,Low,Lateral Movement,True Positive,No,n.akter,Night
ALT-001349,2026-05-12 06:59:01,2026-05,IDS,EternalBlue exploit,Low,Discovery,Duplicate,No,t.begum,Morning
ALT-001335,2026-05-12 08:09:43,2026-05,IDS,EternalBlue exploit,Medium,Command and Control,True Positive,Yes,a.rahman,Morning
ALT-001345,2026-05-12 08:18:58,2026-05,EDR,Unsigned driver load,Low,Exfiltration,False Positive,No,a.rahman,Morning
ALT-001342,2026-05-12 10:54:36,2026-05,EDR,Suspicious PowerShell,Medium,Execution,False Positive,No,s.khatun,Morning
ALT-001340,2026-05-12 11:41:10,2026-05,SIEM,Logon from disabled account,Medium,Privilege Escalation,False Positive,No,r.islam,Morning
ALT-001343,2026-05-12 11:42:34,2026-05,SIEM,Impossible travel,High,Privilege Escalation,False Positive,No,a.rahman,Morning
ALT-001337,2026-05-12 12:00:00,2026-05,Firewall,Inbound port scan,Low,Discovery,Benign True Positive,No,t.begum,Morning
ALT-001338,2026-05-12 12:19:38,2026-05,SIEM,Mass file download,Low,Defense Evasion,Benign True Positive,No,m.hasan,Morning
ALT-001351,2026-05-12 14:06:18,2026-05,WAF,Path traversal,Medium,Persistence,True Positive,No,s.khatun,Evening
ALT-001341,2026-05-12 14:11:26,2026-05,SIEM,Brute-force logon burst,High,Exfiltration,True Positive,No,s.khatun,Evening
ALT-001346,2026-05-12 14:18:01,2026-05,SIEM,Logon from disabled account,Low,Privilege Escalation,False Positive,No,r.islam,Evening
ALT-001350,2026-05-12 14:23:10,2026-05,Firewall,DNS tunneling pattern,Medium,Discovery,False Positive,No,n.akter,Evening
ALT-001339,2026-05-12 14:55:00,2026-05,EDR,LOLBin execution,High,Privilege Escalation,True Positive,Yes,t.begum,Evening
ALT-001336,2026-05-12 14:57:39,2026-05,Email-GW,Malicious attachment,Medium,Lateral Movement,False Positive,No,r.islam,Evening
ALT-001344,2026-05-12 15:30:21,2026-05,SIEM,Brute-force logon burst,Low,Persistence,False Positive,No,a.rahman,Evening
ALT-001347,2026-05-12 16:35:56,2026-05,SIEM,New privileged account,Low,Credential Access,Benign True Positive,No,s.khatun,Evening
ALT-001352,2026-05-12 16:48:06,2026-05,WAF,Web shell upload,Low,Discovery,Benign True Positive,No,s.khatun,Evening
ALT-001348,2026-05-12 16:59:58,2026-05,SIEM,Audit log cleared,Medium,Collection,True Positive,No,m.hasan,Evening
ALT-001334,2026-05-12 21:57:38,2026-05,Firewall,Outbound to known C2,Low,Collection,Duplicate,No,n.akter,Evening
ALT-001369,2026-05-13 05:20:54,2026-05,SIEM,Logon from disabled account,Medium,Privilege Escalation,True Positive,Yes,t.begum,Night
ALT-001359,2026-05-13 06:12:12,2026-05,IDS,SMB lateral movement,High,Exfiltration,True Positive,No,n.akter,Morning
ALT-001354,2026-05-13 06:32:08,2026-05,Email-GW,Business email compromise,Medium,Impact,True Positive,No,n.akter,Morning
ALT-001368,2026-05-13 07:20:35,2026-05,Firewall,Geo-blocked destination,Medium,Impact,False Positive,No,m.hasan,Morning
ALT-001372,2026-05-13 07:47:29,2026-05,EDR,LOLBin execution,Low,Credential Access,True Positive,No,s.khatun,Morning
ALT-001374,2026-05-13 08:28:00,2026-05,SIEM,Impossible travel,Critical,Privilege Escalation,False Positive,No,n.akter,Morning
ALT-001355,2026-05-13 08:29:43,2026-05,SIEM,Impossible travel,Low,Credential Access,True Positive,No,t.begum,Morning
ALT-001353,2026-05-13 08:30:55,2026-05,SIEM,Logon from disabled account,Medium,Execution,False Positive,No,a.rahman,Morning
ALT-001367,2026-05-13 08:41:14,2026-05,SIEM,Impossible travel,Medium,Execution,False Positive,No,a.rahman,Morning
ALT-001356,2026-05-13 10:02:37,2026-05,EDR,Process hollowing,Low,Privilege Escalation,False Positive,No,a.rahman,Morning
ALT-001373,2026-05-13 10:52:50,2026-05,EDR,Ransomware canary file,Low,Exfiltration,False Positive,No,s.khatun,Morning
ALT-001357,2026-05-13 13:11:37,2026-05,Email-GW,Phishing URL,Medium,Execution,False Positive,No,t.begum,Morning
ALT-001375,2026-05-13 13:28:29,2026-05,IDS,SMB lateral movement,Low,Collection,True Positive,No,m.hasan,Morning
ALT-001366,2026-05-13 13:47:09,2026-05,EDR,Unsigned driver load,Low,Lateral Movement,True Positive,No,s.khatun,Morning
ALT-001365,2026-05-13 14:03:04,2026-05,WAF,Path traversal,Medium,Lateral Movement,False Positive,No,n.akter,Evening
ALT-001362,2026-05-13 15:15:50,2026-05,EDR,Credential dumping tool,Critical,Defense Evasion,False Positive,No,r.islam,Evening
ALT-001360,2026-05-13 15:16:35,2026-05,IDS,EternalBlue exploit,High,Execution,Duplicate,No,s.khatun,Evening
ALT-001364,2026-05-13 15:22:22,2026-05,CASB,SaaS impossible travel,Medium,Impact,False Positive,No,t.begum,Evening
ALT-001371,2026-05-13 15:40:02,2026-05,Firewall,DNS tunneling pattern,Low,Command and Control,False Positive,No,m.hasan,Evening
ALT-001358,2026-05-13 16:42:06,2026-05,Email-GW,Malicious attachment,Low,Exfiltration,False Positive,No,s.khatun,Evening
ALT-001363,2026-05-13 16:48:46,2026-05,SIEM,Logon from disabled account,Medium,Command and Control,Benign True Positive,No,t.begum,Evening
ALT-001370,2026-05-13 19:01:24,2026-05,Firewall,Geo-blocked destination,Low,Privilege Escalation,False Positive,No,r.islam,Evening
ALT-001361,2026-05-13 22:13:22,2026-05,SIEM,Logon from disabled account,Low,Defense Evasion,True Positive,No,r.islam,Night
ALT-001395,2026-05-14 04:16:43,2026-05,Firewall,Tor exit node traffic,Low,Credential Access,False Positive,No,s.khatun,Night
ALT-001394,2026-05-14 07:58:55,2026-05,Email-GW,Spoofed internal sender,Medium,Execution,False Positive,No,r.islam,Morning
ALT-001376,2026-05-14 08:22:21,2026-05,WAF,SQL injection attempt,Low,Discovery,False Positive,No,n.akter,Morning
ALT-001389,2026-05-14 09:12:08,2026-05,Email-GW,Business email compromise,Low,Defense Evasion,False Positive,No,s.khatun,Morning
ALT-001393,2026-05-14 09:13:15,2026-05,SIEM,Audit log cleared,Medium,Command and Control,Benign True Positive,No,n.akter,Morning
ALT-001382,2026-05-14 09:42:38,2026-05,EDR,Process hollowing,Low,Lateral Movement,False Positive,No,a.rahman,Morning
ALT-001378,2026-05-14 09:56:36,2026-05,EDR,LOLBin execution,High,Privilege Escalation,Duplicate,No,r.islam,Morning
ALT-001383,2026-05-14 10:41:03,2026-05,Email-GW,Phishing URL,Medium,Collection,False Positive,No,a.rahman,Morning
ALT-001379,2026-05-14 11:48:05,2026-05,EDR,Unsigned driver load,Low,Lateral Movement,False Positive,No,m.hasan,Morning
ALT-001386,2026-05-14 12:55:46,2026-05,Email-GW,Malicious attachment,Critical,Persistence,False Positive,No,s.khatun,Morning
ALT-001381,2026-05-14 13:24:44,2026-05,Email-GW,Business email compromise,Medium,Persistence,False Positive,No,m.hasan,Morning
ALT-001385,2026-05-14 13:34:23,2026-05,IDS,Nmap scan,High,Persistence,False Positive,No,m.hasan,Morning
ALT-001380,2026-05-14 14:41:33,2026-05,SIEM,Audit log cleared,Medium,Execution,True Positive,Yes,a.rahman,Evening
ALT-001377,2026-05-14 15:49:13,2026-05,Email-GW,Phishing URL,High,Collection,False Positive,No,n.akter,Evening
ALT-001390,2026-05-14 16:00:03,2026-05,WAF,Web shell upload,Medium,Command and Control,False Positive,No,t.begum,Evening
ALT-001387,2026-05-14 16:23:39,2026-05,EDR,Unsigned driver load,Low,Impact,False Positive,No,m.hasan,Evening
ALT-001391,2026-05-14 17:40:14,2026-05,WAF,XSS attempt,Low,Command and Control,False Positive,No,s.khatun,Evening
ALT-001388,2026-05-14 17:49:44,2026-05,SIEM,Impossible travel,High,Impact,True Positive,No,n.akter,Evening
ALT-001392,2026-05-14 18:41:42,2026-05,Firewall,Geo-blocked destination,Medium,Command and Control,True Positive,No,s.khatun,Evening
ALT-001384,2026-05-14 21:49:59,2026-05,SIEM,Logon from disabled account,Low,Execution,True Positive,No,n.akter,Evening
ALT-001408,2026-05-15 02:21:25,2026-05,IDS,SMB lateral movement,Low,Persistence,False Positive,No,a.rahman,Night
ALT-001413,2026-05-15 05:27:01,2026-05,IDS,Nmap scan,Medium,Command and Control,True Positive,No,r.islam,Night
ALT-001399,2026-05-15 08:10:01,2026-05,Email-GW,Business email compromise,Low,Privilege Escalation,True Positive,No,a.rahman,Morning
ALT-001406,2026-05-15 08:23:46,2026-05,EDR,Ransomware canary file,Medium,Exfiltration,False Positive,No,t.begum,Morning
ALT-001410,2026-05-15 09:47:10,2026-05,SIEM,Mass file download,Low,Impact,False Positive,No,r.islam,Morning
ALT-001407,2026-05-15 10:27:39,2026-05,Firewall,Geo-blocked destination,Critical,Lateral Movement,True Positive,Yes,n.akter,Morning
ALT-001401,2026-05-15 10:55:48,2026-05,Firewall,Outbound to known C2,Low,Initial Access,False Positive,No,r.islam,Morning
ALT-001396,2026-05-15 11:03:28,2026-05,Email-GW,Spoofed internal sender,High,Defense Evasion,False Positive,No,s.khatun,Morning
ALT-001403,2026-05-15 12:32:00,2026-05,Email-GW,Spoofed internal sender,Low,Defense Evasion,True Positive,No,r.islam,Morning
ALT-001397,2026-05-15 13:21:14,2026-05,SIEM,Mass file download,Low,Collection,True Positive,Yes,r.islam,Morning
ALT-001411,2026-05-15 13:25:07,2026-05,SIEM,Mass file download,Low,Credential Access,False Positive,No,s.khatun,Morning
ALT-001402,2026-05-15 14:20:55,2026-05,EDR,LOLBin execution,Medium,Discovery,Benign True Positive,No,r.islam,Evening
ALT-001398,2026-05-15 14:36:38,2026-05,Firewall,Tor exit node traffic,Medium,Lateral Movement,True Positive,Yes,a.rahman,Evening
ALT-001400,2026-05-15 15:15:26,2026-05,EDR,Credential dumping tool,Medium,Initial Access,Benign True Positive,No,n.akter,Evening
ALT-001405,2026-05-15 15:40:28,2026-05,SIEM,Logon from disabled account,High,Impact,False Positive,No,a.rahman,Evening
ALT-001412,2026-05-15 15:45:54,2026-05,WAF,XSS attempt,Low,Persistence,Benign True Positive,No,n.akter,Evening
ALT-001409,2026-05-15 16:20:15,2026-05,WAF,XSS attempt,Low,Initial Access,False Positive,No,m.hasan,Evening
ALT-001404,2026-05-15 17:20:56,2026-05,IDS,Nmap scan,Critical,Initial Access,True Positive,No,a.rahman,Evening
ALT-001417,2026-05-16 07:54:05,2026-05,Email-GW,Spoofed internal sender,Medium,Exfiltration,False Positive,No,r.islam,Morning
ALT-001416,2026-05-16 13:42:46,2026-05,SIEM,Brute-force logon burst,High,Defense Evasion,Benign True Positive,No,n.akter,Morning
ALT-001415,2026-05-16 14:09:29,2026-05,WAF,Web shell upload,Low,Lateral Movement,True Positive,No,t.begum,Evening
ALT-001418,2026-05-16 15:49:20,2026-05,WAF,SQL injection attempt,High,Defense Evasion,True Positive,Yes,n.akter,Evening
ALT-001419,2026-05-16 16:05:38,2026-05,WAF,XSS attempt,High,Discovery,False Positive,No,a.rahman,Evening
ALT-001414,2026-05-16 16:14:42,2026-05,Email-GW,Malicious attachment,Medium,Initial Access,True Positive,Yes,m.hasan,Evening
ALT-001425,2026-05-17 08:10:56,2026-05,EDR,Credential dumping tool,Low,Command and Control,False Positive,No,m.hasan,Morning
ALT-001423,2026-05-17 09:56:10,2026-05,Firewall,DNS tunneling pattern,Low,Discovery,Duplicate,No,r.islam,Morning
ALT-001422,2026-05-17 13:56:14,2026-05,IDS,EternalBlue exploit,High,Initial Access,False Positive,No,a.rahman,Morning
ALT-001424,2026-05-17 14:40:46,2026-05,IDS,Cobalt Strike beacon,Medium,Lateral Movement,Benign True Positive,No,r.islam,Evening
ALT-001420,2026-05-17 15:41:15,2026-05,SIEM,Mass file download,Low,Exfiltration,Benign True Positive,No,n.akter,Evening
ALT-001421,2026-05-17 16:25:20,2026-05,IDS,Nmap scan,Medium,Privilege Escalation,Benign True Positive,No,a.rahman,Evening
ALT-001426,2026-05-17 17:27:19,2026-05,EDR,Suspicious PowerShell,Medium,Initial Access,False Positive,No,n.akter,Evening
ALT-001428,2026-05-18 01:59:48,2026-05,SIEM,Brute-force logon burst,Medium,Initial Access,False Positive,No,m.hasan,Night
ALT-001444,2026-05-18 02:52:53,2026-05,EDR,LOLBin execution,Low,Privilege Escalation,Benign True Positive,No,m.hasan,Night
ALT-001447,2026-05-18 04:54:52,2026-05,Email-GW,Business email compromise,Low,Lateral Movement,False Positive,No,r.islam,Night
ALT-001430,2026-05-18 06:05:23,2026-05,IDS,SMB lateral movement,Low,Lateral Movement,False Positive,No,r.islam,Morning
ALT-001439,2026-05-18 07:46:35,2026-05,SIEM,Audit log cleared,High,Impact,Benign True Positive,No,s.khatun,Morning
ALT-001438,2026-05-18 08:14:14,2026-05,EDR,LOLBin execution,Low,Persistence,False Positive,No,m.hasan,Morning
ALT-001443,2026-05-18 08:31:12,2026-05,EDR,Credential dumping tool,Low,Execution,False Positive,No,s.khatun,Morning
ALT-001434,2026-05-18 08:46:48,2026-05,Firewall,Geo-blocked destination,Medium,Credential Access,True Positive,No,n.akter,Morning
ALT-001435,2026-05-18 09:31:07,2026-05,Firewall,DNS tunneling pattern,Medium,Execution,True Positive,No,a.rahman,Morning
ALT-001432,2026-05-18 10:11:31,2026-05,IDS,SMB lateral movement,Medium,Collection,False Positive,No,a.rahman,Morning
ALT-001442,2026-05-18 10:19:03,2026-05,SIEM,Brute-force logon burst,Medium,Exfiltration,True Positive,No,r.islam,Morning
ALT-001441,2026-05-18 10:29:27,2026-05,EDR,Ransomware canary file,Medium,Lateral Movement,True Positive,No,a.rahman,Morning
ALT-001449,2026-05-18 10:34:10,2026-05,SIEM,Audit log cleared,Low,Initial Access,False Positive,No,r.islam,Morning
ALT-001440,2026-05-18 10:47:00,2026-05,EDR,Suspicious PowerShell,Medium,Initial Access,Benign True Positive,No,s.khatun,Morning
ALT-001431,2026-05-18 12:28:18,2026-05,EDR,Ransomware canary file,Low,Lateral Movement,Benign True Positive,No,n.akter,Morning
ALT-001446,2026-05-18 13:12:57,2026-05,SIEM,Impossible travel,High,Collection,True Positive,Yes,s.khatun,Morning
ALT-001436,2026-05-18 14:15:31,2026-05,SIEM,New privileged account,Low,Credential Access,False Positive,No,a.rahman,Evening
ALT-001427,2026-05-18 14:23:06,2026-05,SIEM,Audit log cleared,Low,Discovery,False Positive,No,t.begum,Evening
ALT-001433,2026-05-18 15:32:31,2026-05,Firewall,Outbound to known C2,Low,Exfiltration,False Positive,No,t.begum,Evening
ALT-001448,2026-05-18 15:47:13,2026-05,Firewall,DNS tunneling pattern,Low,Collection,Duplicate,No,r.islam,Evening
ALT-001437,2026-05-18 19:05:10,2026-05,Email-GW,Phishing URL,Low,Execution,True Positive,No,n.akter,Evening
ALT-001429,2026-05-18 19:14:38,2026-05,EDR,Credential dumping tool,Low,Privilege Escalation,Benign True Positive,No,s.khatun,Evening
ALT-001445,2026-05-18 23:14:38,2026-05,EDR,Unsigned driver load,Medium,Defense Evasion,False Positive,No,s.khatun,Night
ALT-001453,2026-05-19 02:15:10,2026-05,IDS,SMB lateral movement,Medium,Defense Evasion,False Positive,No,m.hasan,Night
ALT-001471,2026-05-19 02:51:57,2026-05,SIEM,Impossible travel,High,Collection,Benign True Positive,No,r.islam,Night
ALT-001468,2026-05-19 06:23:52,2026-05,EDR,Suspicious PowerShell,Low,Command and Control,Duplicate,No,t.begum,Morning
ALT-001457,2026-05-19 07:33:10,2026-05,EDR,Unsigned driver load,Low,Credential Access,False Positive,No,r.islam,Morning
ALT-001450,2026-05-19 07:33:38,2026-05,SIEM,Audit log cleared,Medium,Command and Control,Benign True Positive,No,r.islam,Morning
ALT-001462,2026-05-19 08:18:15,2026-05,SIEM,Logon from disabled account,Medium,Defense Evasion,False Positive,No,s.khatun,Morning
ALT-001460,2026-05-19 08:32:27,2026-05,Email-GW,Malicious attachment,Medium,Persistence,Benign True Positive,No,t.begum,Morning
ALT-001454,2026-05-19 09:00:36,2026-05,SIEM,Brute-force logon burst,Low,Execution,False Positive,No,a.rahman,Morning
ALT-001466,2026-05-19 09:08:23,2026-05,Email-GW,Phishing URL,High,Initial Access,False Positive,No,a.rahman,Morning
ALT-001474,2026-05-19 09:52:05,2026-05,Email-GW,Spoofed internal sender,Low,Defense Evasion,False Positive,No,a.rahman,Morning
ALT-001455,2026-05-19 09:55:18,2026-05,EDR,Suspicious PowerShell,Low,Privilege Escalation,Benign True Positive,No,m.hasan,Morning
ALT-001470,2026-05-19 10:07:33,2026-05,IDS,EternalBlue exploit,Medium,Initial Access,False Positive,No,a.rahman,Morning
ALT-001467,2026-05-19 10:57:32,2026-05,SIEM,Audit log cleared,High,Impact,Duplicate,No,m.hasan,Morning
ALT-001472,2026-05-19 12:03:50,2026-05,WAF,Path traversal,Medium,Persistence,Duplicate,No,t.begum,Morning
ALT-001473,2026-05-19 12:23:48,2026-05,EDR,Ransomware canary file,Medium,Defense Evasion,False Positive,No,n.akter,Morning
ALT-001459,2026-05-19 15:20:36,2026-05,SIEM,New privileged account,High,Exfiltration,False Positive,No,a.rahman,Evening
ALT-001452,2026-05-19 15:38:36,2026-05,SIEM,Impossible travel,Low,Discovery,False Positive,No,t.begum,Evening
ALT-001464,2026-05-19 15:54:04,2026-05,Firewall,Geo-blocked destination,High,Privilege Escalation,Benign True Positive,No,m.hasan,Evening
ALT-001469,2026-05-19 16:39:12,2026-05,EDR,Ransomware canary file,High,Command and Control,False Positive,No,n.akter,Evening
ALT-001458,2026-05-19 16:42:19,2026-05,IDS,Cobalt Strike beacon,Low,Persistence,False Positive,No,s.khatun,Evening
ALT-001456,2026-05-19 16:55:22,2026-05,SIEM,Audit log cleared,High,Defense Evasion,True Positive,Yes,s.khatun,Evening
ALT-001463,2026-05-19 17:27:18,2026-05,WAF,XSS attempt,Medium,Lateral Movement,Benign True Positive,No,m.hasan,Evening
ALT-001451,2026-05-19 18:01:41,2026-05,EDR,Unsigned driver load,Critical,Execution,False Positive,No,t.begum,Evening
ALT-001461,2026-05-19 19:18:21,2026-05,SIEM,Brute-force logon burst,Medium,Persistence,False Positive,No,t.begum,Evening
ALT-001465,2026-05-19 22:00:53,2026-05,SIEM,Brute-force logon burst,Medium,Collection,Duplicate,No,a.rahman,Night
ALT-001482,2026-05-20 06:34:04,2026-05,SIEM,Audit log cleared,Medium,Exfiltration,True Positive,No,t.begum,Morning
ALT-001494,2026-05-20 07:54:48,2026-05,CASB,OAuth grant to risky app,Low,Privilege Escalation,False Positive,No,s.khatun,Morning
ALT-001493,2026-05-20 07:59:01,2026-05,IDS,SMB lateral movement,Low,Collection,False Positive,No,r.islam,Morning
ALT-001485,2026-05-20 08:02:30,2026-05,EDR,Process hollowing,High,Initial Access,True Positive,Yes,n.akter,Morning
ALT-001479,2026-05-20 08:14:56,2026-05,SIEM,Logon from disabled account,High,Discovery,Duplicate,No,s.khatun,Morning
ALT-001484,2026-05-20 08:24:08,2026-05,SIEM,Impossible travel,High,Exfiltration,False Positive,No,n.akter,Morning
ALT-001475,2026-05-20 09:01:27,2026-05,WAF,Path traversal,Low,Impact,False Positive,No,a.rahman,Morning
ALT-001491,2026-05-20 09:51:54,2026-05,Firewall,DNS tunneling pattern,Medium,Discovery,True Positive,No,t.begum,Morning
ALT-001495,2026-05-20 10:17:03,2026-05,Email-GW,Phishing URL,Medium,Persistence,Duplicate,No,m.hasan,Morning
ALT-001492,2026-05-20 10:23:05,2026-05,WAF,XSS attempt,High,Exfiltration,False Positive,No,a.rahman,Morning
ALT-001477,2026-05-20 10:51:36,2026-05,SIEM,Logon from disabled account,Medium,Discovery,Duplicate,No,a.rahman,Morning
ALT-001478,2026-05-20 12:50:46,2026-05,WAF,XSS attempt,Low,Execution,True Positive,No,t.begum,Morning
ALT-001487,2026-05-20 13:27:14,2026-05,WAF,XSS attempt,High,Credential Access,False Positive,No,n.akter,Morning
ALT-001489,2026-05-20 14:40:55,2026-05,SIEM,Audit log cleared,Low,Discovery,True Positive,No,n.akter,Evening
ALT-001483,2026-05-20 15:04:18,2026-05,SIEM,New privileged account,Medium,Execution,Benign True Positive,No,n.akter,Evening
ALT-001476,2026-05-20 16:49:30,2026-05,EDR,Suspicious PowerShell,Low,Privilege Escalation,True Positive,No,a.rahman,Evening
ALT-001481,2026-05-20 17:19:57,2026-05,IDS,SMB lateral movement,Low,Credential Access,True Positive,No,r.islam,Evening
ALT-001480,2026-05-20 21:02:58,2026-05,WAF,SQL injection attempt,Medium,Lateral Movement,False Positive,No,r.islam,Evening
ALT-001490,2026-05-20 21:14:13,2026-05,SIEM,Mass file download,Low,Command and Control,True Positive,No,n.akter,Evening
ALT-001488,2026-05-20 21:20:48,2026-05,SIEM,Audit log cleared,Low,Impact,Benign True Positive,No,r.islam,Evening
ALT-001486,2026-05-20 22:35:52,2026-05,CASB,SaaS impossible travel,Medium,Collection,False Positive,No,m.hasan,Night
ALT-001505,2026-05-21 06:44:17,2026-05,Firewall,Inbound port scan,Low,Persistence,False Positive,No,a.rahman,Morning
ALT-001511,2026-05-21 06:51:34,2026-05,Email-GW,Malicious attachment,Low,Initial Access,False Positive,No,m.hasan,Morning
ALT-001509,2026-05-21 07:55:45,2026-05,Firewall,Geo-blocked destination,High,Impact,True Positive,No,s.khatun,Morning
ALT-001507,2026-05-21 08:28:32,2026-05,WAF,XSS attempt,Medium,Command and Control,True Positive,No,s.khatun,Morning
ALT-001503,2026-05-21 08:59:13,2026-05,EDR,Process hollowing,Low,Impact,True Positive,No,n.akter,Morning
ALT-001510,2026-05-21 09:33:40,2026-05,Firewall,DNS tunneling pattern,Medium,Privilege Escalation,True Positive,No,a.rahman,Morning
ALT-001508,2026-05-21 09:36:57,2026-05,SIEM,Logon from disabled account,Medium,Lateral Movement,Benign True Positive,No,s.khatun,Morning
ALT-001499,2026-05-21 09:42:02,2026-05,SIEM,New privileged account,High,Defense Evasion,False Positive,No,s.khatun,Morning
ALT-001516,2026-05-21 09:52:21,2026-05,SIEM,Impossible travel,High,Execution,False Positive,No,n.akter,Morning
ALT-001500,2026-05-21 11:01:03,2026-05,Firewall,Geo-blocked destination,Low,Discovery,Benign True Positive,No,r.islam,Morning
ALT-001514,2026-05-21 11:28:03,2026-05,SIEM,Mass file download,Medium,Credential Access,False Positive,No,a.rahman,Morning
ALT-001498,2026-05-21 12:05:15,2026-05,SIEM,Audit log cleared,Low,Credential Access,True Positive,No,a.rahman,Morning
ALT-001506,2026-05-21 13:09:25,2026-05,EDR,Credential dumping tool,Low,Lateral Movement,False Positive,No,n.akter,Morning
ALT-001515,2026-05-21 13:27:51,2026-05,SIEM,Impossible travel,Low,Exfiltration,False Positive,No,r.islam,Morning
ALT-001497,2026-05-21 14:12:20,2026-05,SIEM,Mass file download,Critical,Initial Access,True Positive,Yes,n.akter,Evening
ALT-001502,2026-05-21 14:55:51,2026-05,IDS,SMB lateral movement,Low,Impact,False Positive,No,a.rahman,Evening
ALT-001512,2026-05-21 14:58:24,2026-05,Firewall,Outbound to known C2,Low,Impact,False Positive,No,a.rahman,Evening
ALT-001496,2026-05-21 15:13:03,2026-05,Firewall,Geo-blocked destination,Medium,Credential Access,False Positive,No,m.hasan,Evening
ALT-001501,2026-05-21 16:01:28,2026-05,CASB,Mass external share,High,Privilege Escalation,Duplicate,No,s.khatun,Evening
ALT-001504,2026-05-21 19:02:07,2026-05,EDR,Credential dumping tool,Low,Privilege Escalation,False Positive,No,n.akter,Evening
ALT-001513,2026-05-21 21:43:52,2026-05,SIEM,Logon from disabled account,Low,Exfiltration,False Positive,No,s.khatun,Evening
ALT-001530,2026-05-22 00:27:23,2026-05,SIEM,New privileged account,Low,Command and Control,True Positive,No,n.akter,Night
ALT-001538,2026-05-22 06:16:49,2026-05,Email-GW,Business email compromise,Medium,Credential Access,False Positive,No,n.akter,Morning
ALT-001518,2026-05-22 08:33:20,2026-05,EDR,LOLBin execution,Low,Persistence,False Positive,No,t.begum,Morning
ALT-001524,2026-05-22 10:15:08,2026-05,EDR,LOLBin execution,Medium,Impact,False Positive,No,m.hasan,Morning
ALT-001519,2026-05-22 10:32:32,2026-05,Email-GW,Phishing URL,Medium,Privilege Escalation,False Positive,No,m.hasan,Morning
ALT-001539,2026-05-22 10:41:40,2026-05,SIEM,Mass file download,Low,Lateral Movement,True Positive,No,n.akter,Morning
ALT-001517,2026-05-22 11:33:12,2026-05,WAF,XSS attempt,Medium,Exfiltration,True Positive,No,m.hasan,Morning
ALT-001529,2026-05-22 11:51:55,2026-05,EDR,Unsigned driver load,Low,Defense Evasion,False Positive,No,n.akter,Morning
ALT-001525,2026-05-22 12:05:00,2026-05,SIEM,New privileged account,Low,Impact,False Positive,No,r.islam,Morning
ALT-001533,2026-05-22 12:43:33,2026-05,EDR,Credential dumping tool,Low,Discovery,False Positive,No,s.khatun,Morning
ALT-001537,2026-05-22 13:02:30,2026-05,IDS,Cobalt Strike beacon,Medium,Privilege Escalation,False Positive,No,m.hasan,Morning
ALT-001531,2026-05-22 13:03:32,2026-05,Firewall,DNS tunneling pattern,Medium,Credential Access,True Positive,No,r.islam,Morning
ALT-001532,2026-05-22 13:13:15,2026-05,EDR,LOLBin execution,Low,Execution,False Positive,No,m.hasan,Morning
ALT-001536,2026-05-22 13:38:11,2026-05,SIEM,Logon from disabled account,Low,Defense Evasion,True Positive,No,n.akter,Morning
ALT-001528,2026-05-22 17:10:15,2026-05,EDR,LOLBin execution,Medium,Discovery,False Positive,No,n.akter,Evening
ALT-001522,2026-05-22 17:54:03,2026-05,Firewall,DNS tunneling pattern,Low,Execution,True Positive,No,r.islam,Evening
ALT-001521,2026-05-22 18:11:12,2026-05,Email-GW,Spoofed internal sender,Low,Collection,False Positive,No,m.hasan,Evening
ALT-001534,2026-05-22 18:44:24,2026-05,Email-GW,Spoofed internal sender,High,Exfiltration,True Positive,Yes,a.rahman,Evening
ALT-001527,2026-05-22 19:04:04,2026-05,CASB,SaaS impossible travel,Medium,Defense Evasion,False Positive,No,a.rahman,Evening
ALT-001523,2026-05-22 20:02:28,2026-05,WAF,Web shell upload,Medium,Lateral Movement,False Positive,No,s.khatun,Evening
ALT-001526,2026-05-22 20:56:50,2026-05,Email-GW,Business email compromise,Medium,Exfiltration,False Positive,No,s.khatun,Evening
ALT-001535,2026-05-22 21:17:51,2026-05,IDS,EternalBlue exploit,Critical,Persistence,False Positive,No,t.begum,Evening
ALT-001520,2026-05-22 21:17:57,2026-05,CASB,SaaS impossible travel,Low,Discovery,Benign True Positive,No,n.akter,Evening
ALT-001543,2026-05-23 09:02:16,2026-05,IDS,EternalBlue exploit,Low,Impact,Duplicate,No,t.begum,Morning
ALT-001544,2026-05-23 10:04:34,2026-05,EDR,Credential dumping tool,High,Defense Evasion,False Positive,No,t.begum,Morning
ALT-001541,2026-05-23 14:10:20,2026-05,EDR,Unsigned driver load,Medium,Privilege Escalation,True Positive,No,r.islam,Evening
ALT-001542,2026-05-23 14:39:24,2026-05,Email-GW,Phishing URL,Medium,Discovery,Duplicate,No,m.hasan,Evening
ALT-001540,2026-05-23 14:51:11,2026-05,IDS,SMB lateral movement,Medium,Collection,False Positive,No,r.islam,Evening
ALT-001548,2026-05-24 07:04:58,2026-05,EDR,Credential dumping tool,Medium,Impact,True Positive,No,s.khatun,Morning
ALT-001546,2026-05-24 07:30:45,2026-05,SIEM,New privileged account,Low,Persistence,Duplicate,No,t.begum,Morning
ALT-001547,2026-05-24 07:39:22,2026-05,Firewall,Tor exit node traffic,Medium,Privilege Escalation,Benign True Positive,No,m.hasan,Morning
ALT-001553,2026-05-24 08:29:27,2026-05,EDR,Unsigned driver load,Low,Defense Evasion,False Positive,No,t.begum,Morning
ALT-001545,2026-05-24 09:05:17,2026-05,SIEM,Logon from disabled account,Medium,Credential Access,False Positive,No,a.rahman,Morning
ALT-001550,2026-05-24 10:15:15,2026-05,IDS,EternalBlue exploit,Low,Discovery,True Positive,No,n.akter,Morning
ALT-001552,2026-05-24 11:47:28,2026-05,EDR,Ransomware canary file,Low,Privilege Escalation,True Positive,No,r.islam,Morning
ALT-001551,2026-05-24 12:18:07,2026-05,SIEM,Brute-force logon burst,Low,Collection,Benign True Positive,No,n.akter,Morning
ALT-001549,2026-05-24 14:10:56,2026-05,SIEM,Audit log cleared,Low,Collection,False Positive,No,r.islam,Evening
ALT-001563,2026-05-25 05:55:42,2026-05,SIEM,Impossible travel,Medium,Impact,Benign True Positive,No,a.rahman,Night
ALT-001560,2026-05-25 08:23:12,2026-05,EDR,LOLBin execution,High,Exfiltration,Benign True Positive,No,r.islam,Morning
ALT-001556,2026-05-25 08:36:45,2026-05,Firewall,DNS tunneling pattern,High,Initial Access,Benign True Positive,No,s.khatun,Morning
ALT-001566,2026-05-25 08:50:10,2026-05,SIEM,Impossible travel,Medium,Discovery,True Positive,No,s.khatun,Morning
ALT-001555,2026-05-25 09:15:33,2026-05,Firewall,Tor exit node traffic,Medium,Impact,True Positive,No,r.islam,Morning
ALT-001557,2026-05-25 09:30:45,2026-05,EDR,Credential dumping tool,Low,Privilege Escalation,False Positive,No,n.akter,Morning
ALT-001573,2026-05-25 11:05:29,2026-05,WAF,Path traversal,Low,Lateral Movement,False Positive,No,t.begum,Morning
ALT-001559,2026-05-25 12:49:02,2026-05,SIEM,New privileged account,High,Persistence,True Positive,Yes,s.khatun,Morning
ALT-001554,2026-05-25 13:39:33,2026-05,IDS,Nmap scan,Low,Exfiltration,False Positive,No,t.begum,Morning
ALT-001558,2026-05-25 13:52:30,2026-05,SIEM,Brute-force logon burst,High,Credential Access,True Positive,No,m.hasan,Morning
ALT-001570,2026-05-25 14:56:22,2026-05,SIEM,Brute-force logon burst,High,Persistence,True Positive,Yes,s.khatun,Evening
ALT-001569,2026-05-25 14:57:24,2026-05,SIEM,Audit log cleared,Medium,Initial Access,Benign True Positive,No,a.rahman,Evening
ALT-001565,2026-05-25 15:21:54,2026-05,EDR,Ransomware canary file,Low,Discovery,Benign True Positive,No,s.khatun,Evening
ALT-001568,2026-05-25 15:23:10,2026-05,SIEM,New privileged account,Low,Credential Access,False Positive,No,t.begum,Evening
ALT-001561,2026-05-25 15:49:20,2026-05,SIEM,Mass file download,High,Defense Evasion,False Positive,No,s.khatun,Evening
ALT-001567,2026-05-25 16:01:09,2026-05,EDR,Credential dumping tool,Low,Initial Access,False Positive,No,t.begum,Evening
ALT-001571,2026-05-25 17:05:54,2026-05,SIEM,New privileged account,Low,Collection,Benign True Positive,No,m.hasan,Evening
ALT-001572,2026-05-25 20:19:27,2026-05,Email-GW,Business email compromise,Low,Privilege Escalation,False Positive,No,n.akter,Evening
ALT-001564,2026-05-25 21:08:18,2026-05,Firewall,Geo-blocked destination,Medium,Execution,Benign True Positive,No,s.khatun,Evening
ALT-001562,2026-05-25 21:10:46,2026-05,Email-GW,Phishing URL,Low,Privilege Escalation,Benign True Positive,No,r.islam,Evening
ALT-001587,2026-05-26 02:46:50,2026-05,Email-GW,Spoofed internal sender,Low,Defense Evasion,Benign True Positive,No,a.rahman,Night
ALT-001580,2026-05-26 03:26:43,2026-05,EDR,Suspicious PowerShell,Medium,Lateral Movement,False Positive,No,m.hasan,Night
ALT-001576,2026-05-26 04:35:52,2026-05,WAF,Path traversal,Medium,Execution,True Positive,Yes,s.khatun,Night
ALT-001592,2026-05-26 07:01:54,2026-05,EDR,Credential dumping tool,Low,Exfiltration,False Positive,No,r.islam,Morning
ALT-001582,2026-05-26 08:22:33,2026-05,Firewall,DNS tunneling pattern,Low,Persistence,False Positive,No,s.khatun,Morning
ALT-001577,2026-05-26 10:38:16,2026-05,IDS,EternalBlue exploit,Low,Privilege Escalation,Duplicate,No,r.islam,Morning
ALT-001581,2026-05-26 11:09:22,2026-05,EDR,Suspicious PowerShell,Low,Command and Control,False Positive,No,t.begum,Morning
ALT-001593,2026-05-26 11:55:15,2026-05,Email-GW,Malicious attachment,Medium,Defense Evasion,True Positive,No,s.khatun,Morning
ALT-001591,2026-05-26 11:58:31,2026-05,EDR,Ransomware canary file,Low,Command and Control,False Positive,No,r.islam,Morning
ALT-001574,2026-05-26 13:11:41,2026-05,WAF,XSS attempt,High,Persistence,True Positive,Yes,a.rahman,Morning
ALT-001586,2026-05-26 15:09:34,2026-05,CASB,Mass external share,Medium,Command and Control,False Positive,No,n.akter,Evening
ALT-001584,2026-05-26 15:20:18,2026-05,EDR,Unsigned driver load,Critical,Credential Access,True Positive,Yes,a.rahman,Evening
ALT-001588,2026-05-26 15:21:53,2026-05,EDR,Suspicious PowerShell,Medium,Privilege Escalation,True Positive,No,a.rahman,Evening
ALT-001590,2026-05-26 16:00:03,2026-05,EDR,Unsigned driver load,High,Exfiltration,Benign True Positive,No,t.begum,Evening
ALT-001579,2026-05-26 16:08:01,2026-05,SIEM,Brute-force logon burst,Critical,Credential Access,False Positive,No,m.hasan,Evening
ALT-001589,2026-05-26 16:09:15,2026-05,Firewall,Tor exit node traffic,High,Discovery,False Positive,No,s.khatun,Evening
ALT-001585,2026-05-26 16:39:50,2026-05,SIEM,Logon from disabled account,Medium,Lateral Movement,True Positive,No,m.hasan,Evening
ALT-001578,2026-05-26 17:36:13,2026-05,IDS,Cobalt Strike beacon,Low,Lateral Movement,False Positive,No,n.akter,Evening
ALT-001583,2026-05-26 19:09:36,2026-05,EDR,Unsigned driver load,Medium,Exfiltration,False Positive,No,r.islam,Evening
ALT-001575,2026-05-26 22:44:05,2026-05,SIEM,Audit log cleared,Low,Privilege Escalation,False Positive,No,a.rahman,Night
ALT-001595,2026-05-27 02:04:37,2026-05,Email-GW,Phishing URL,Medium,Collection,False Positive,No,t.begum,Night
ALT-001600,2026-05-27 07:38:31,2026-05,Firewall,Tor exit node traffic,Low,Lateral Movement,False Positive,No,r.islam,Morning
ALT-001606,2026-05-27 09:03:29,2026-05,Firewall,Geo-blocked destination,Low,Initial Access,True Positive,No,t.begum,Morning
ALT-001611,2026-05-27 09:20:41,2026-05,WAF,XSS attempt,Medium,Collection,Benign True Positive,No,n.akter,Morning
ALT-001609,2026-05-27 09:59:02,2026-05,Email-GW,Business email compromise,High,Persistence,False Positive,No,n.akter,Morning
ALT-001602,2026-05-27 10:34:12,2026-05,WAF,XSS attempt,Medium,Persistence,False Positive,No,r.islam,Morning
ALT-001603,2026-05-27 11:03:37,2026-05,Email-GW,Spoofed internal sender,High,Discovery,False Positive,No,m.hasan,Morning
ALT-001605,2026-05-27 11:42:22,2026-05,SIEM,Brute-force logon burst,Low,Lateral Movement,False Positive,No,n.akter,Morning
ALT-001596,2026-05-27 11:42:30,2026-05,EDR,Unsigned driver load,Low,Discovery,False Positive,No,n.akter,Morning
ALT-001610,2026-05-27 11:43:03,2026-05,EDR,Suspicious PowerShell,High,Privilege Escalation,False Positive,No,n.akter,Morning
ALT-001594,2026-05-27 11:56:03,2026-05,SIEM,Brute-force logon burst,Critical,Exfiltration,False Positive,No,t.begum,Morning
ALT-001597,2026-05-27 11:56:59,2026-05,SIEM,Brute-force logon burst,High,Credential Access,False Positive,No,m.hasan,Morning
ALT-001601,2026-05-27 11:57:51,2026-05,Email-GW,Malicious attachment,Medium,Persistence,True Positive,Yes,t.begum,Morning
ALT-001612,2026-05-27 13:49:47,2026-05,IDS,SMB lateral movement,High,Impact,True Positive,No,a.rahman,Morning
ALT-001608,2026-05-27 14:24:24,2026-05,Email-GW,Business email compromise,Low,Discovery,True Positive,No,n.akter,Evening
ALT-001607,2026-05-27 15:33:25,2026-05,WAF,Web shell upload,Low,Exfiltration,False Positive,No,a.rahman,Evening
ALT-001599,2026-05-27 15:38:58,2026-05,EDR,Credential dumping tool,High,Command and Control,False Positive,No,n.akter,Evening
ALT-001598,2026-05-27 16:24:59,2026-05,Firewall,Tor exit node traffic,Low,Discovery,Benign True Positive,No,n.akter,Evening
ALT-001604,2026-05-27 16:50:01,2026-05,SIEM,Mass file download,High,Lateral Movement,False Positive,No,n.akter,Evening
ALT-001616,2026-05-28 03:21:54,2026-05,SIEM,Mass file download,Medium,Credential Access,True Positive,No,m.hasan,Night
ALT-001625,2026-05-28 07:09:18,2026-05,IDS,SMB lateral movement,Medium,Credential Access,Benign True Positive,No,m.hasan,Morning
ALT-001631,2026-05-28 07:50:29,2026-05,EDR,Ransomware canary file,Medium,Impact,False Positive,No,r.islam,Morning
ALT-001629,2026-05-28 08:02:47,2026-05,SIEM,Mass file download,Low,Impact,False Positive,No,n.akter,Morning
ALT-001614,2026-05-28 09:31:27,2026-05,SIEM,Audit log cleared,High,Impact,Benign True Positive,No,a.rahman,Morning
ALT-001630,2026-05-28 10:11:58,2026-05,SIEM,Mass file download,Low,Impact,True Positive,No,a.rahman,Morning
ALT-001623,2026-05-28 10:12:47,2026-05,WAF,Web shell upload,Low,Execution,False Positive,No,a.rahman,Morning
ALT-001617,2026-05-28 11:09:56,2026-05,IDS,SMB lateral movement,Medium,Collection,False Positive,No,s.khatun,Morning
ALT-001619,2026-05-28 13:13:40,2026-05,SIEM,New privileged account,Medium,Collection,Benign True Positive,No,n.akter,Morning
ALT-001622,2026-05-28 14:59:39,2026-05,Email-GW,Phishing URL,Medium,Persistence,False Positive,No,s.khatun,Evening
ALT-001627,2026-05-28 15:48:20,2026-05,EDR,Unsigned driver load,High,Discovery,False Positive,No,a.rahman,Evening
ALT-001624,2026-05-28 15:55:31,2026-05,Email-GW,Spoofed internal sender,High,Privilege Escalation,True Positive,Yes,n.akter,Evening
ALT-001613,2026-05-28 15:57:10,2026-05,Firewall,Outbound to known C2,High,Impact,False Positive,No,t.begum,Evening
ALT-001615,2026-05-28 16:16:07,2026-05,SIEM,New privileged account,Medium,Initial Access,True Positive,Yes,m.hasan,Evening
ALT-001621,2026-05-28 16:16:55,2026-05,CASB,Mass external share,Low,Lateral Movement,True Positive,No,t.begum,Evening
ALT-001620,2026-05-28 17:30:18,2026-05,IDS,Cobalt Strike beacon,Medium,Collection,False Positive,No,r.islam,Evening
ALT-001618,2026-05-28 18:02:38,2026-05,CASB,SaaS impossible travel,Low,Credential Access,False Positive,No,r.islam,Evening
ALT-001626,2026-05-28 18:38:38,2026-05,SIEM,Audit log cleared,High,Execution,False Positive,No,s.khatun,Evening
ALT-001628,2026-05-28 23:35:07,2026-05,CASB,SaaS impossible travel,Low,Exfiltration,True Positive,No,m.hasan,Night
ALT-001635,2026-05-29 00:44:49,2026-05,WAF,Web shell upload,Low,Discovery,Benign True Positive,No,a.rahman,Night
ALT-001637,2026-05-29 00:49:32,2026-05,SIEM,New privileged account,Medium,Impact,False Positive,No,t.begum,Night
ALT-001651,2026-05-29 01:48:19,2026-05,Firewall,DNS tunneling pattern,Medium,Defense Evasion,False Positive,No,r.islam,Night
ALT-001643,2026-05-29 06:49:46,2026-05,SIEM,Impossible travel,High,Persistence,False Positive,No,t.begum,Morning
ALT-001641,2026-05-29 08:12:24,2026-05,EDR,Process hollowing,Medium,Privilege Escalation,False Positive,No,m.hasan,Morning
ALT-001639,2026-05-29 08:20:44,2026-05,SIEM,Brute-force logon burst,Low,Command and Control,False Positive,No,t.begum,Morning
ALT-001632,2026-05-29 09:48:48,2026-05,Email-GW,Malicious attachment,Low,Persistence,Benign True Positive,No,s.khatun,Morning
ALT-001642,2026-05-29 09:59:16,2026-05,SIEM,Mass file download,High,Credential Access,False Positive,No,t.begum,Morning
ALT-001650,2026-05-29 10:22:04,2026-05,CASB,Mass external share,High,Defense Evasion,True Positive,Yes,t.begum,Morning
ALT-001649,2026-05-29 10:32:36,2026-05,SIEM,Impossible travel,Low,Exfiltration,True Positive,No,t.begum,Morning
ALT-001634,2026-05-29 11:01:35,2026-05,Firewall,Tor exit node traffic,High,Discovery,False Positive,No,m.hasan,Morning
ALT-001648,2026-05-29 11:21:43,2026-05,SIEM,Logon from disabled account,Medium,Impact,True Positive,No,n.akter,Morning
ALT-001646,2026-05-29 11:41:30,2026-05,CASB,OAuth grant to risky app,Low,Persistence,Benign True Positive,No,t.begum,Morning
ALT-001644,2026-05-29 12:02:43,2026-05,SIEM,Audit log cleared,Medium,Privilege Escalation,True Positive,No,a.rahman,Morning
ALT-001645,2026-05-29 12:05:28,2026-05,WAF,Path traversal,Critical,Collection,True Positive,Yes,r.islam,Morning
ALT-001636,2026-05-29 14:02:13,2026-05,Email-GW,Malicious attachment,Medium,Impact,Benign True Positive,No,n.akter,Evening
ALT-001633,2026-05-29 14:19:25,2026-05,Firewall,Tor exit node traffic,Low,Exfiltration,True Positive,No,m.hasan,Evening
ALT-001638,2026-05-29 14:40:54,2026-05,SIEM,Audit log cleared,Low,Impact,True Positive,No,t.begum,Evening
ALT-001647,2026-05-29 14:55:22,2026-05,EDR,Process hollowing,Low,Persistence,False Positive,No,r.islam,Evening
ALT-001640,2026-05-29 14:55:45,2026-05,SIEM,Audit log cleared,Low,Exfiltration,False Positive,No,s.khatun,Evening
ALT-001652,2026-05-30 10:11:20,2026-05,SIEM,Mass file download,Medium,Impact,False Positive,No,r.islam,Morning
ALT-001654,2026-05-30 12:03:27,2026-05,IDS,Nmap scan,Low,Impact,False Positive,No,s.khatun,Morning
ALT-001658,2026-05-30 14:06:39,2026-05,Firewall,DNS tunneling pattern,Medium,Exfiltration,False Positive,No,n.akter,Evening
ALT-001657,2026-05-30 16:37:43,2026-05,CASB,SaaS impossible travel,Medium,Defense Evasion,Benign True Positive,No,s.khatun,Evening
ALT-001653,2026-05-30 17:52:54,2026-05,Firewall,Geo-blocked destination,Low,Persistence,Benign True Positive,No,n.akter,Evening
ALT-001656,2026-05-30 19:52:11,2026-05,Firewall,Outbound to known C2,High,Credential Access,True Positive,No,a.rahman,Evening
ALT-001655,2026-05-30 21:13:22,2026-05,Firewall,DNS tunneling pattern,Medium,Privilege Escalation,True Positive,Yes,t.begum,Evening
ALT-001666,2026-05-31 07:48:33,2026-05,IDS,EternalBlue exploit,Medium,Collection,False Positive,No,r.islam,Morning
ALT-001663,2026-05-31 07:53:24,2026-05,EDR,Credential dumping tool,Medium,Command and Control,True Positive,No,s.khatun,Morning
ALT-001661,2026-05-31 08:29:40,2026-05,EDR,Ransomware canary file,Critical,Collection,True Positive,Yes,r.islam,Morning
ALT-001660,2026-05-31 09:43:00,2026-05,SIEM,Brute-force logon burst,High,Privilege Escalation,False Positive,No,a.rahman,Morning
ALT-001662,2026-05-31 11:01:44,2026-05,WAF,XSS attempt,Low,Command and Control,False Positive,No,r.islam,Morning
ALT-001664,2026-05-31 15:08:22,2026-05,SIEM,Impossible travel,Low,Credential Access,False Positive,No,a.rahman,Evening
ALT-001659,2026-05-31 15:27:28,2026-05,Firewall,Geo-blocked destination,Low,Discovery,True Positive,No,m.hasan,Evening
ALT-001665,2026-05-31 18:26:52,2026-05,Firewall,Geo-blocked destination,Low,Impact,False Positive,No,t.begum,Evening
ALT-001674,2026-06-01 01:54:10,2026-06,SIEM,Audit log cleared,High,Lateral Movement,True Positive,Yes,a.rahman,Night
ALT-001682,2026-06-01 03:07:34,2026-06,WAF,SQL injection attempt,Medium,Discovery,False Positive,No,t.begum,Night
ALT-001681,2026-06-01 06:04:14,2026-06,Firewall,Geo-blocked destination,High,Defense Evasion,Benign True Positive,No,s.khatun,Morning
ALT-001672,2026-06-01 08:39:53,2026-06,SIEM,Impossible travel,Medium,Discovery,True Positive,Yes,r.islam,Morning
ALT-001673,2026-06-01 11:43:40,2026-06,SIEM,Brute-force logon burst,Low,Command and Control,False Positive,No,t.begum,Morning
ALT-001669,2026-06-01 11:50:44,2026-06,Email-GW,Spoofed internal sender,Low,Privilege Escalation,False Positive,No,s.khatun,Morning
ALT-001676,2026-06-01 12:07:22,2026-06,EDR,Process hollowing,Critical,Collection,Benign True Positive,No,a.rahman,Morning
ALT-001680,2026-06-01 12:28:09,2026-06,WAF,Path traversal,Medium,Persistence,Benign True Positive,No,n.akter,Morning
ALT-001670,2026-06-01 12:53:20,2026-06,WAF,XSS attempt,Medium,Discovery,False Positive,No,s.khatun,Morning
ALT-001678,2026-06-01 12:54:49,2026-06,SIEM,Audit log cleared,High,Exfiltration,Benign True Positive,No,a.rahman,Morning
ALT-001679,2026-06-01 14:00:06,2026-06,SIEM,Audit log cleared,Low,Defense Evasion,True Positive,No,r.islam,Evening
ALT-001675,2026-06-01 14:32:44,2026-06,SIEM,Impossible travel,Low,Lateral Movement,True Positive,No,t.begum,Evening
ALT-001671,2026-06-01 15:01:25,2026-06,Firewall,Inbound port scan,High,Credential Access,Benign True Positive,No,n.akter,Evening
ALT-001667,2026-06-01 15:13:32,2026-06,IDS,SMB lateral movement,High,Collection,False Positive,No,t.begum,Evening
ALT-001668,2026-06-01 16:23:14,2026-06,SIEM,Impossible travel,Low,Execution,Duplicate,No,r.islam,Evening
ALT-001677,2026-06-01 17:15:25,2026-06,SIEM,New privileged account,Medium,Discovery,False Positive,No,n.akter,Evening
ALT-001693,2026-06-02 06:08:39,2026-06,Firewall,Inbound port scan,Medium,Collection,False Positive,No,a.rahman,Morning
ALT-001697,2026-06-02 07:31:41,2026-06,SIEM,Audit log cleared,Low,Lateral Movement,False Positive,No,s.khatun,Morning
ALT-001688,2026-06-02 07:43:29,2026-06,SIEM,Audit log cleared,Low,Execution,True Positive,No,t.begum,Morning
ALT-001696,2026-06-02 08:12:44,2026-06,Firewall,Inbound port scan,Low,Discovery,Benign True Positive,No,r.islam,Morning
ALT-001689,2026-06-02 10:22:52,2026-06,EDR,Process hollowing,High,Discovery,Duplicate,No,m.hasan,Morning
ALT-001695,2026-06-02 11:22:02,2026-06,EDR,LOLBin execution,High,Credential Access,False Positive,No,m.hasan,Morning
ALT-001683,2026-06-02 11:29:59,2026-06,SIEM,Mass file download,Low,Collection,Benign True Positive,No,s.khatun,Morning
ALT-001684,2026-06-02 11:32:19,2026-06,Firewall,Outbound to known C2,Medium,Discovery,Duplicate,No,n.akter,Morning
ALT-001685,2026-06-02 13:28:50,2026-06,SIEM,Logon from disabled account,High,Privilege Escalation,True Positive,Yes,m.hasan,Morning
ALT-001691,2026-06-02 13:52:23,2026-06,IDS,EternalBlue exploit,Low,Command and Control,False Positive,No,m.hasan,Morning
ALT-001690,2026-06-02 14:02:58,2026-06,SIEM,New privileged account,Medium,Initial Access,Benign True Positive,No,r.islam,Evening
ALT-001692,2026-06-02 14:04:46,2026-06,EDR,Suspicious PowerShell,High,Collection,Benign True Positive,No,r.islam,Evening
ALT-001694,2026-06-02 14:37:46,2026-06,SIEM,Audit log cleared,Low,Command and Control,True Positive,No,n.akter,Evening
ALT-001698,2026-06-02 15:16:27,2026-06,IDS,SMB lateral movement,High,Execution,False Positive,No,t.begum,Evening
ALT-001686,2026-06-02 15:56:30,2026-06,SIEM,Impossible travel,Medium,Collection,False Positive,No,t.begum,Evening
ALT-001687,2026-06-02 18:05:31,2026-06,EDR,Credential dumping tool,Medium,Collection,Duplicate,No,m.hasan,Evening
ALT-001703,2026-06-03 01:06:03,2026-06,EDR,Suspicious PowerShell,Low,Initial Access,Benign True Positive,No,n.akter,Night
ALT-001716,2026-06-03 05:29:19,2026-06,IDS,Nmap scan,Medium,Exfiltration,False Positive,No,t.begum,Night
ALT-001712,2026-06-03 07:05:00,2026-06,WAF,Path traversal,Medium,Exfiltration,False Positive,No,t.begum,Morning
ALT-001702,2026-06-03 07:30:53,2026-06,EDR,LOLBin execution,Low,Discovery,True Positive,No,t.begum,Morning
ALT-001721,2026-06-03 07:53:26,2026-06,EDR,Ransomware canary file,Medium,Persistence,False Positive,No,t.begum,Morning
ALT-001709,2026-06-03 08:10:34,2026-06,WAF,Path traversal,High,Privilege Escalation,False Positive,No,n.akter,Morning
ALT-001700,2026-06-03 08:24:10,2026-06,SIEM,Logon from disabled account,Low,Defense Evasion,True Positive,No,s.khatun,Morning
ALT-001715,2026-06-03 08:41:33,2026-06,EDR,Ransomware canary file,Low,Execution,False Positive,No,n.akter,Morning
ALT-001720,2026-06-03 08:56:23,2026-06,SIEM,Brute-force logon burst,Medium,Command and Control,Benign True Positive,No,n.akter,Morning
ALT-001706,2026-06-03 09:29:23,2026-06,WAF,Path traversal,Medium,Command and Control,Duplicate,No,r.islam,Morning
ALT-001710,2026-06-03 11:17:23,2026-06,EDR,Unsigned driver load,Low,Credential Access,False Positive,No,m.hasan,Morning
ALT-001699,2026-06-03 12:12:13,2026-06,Firewall,Tor exit node traffic,Low,Exfiltration,False Positive,No,r.islam,Morning
ALT-001714,2026-06-03 12:53:10,2026-06,SIEM,Impossible travel,High,Impact,False Positive,No,a.rahman,Morning
ALT-001705,2026-06-03 13:03:48,2026-06,WAF,Web shell upload,Low,Execution,False Positive,No,n.akter,Morning
ALT-001707,2026-06-03 14:02:30,2026-06,EDR,Process hollowing,Medium,Collection,False Positive,No,r.islam,Evening
ALT-001713,2026-06-03 14:32:10,2026-06,EDR,Unsigned driver load,High,Privilege Escalation,False Positive,No,n.akter,Evening
ALT-001704,2026-06-03 14:39:06,2026-06,SIEM,Audit log cleared,High,Discovery,False Positive,No,s.khatun,Evening
ALT-001717,2026-06-03 14:42:45,2026-06,CASB,SaaS impossible travel,Medium,Initial Access,False Positive,No,r.islam,Evening
ALT-001719,2026-06-03 14:55:23,2026-06,WAF,XSS attempt,Medium,Defense Evasion,True Positive,No,a.rahman,Evening
ALT-001708,2026-06-03 14:55:50,2026-06,SIEM,Impossible travel,Critical,Privilege Escalation,True Positive,Yes,r.islam,Evening
ALT-001718,2026-06-03 16:13:27,2026-06,Firewall,Geo-blocked destination,Low,Impact,False Positive,No,n.akter,Evening
ALT-001701,2026-06-03 17:13:16,2026-06,Email-GW,Phishing URL,Low,Discovery,False Positive,No,t.begum,Evening
ALT-001711,2026-06-03 18:49:50,2026-06,WAF,SQL injection attempt,Low,Privilege Escalation,False Positive,No,a.rahman,Evening
ALT-001727,2026-06-04 05:00:05,2026-06,SIEM,Audit log cleared,Medium,Privilege Escalation,False Positive,No,n.akter,Night
ALT-001732,2026-06-04 06:27:00,2026-06,WAF,XSS attempt,Low,Execution,Benign True Positive,No,s.khatun,Morning
ALT-001724,2026-06-04 07:28:17,2026-06,Firewall,Geo-blocked destination,Critical,Initial Access,True Positive,Yes,r.islam,Morning
ALT-001741,2026-06-04 08:10:25,2026-06,EDR,Ransomware canary file,Critical,Persistence,False Positive,No,m.hasan,Morning
ALT-001739,2026-06-04 09:20:35,2026-06,CASB,Mass external share,Low,Lateral Movement,False Positive,No,m.hasan,Morning
ALT-001737,2026-06-04 11:46:52,2026-06,EDR,Ransomware canary file,High,Privilege Escalation,True Positive,No,n.akter,Morning
ALT-001729,2026-06-04 13:14:23,2026-06,SIEM,Brute-force logon burst,Medium,Exfiltration,False Positive,No,t.begum,Morning
ALT-001738,2026-06-04 14:00:57,2026-06,SIEM,Audit log cleared,High,Exfiltration,Benign True Positive,No,t.begum,Evening
ALT-001728,2026-06-04 14:24:40,2026-06,WAF,XSS attempt,High,Command and Control,False Positive,No,a.rahman,Evening
ALT-001722,2026-06-04 14:42:03,2026-06,SIEM,Audit log cleared,Low,Command and Control,Benign True Positive,No,t.begum,Evening
ALT-001736,2026-06-04 15:12:43,2026-06,Email-GW,Phishing URL,Low,Privilege Escalation,False Positive,No,a.rahman,Evening
ALT-001730,2026-06-04 15:20:49,2026-06,IDS,EternalBlue exploit,Medium,Exfiltration,False Positive,No,m.hasan,Evening
ALT-001734,2026-06-04 15:41:03,2026-06,CASB,OAuth grant to risky app,Low,Execution,Benign True Positive,No,a.rahman,Evening
ALT-001723,2026-06-04 16:53:33,2026-06,SIEM,Mass file download,Medium,Execution,False Positive,No,m.hasan,Evening
ALT-001725,2026-06-04 16:59:13,2026-06,EDR,Credential dumping tool,High,Execution,Benign True Positive,No,s.khatun,Evening
ALT-001733,2026-06-04 17:35:00,2026-06,SIEM,Impossible travel,Medium,Exfiltration,Benign True Positive,No,m.hasan,Evening
ALT-001726,2026-06-04 17:57:22,2026-06,Firewall,Tor exit node traffic,Medium,Persistence,Benign True Positive,No,s.khatun,Evening
ALT-001731,2026-06-04 18:07:39,2026-06,Firewall,Outbound to known C2,High,Lateral Movement,True Positive,No,a.rahman,Evening
ALT-001735,2026-06-04 18:58:46,2026-06,EDR,Ransomware canary file,High,Exfiltration,True Positive,Yes,r.islam,Evening
ALT-001740,2026-06-04 22:08:34,2026-06,Firewall,Outbound to known C2,Medium,Privilege Escalation,False Positive,No,s.khatun,Night
ALT-001752,2026-06-05 05:10:42,2026-06,EDR,Credential dumping tool,Critical,Impact,Benign True Positive,No,t.begum,Night
ALT-001742,2026-06-05 06:30:46,2026-06,Email-GW,Phishing URL,Low,Defense Evasion,False Positive,No,a.rahman,Morning
ALT-001754,2026-06-05 07:18:32,2026-06,WAF,Path traversal,Medium,Impact,False Positive,No,r.islam,Morning
ALT-001760,2026-06-05 07:31:28,2026-06,SIEM,New privileged account,Low,Persistence,False Positive,No,n.akter,Morning
ALT-001745,2026-06-05 08:14:22,2026-06,SIEM,Mass file download,High,Lateral Movement,False Positive,No,n.akter,Morning
ALT-001758,2026-06-05 09:04:17,2026-06,IDS,SMB lateral movement,Medium,Persistence,True Positive,No,m.hasan,Morning
ALT-001749,2026-06-05 09:04:20,2026-06,EDR,LOLBin execution,Medium,Privilege Escalation,False Positive,No,t.begum,Morning
ALT-001744,2026-06-05 09:34:53,2026-06,SIEM,Mass file download,Low,Exfiltration,False Positive,No,m.hasan,Morning
ALT-001755,2026-06-05 11:19:19,2026-06,EDR,Credential dumping tool,Low,Discovery,False Positive,No,a.rahman,Morning
ALT-001759,2026-06-05 11:40:52,2026-06,EDR,Credential dumping tool,Low,Impact,Benign True Positive,No,m.hasan,Morning
ALT-001757,2026-06-05 12:38:04,2026-06,CASB,SaaS impossible travel,Low,Exfiltration,False Positive,No,t.begum,Morning
ALT-001750,2026-06-05 13:35:38,2026-06,Firewall,DNS tunneling pattern,Low,Execution,False Positive,No,a.rahman,Morning
ALT-001747,2026-06-05 14:00:37,2026-06,EDR,Unsigned driver load,Low,Execution,False Positive,No,m.hasan,Evening
ALT-001751,2026-06-05 15:13:07,2026-06,Firewall,Tor exit node traffic,Medium,Privilege Escalation,True Positive,Yes,t.begum,Evening
ALT-001756,2026-06-05 15:40:23,2026-06,EDR,Suspicious PowerShell,Low,Impact,False Positive,No,s.khatun,Evening
ALT-001753,2026-06-05 17:09:21,2026-06,Email-GW,Business email compromise,High,Privilege Escalation,False Positive,No,s.khatun,Evening
ALT-001746,2026-06-05 17:47:03,2026-06,SIEM,Audit log cleared,High,Credential Access,False Positive,No,t.begum,Evening
ALT-001748,2026-06-05 18:46:40,2026-06,SIEM,Brute-force logon burst,High,Privilege Escalation,True Positive,No,t.begum,Evening
ALT-001743,2026-06-05 21:53:52,2026-06,SIEM,Brute-force logon burst,High,Initial Access,False Positive,No,r.islam,Evening
ALT-001767,2026-06-06 03:52:33,2026-06,SIEM,New privileged account,Medium,Command and Control,True Positive,No,t.begum,Night
ALT-001763,2026-06-06 10:22:22,2026-06,WAF,Web shell upload,Medium,Collection,Benign True Positive,No,r.islam,Morning
ALT-001766,2026-06-06 11:25:21,2026-06,SIEM,New privileged account,Low,Initial Access,True Positive,No,a.rahman,Morning
ALT-001768,2026-06-06 13:25:33,2026-06,CASB,SaaS impossible travel,Medium,Lateral Movement,Duplicate,No,s.khatun,Morning
ALT-001761,2026-06-06 16:00:38,2026-06,Email-GW,Phishing URL,Low,Exfiltration,False Positive,No,s.khatun,Evening
ALT-001764,2026-06-06 17:41:21,2026-06,SIEM,Impossible travel,Medium,Collection,False Positive,No,s.khatun,Evening
ALT-001762,2026-06-06 19:00:57,2026-06,Firewall,Inbound port scan,Medium,Impact,Duplicate,No,a.rahman,Evening
ALT-001765,2026-06-06 21:42:28,2026-06,Firewall,Geo-blocked destination,Medium,Collection,False Positive,No,m.hasan,Evening
ALT-001769,2026-06-07 09:17:36,2026-06,Firewall,Tor exit node traffic,Low,Collection,True Positive,No,a.rahman,Morning
ALT-001770,2026-06-07 14:23:43,2026-06,SIEM,New privileged account,Medium,Initial Access,True Positive,Yes,s.khatun,Evening
ALT-001771,2026-06-07 16:14:25,2026-06,Firewall,DNS tunneling pattern,Medium,Persistence,False Positive,No,r.islam,Evening
ALT-001785,2026-06-08 04:11:57,2026-06,IDS,Nmap scan,Low,Command and Control,Benign True Positive,No,t.begum,Night
ALT-001775,2026-06-08 09:05:31,2026-06,Firewall,Geo-blocked destination,Medium,Exfiltration,False Positive,No,s.khatun,Morning
ALT-001779,2026-06-08 09:23:45,2026-06,SIEM,Mass file download,Medium,Command and Control,Benign True Positive,No,m.hasan,Morning
ALT-001780,2026-06-08 10:16:58,2026-06,Firewall,Outbound to known C2,Medium,Defense Evasion,False Positive,No,r.islam,Morning
ALT-001781,2026-06-08 12:16:32,2026-06,WAF,Web shell upload,Low,Credential Access,Benign True Positive,No,t.begum,Morning
ALT-001774,2026-06-08 13:32:33,2026-06,WAF,Web shell upload,Medium,Collection,True Positive,No,a.rahman,Morning
ALT-001772,2026-06-08 13:39:20,2026-06,SIEM,Impossible travel,High,Persistence,Benign True Positive,No,a.rahman,Morning
ALT-001783,2026-06-08 13:42:13,2026-06,Email-GW,Business email compromise,Low,Impact,Duplicate,No,r.islam,Morning
ALT-001777,2026-06-08 14:05:33,2026-06,IDS,Nmap scan,Critical,Discovery,False Positive,No,n.akter,Evening
ALT-001782,2026-06-08 14:54:32,2026-06,Firewall,Inbound port scan,Low,Defense Evasion,False Positive,No,n.akter,Evening
ALT-001786,2026-06-08 15:17:17,2026-06,EDR,Ransomware canary file,Medium,Impact,True Positive,Yes,a.rahman,Evening
ALT-001776,2026-06-08 16:21:20,2026-06,Email-GW,Malicious attachment,Medium,Defense Evasion,False Positive,No,n.akter,Evening
ALT-001784,2026-06-08 16:40:31,2026-06,Firewall,Geo-blocked destination,High,Lateral Movement,False Positive,No,a.rahman,Evening
ALT-001773,2026-06-08 17:54:18,2026-06,EDR,Credential dumping tool,Medium,Impact,False Positive,No,r.islam,Evening
ALT-001778,2026-06-08 22:55:41,2026-06,IDS,Nmap scan,Medium,Impact,Duplicate,No,m.hasan,Night
ALT-001793,2026-06-09 06:45:25,2026-06,SIEM,Brute-force logon burst,Medium,Privilege Escalation,False Positive,No,a.rahman,Morning
ALT-001801,2026-06-09 07:10:55,2026-06,Firewall,Inbound port scan,Medium,Collection,True Positive,No,r.islam,Morning
ALT-001805,2026-06-09 07:42:35,2026-06,SIEM,Mass file download,Medium,Defense Evasion,False Positive,No,r.islam,Morning
ALT-001808,2026-06-09 08:08:13,2026-06,WAF,SQL injection attempt,High,Initial Access,Benign True Positive,No,a.rahman,Morning
ALT-001795,2026-06-09 08:15:30,2026-06,EDR,LOLBin execution,Low,Credential Access,False Positive,No,s.khatun,Morning
ALT-001804,2026-06-09 09:10:41,2026-06,SIEM,Mass file download,Low,Credential Access,True Positive,No,a.rahman,Morning
ALT-001800,2026-06-09 09:54:14,2026-06,EDR,Credential dumping tool,Low,Impact,True Positive,No,m.hasan,Morning
ALT-001796,2026-06-09 11:25:56,2026-06,CASB,Mass external share,High,Discovery,False Positive,No,s.khatun,Morning
ALT-001807,2026-06-09 11:41:02,2026-06,Email-GW,Business email compromise,Medium,Command and Control,False Positive,No,s.khatun,Morning
ALT-001798,2026-06-09 12:34:12,2026-06,Email-GW,Malicious attachment,High,Exfiltration,False Positive,No,t.begum,Morning
ALT-001787,2026-06-09 12:43:49,2026-06,SIEM,Audit log cleared,High,Initial Access,True Positive,Yes,n.akter,Morning
ALT-001803,2026-06-09 12:57:29,2026-06,EDR,Ransomware canary file,Medium,Defense Evasion,Benign True Positive,No,r.islam,Morning
ALT-001802,2026-06-09 14:01:36,2026-06,WAF,Path traversal,High,Credential Access,False Positive,No,m.hasan,Evening
ALT-001788,2026-06-09 14:16:47,2026-06,SIEM,New privileged account,Low,Persistence,True Positive,No,t.begum,Evening
ALT-001791,2026-06-09 14:35:54,2026-06,SIEM,New privileged account,Medium,Exfiltration,True Positive,No,t.begum,Evening
ALT-001799,2026-06-09 15:35:58,2026-06,Email-GW,Phishing URL,Medium,Initial Access,False Positive,No,m.hasan,Evening
ALT-001794,2026-06-09 15:36:31,2026-06,EDR,Ransomware canary file,Medium,Lateral Movement,False Positive,No,m.hasan,Evening
ALT-001790,2026-06-09 15:46:19,2026-06,Firewall,DNS tunneling pattern,Low,Initial Access,Benign True Positive,No,r.islam,Evening
ALT-001806,2026-06-09 17:11:47,2026-06,EDR,Ransomware canary file,Low,Lateral Movement,True Positive,No,m.hasan,Evening
ALT-001789,2026-06-09 17:12:08,2026-06,WAF,Web shell upload,Low,Privilege Escalation,True Positive,Yes,r.islam,Evening
ALT-001792,2026-06-09 18:56:31,2026-06,IDS,Nmap scan,Low,Persistence,True Positive,No,m.hasan,Evening
ALT-001797,2026-06-09 19:49:26,2026-06,IDS,SMB lateral movement,Medium,Lateral Movement,True Positive,Yes,n.akter,Evening
ALT-001812,2026-06-10 08:17:11,2026-06,Email-GW,Malicious attachment,Low,Collection,True Positive,No,r.islam,Morning
ALT-001825,2026-06-10 08:29:20,2026-06,SIEM,Logon from disabled account,Low,Credential Access,True Positive,Yes,r.islam,Morning
ALT-001811,2026-06-10 08:38:04,2026-06,EDR,Process hollowing,Critical,Persistence,Benign True Positive,No,s.khatun,Morning
ALT-001818,2026-06-10 10:07:09,2026-06,EDR,Ransomware canary file,Critical,Execution,False Positive,No,s.khatun,Morning
ALT-001814,2026-06-10 10:26:42,2026-06,SIEM,Logon from disabled account,Medium,Collection,True Positive,No,n.akter,Morning
ALT-001821,2026-06-10 10:40:33,2026-06,SIEM,Audit log cleared,Low,Persistence,True Positive,No,m.hasan,Morning
ALT-001823,2026-06-10 10:42:47,2026-06,Firewall,DNS tunneling pattern,Low,Lateral Movement,True Positive,No,m.hasan,Morning
ALT-001816,2026-06-10 11:46:13,2026-06,EDR,Process hollowing,Low,Lateral Movement,False Positive,No,r.islam,Morning
ALT-001820,2026-06-10 11:58:52,2026-06,IDS,EternalBlue exploit,Low,Credential Access,False Positive,No,m.hasan,Morning
ALT-001826,2026-06-10 12:07:31,2026-06,WAF,XSS attempt,Low,Discovery,False Positive,No,m.hasan,Morning
ALT-001810,2026-06-10 13:38:56,2026-06,SIEM,Logon from disabled account,Low,Command and Control,False Positive,No,s.khatun,Morning
ALT-001817,2026-06-10 14:31:12,2026-06,SIEM,Logon from disabled account,Low,Persistence,False Positive,No,s.khatun,Evening
ALT-001827,2026-06-10 15:24:07,2026-06,WAF,SQL injection attempt,Medium,Defense Evasion,Benign True Positive,No,a.rahman,Evening
ALT-001831,2026-06-10 15:31:32,2026-06,EDR,LOLBin execution,Low,Impact,Benign True Positive,No,s.khatun,Evening
ALT-001828,2026-06-10 16:24:42,2026-06,SIEM,Logon from disabled account,Medium,Privilege Escalation,False Positive,No,r.islam,Evening
ALT-001829,2026-06-10 16:36:36,2026-06,Firewall,DNS tunneling pattern,High,Privilege Escalation,True Positive,No,n.akter,Evening
ALT-001830,2026-06-10 17:00:41,2026-06,Firewall,Outbound to known C2,High,Privilege Escalation,False Positive,No,m.hasan,Evening
ALT-001809,2026-06-10 17:26:49,2026-06,Firewall,DNS tunneling pattern,Medium,Lateral Movement,False Positive,No,n.akter,Evening
ALT-001822,2026-06-10 18:21:45,2026-06,IDS,EternalBlue exploit,Low,Collection,False Positive,No,n.akter,Evening
ALT-001824,2026-06-10 18:36:58,2026-06,SIEM,Impossible travel,Low,Exfiltration,Duplicate,No,t.begum,Evening
ALT-001813,2026-06-10 19:30:08,2026-06,WAF,Path traversal,Low,Initial Access,False Positive,No,r.islam,Evening
ALT-001819,2026-06-10 20:51:33,2026-06,IDS,Nmap scan,Low,Discovery,Duplicate,No,r.islam,Evening
ALT-001815,2026-06-10 22:54:37,2026-06,CASB,SaaS impossible travel,Low,Discovery,False Positive,No,n.akter,Night
ALT-001855,2026-06-11 00:58:52,2026-06,IDS,EternalBlue exploit,Medium,Command and Control,False Positive,No,r.islam,Night
ALT-001853,2026-06-11 01:44:04,2026-06,IDS,Nmap scan,High,Initial Access,False Positive,No,n.akter,Night
ALT-001843,2026-06-11 07:37:10,2026-06,Firewall,Outbound to known C2,Low,Defense Evasion,False Positive,No,m.hasan,Morning
ALT-001845,2026-06-11 08:28:47,2026-06,WAF,Web shell upload,Low,Defense Evasion,True Positive,No,s.khatun,Morning
ALT-001848,2026-06-11 09:04:24,2026-06,WAF,XSS attempt,Low,Credential Access,False Positive,No,n.akter,Morning
ALT-001842,2026-06-11 09:15:41,2026-06,SIEM,Logon from disabled account,Low,Discovery,True Positive,No,t.begum,Morning
ALT-001832,2026-06-11 09:30:31,2026-06,IDS,SMB lateral movement,Low,Lateral Movement,True Positive,Yes,s.khatun,Morning
ALT-001834,2026-06-11 09:42:52,2026-06,EDR,Unsigned driver load,Medium,Command and Control,False Positive,No,m.hasan,Morning
ALT-001838,2026-06-11 10:40:16,2026-06,EDR,Suspicious PowerShell,Medium,Execution,False Positive,No,r.islam,Morning
ALT-001833,2026-06-11 12:17:38,2026-06,Email-GW,Business email compromise,Medium,Persistence,True Positive,Yes,t.begum,Morning
ALT-001846,2026-06-11 12:47:11,2026-06,SIEM,Logon from disabled account,High,Lateral Movement,Duplicate,No,t.begum,Morning
ALT-001840,2026-06-11 12:56:29,2026-06,EDR,Suspicious PowerShell,High,Collection,False Positive,No,t.begum,Morning
ALT-001852,2026-06-11 13:03:45,2026-06,SIEM,Audit log cleared,Medium,Command and Control,False Positive,No,a.rahman,Morning
ALT-001836,2026-06-11 13:10:06,2026-06,SIEM,Impossible travel,Low,Lateral Movement,False Positive,No,m.hasan,Morning
ALT-001849,2026-06-11 15:01:42,2026-06,IDS,Cobalt Strike beacon,Medium,Privilege Escalation,False Positive,No,a.rahman,Evening
ALT-001844,2026-06-11 15:16:50,2026-06,Email-GW,Spoofed internal sender,Low,Persistence,True Positive,Yes,s.khatun,Evening
ALT-001839,2026-06-11 15:40:15,2026-06,SIEM,Audit log cleared,High,Collection,Benign True Positive,No,t.begum,Evening
ALT-001847,2026-06-11 15:51:53,2026-06,Firewall,Outbound to known C2,Low,Initial Access,False Positive,No,m.hasan,Evening
ALT-001854,2026-06-11 16:24:26,2026-06,SIEM,Logon from disabled account,Medium,Collection,False Positive,No,a.rahman,Evening
ALT-001851,2026-06-11 17:55:13,2026-06,IDS,Cobalt Strike beacon,Low,Credential Access,False Positive,No,a.rahman,Evening
ALT-001841,2026-06-11 19:13:23,2026-06,SIEM,Audit log cleared,High,Collection,Duplicate,No,r.islam,Evening
ALT-001850,2026-06-11 20:10:27,2026-06,SIEM,Brute-force logon burst,High,Discovery,False Positive,No,r.islam,Evening
ALT-001835,2026-06-11 22:05:16,2026-06,SIEM,New privileged account,Medium,Lateral Movement,False Positive,No,a.rahman,Night
ALT-001837,2026-06-11 23:17:30,2026-06,Firewall,DNS tunneling pattern,Low,Lateral Movement,Benign True Positive,No,n.akter,Night
ALT-001862,2026-06-12 02:08:18,2026-06,SIEM,Impossible travel,Low,Privilege Escalation,True Positive,Yes,r.islam,Night
ALT-001868,2026-06-12 07:28:34,2026-06,WAF,XSS attempt,Medium,Initial Access,False Positive,No,t.begum,Morning
ALT-001859,2026-06-12 09:19:59,2026-06,Firewall,DNS tunneling pattern,Medium,Credential Access,True Positive,No,s.khatun,Morning
ALT-001856,2026-06-12 09:51:05,2026-06,Firewall,Inbound port scan,High,Execution,False Positive,No,s.khatun,Morning
ALT-001865,2026-06-12 10:06:52,2026-06,SIEM,Audit log cleared,High,Command and Control,False Positive,No,r.islam,Morning
ALT-001858,2026-06-12 11:30:32,2026-06,Email-GW,Business email compromise,Medium,Command and Control,Benign True Positive,No,s.khatun,Morning
ALT-001857,2026-06-12 12:52:26,2026-06,SIEM,Audit log cleared,High,Discovery,False Positive,No,n.akter,Morning
ALT-001869,2026-06-12 13:13:37,2026-06,WAF,Path traversal,Medium,Privilege Escalation,False Positive,No,t.begum,Morning
ALT-001867,2026-06-12 13:25:55,2026-06,SIEM,Logon from disabled account,Low,Discovery,Benign True Positive,No,m.hasan,Morning
ALT-001863,2026-06-12 14:57:49,2026-06,CASB,OAuth grant to risky app,Low,Command and Control,False Positive,No,a.rahman,Evening
ALT-001866,2026-06-12 15:59:07,2026-06,WAF,SQL injection attempt,Medium,Command and Control,False Positive,No,m.hasan,Evening
ALT-001864,2026-06-12 16:28:28,2026-06,EDR,Ransomware canary file,High,Lateral Movement,False Positive,No,n.akter,Evening
ALT-001860,2026-06-12 16:32:54,2026-06,Email-GW,Spoofed internal sender,Medium,Defense Evasion,False Positive,No,s.khatun,Evening
ALT-001861,2026-06-12 16:44:26,2026-06,EDR,Unsigned driver load,High,Credential Access,False Positive,No,s.khatun,Evening
ALT-001875,2026-06-13 06:52:36,2026-06,Firewall,Outbound to known C2,Low,Discovery,Benign True Positive,No,n.akter,Morning
ALT-001870,2026-06-13 10:47:23,2026-06,WAF,Path traversal,Low,Impact,False Positive,No,r.islam,Morning
ALT-001874,2026-06-13 12:01:41,2026-06,EDR,LOLBin execution,Low,Impact,False Positive,No,a.rahman,Morning
ALT-001872,2026-06-13 15:06:27,2026-06,SIEM,Mass file download,Low,Discovery,False Positive,No,m.hasan,Evening
ALT-001871,2026-06-13 15:48:44,2026-06,EDR,Process hollowing,Low,Discovery,True Positive,No,n.akter,Evening
ALT-001876,2026-06-13 16:47:58,2026-06,EDR,LOLBin execution,Medium,Persistence,False Positive,No,t.begum,Evening
ALT-001873,2026-06-13 16:58:56,2026-06,SIEM,Logon from disabled account,High,Credential Access,Benign True Positive,No,a.rahman,Evening
ALT-001877,2026-06-14 12:35:14,2026-06,Email-GW,Phishing URL,Low,Persistence,True Positive,No,r.islam,Morning
ALT-001879,2026-06-14 16:44:05,2026-06,SIEM,Audit log cleared,High,Discovery,False Positive,No,s.khatun,Evening
ALT-001878,2026-06-14 19:19:55,2026-06,Email-GW,Spoofed internal sender,Medium,Defense Evasion,True Positive,Yes,s.khatun,Evening
ALT-001883,2026-06-15 00:43:18,2026-06,SIEM,Logon from disabled account,Low,Lateral Movement,False Positive,No,a.rahman,Night
ALT-001887,2026-06-15 03:03:59,2026-06,EDR,Ransomware canary file,Critical,Defense Evasion,False Positive,No,t.begum,Night
ALT-001885,2026-06-15 05:31:49,2026-06,Email-GW,Business email compromise,High,Lateral Movement,False Positive,No,m.hasan,Night
ALT-001886,2026-06-15 07:01:38,2026-06,SIEM,Mass file download,Low,Discovery,False Positive,No,n.akter,Morning
ALT-001889,2026-06-15 07:33:56,2026-06,SIEM,Mass file download,High,Lateral Movement,False Positive,No,s.khatun,Morning
ALT-001897,2026-06-15 08:02:07,2026-06,WAF,Path traversal,High,Discovery,Benign True Positive,No,s.khatun,Morning
ALT-001892,2026-06-15 10:19:15,2026-06,SIEM,Logon from disabled account,Low,Discovery,True Positive,No,t.begum,Morning
ALT-001882,2026-06-15 11:26:08,2026-06,Email-GW,Business email compromise,Low,Discovery,False Positive,No,r.islam,Morning
ALT-001891,2026-06-15 11:33:57,2026-06,EDR,Suspicious PowerShell,Medium,Credential Access,True Positive,No,n.akter,Morning
ALT-001890,2026-06-15 11:49:31,2026-06,Firewall,Tor exit node traffic,Medium,Persistence,Benign True Positive,No,s.khatun,Morning
ALT-001880,2026-06-15 13:37:17,2026-06,Firewall,Outbound to known C2,Low,Persistence,False Positive,No,s.khatun,Morning
ALT-001881,2026-06-15 15:21:10,2026-06,IDS,Cobalt Strike beacon,Low,Persistence,False Positive,No,n.akter,Evening
ALT-001894,2026-06-15 15:26:03,2026-06,IDS,SMB lateral movement,Low,Credential Access,False Positive,No,n.akter,Evening
ALT-001884,2026-06-15 15:36:44,2026-06,SIEM,Mass file download,Low,Execution,Benign True Positive,No,a.rahman,Evening
ALT-001896,2026-06-15 16:13:20,2026-06,Email-GW,Phishing URL,Medium,Defense Evasion,True Positive,No,s.khatun,Evening
ALT-001893,2026-06-15 16:54:55,2026-06,Email-GW,Spoofed internal sender,High,Privilege Escalation,True Positive,No,n.akter,Evening
ALT-001888,2026-06-15 17:31:59,2026-06,EDR,Suspicious PowerShell,Low,Exfiltration,False Positive,No,n.akter,Evening
ALT-001895,2026-06-15 19:16:35,2026-06,SIEM,Audit log cleared,Critical,Impact,True Positive,Yes,r.islam,Evening
ALT-001906,2026-06-16 04:43:31,2026-06,EDR,Ransomware canary file,Low,Exfiltration,True Positive,No,a.rahman,Night
ALT-001911,2026-06-16 05:28:35,2026-06,Firewall,Outbound to known C2,Medium,Lateral Movement,False Positive,No,r.islam,Night
ALT-001900,2026-06-16 06:14:55,2026-06,EDR,Unsigned driver load,Low,Execution,False Positive,No,m.hasan,Morning
ALT-001905,2026-06-16 06:29:33,2026-06,WAF,SQL injection attempt,Low,Command and Control,False Positive,No,n.akter,Morning
ALT-001898,2026-06-16 07:31:44,2026-06,Email-GW,Business email compromise,Medium,Privilege Escalation,True Positive,Yes,a.rahman,Morning
ALT-001901,2026-06-16 08:05:35,2026-06,EDR,Unsigned driver load,Low,Defense Evasion,False Positive,No,a.rahman,Morning
ALT-001899,2026-06-16 09:42:55,2026-06,IDS,EternalBlue exploit,Critical,Persistence,True Positive,Yes,r.islam,Morning
ALT-001904,2026-06-16 10:56:11,2026-06,EDR,Credential dumping tool,High,Initial Access,True Positive,Yes,s.khatun,Morning
ALT-001912,2026-06-16 12:16:46,2026-06,Email-GW,Business email compromise,High,Exfiltration,Benign True Positive,No,n.akter,Morning
ALT-001914,2026-06-16 12:29:03,2026-06,Email-GW,Business email compromise,Low,Discovery,True Positive,No,m.hasan,Morning
ALT-001910,2026-06-16 13:07:57,2026-06,WAF,Path traversal,Low,Collection,True Positive,No,t.begum,Morning
ALT-001903,2026-06-16 13:21:33,2026-06,SIEM,New privileged account,High,Privilege Escalation,False Positive,No,m.hasan,Morning
ALT-001907,2026-06-16 13:27:37,2026-06,Email-GW,Phishing URL,High,Credential Access,False Positive,No,s.khatun,Morning
ALT-001902,2026-06-16 13:57:00,2026-06,Firewall,Inbound port scan,Low,Execution,False Positive,No,s.khatun,Morning
ALT-001913,2026-06-16 14:55:57,2026-06,SIEM,Audit log cleared,Low,Discovery,False Positive,No,n.akter,Evening
ALT-001908,2026-06-16 16:21:41,2026-06,Email-GW,Business email compromise,Low,Lateral Movement,False Positive,No,n.akter,Evening
ALT-001916,2026-06-16 16:27:17,2026-06,SIEM,Brute-force logon burst,Low,Execution,False Positive,No,a.rahman,Evening
ALT-001909,2026-06-16 17:01:52,2026-06,SIEM,Mass file download,Medium,Persistence,Duplicate,No,n.akter,Evening
ALT-001915,2026-06-16 17:35:02,2026-06,CASB,Mass external share,Medium,Exfiltration,True Positive,No,a.rahman,Evening
ALT-001920,2026-06-17 07:02:42,2026-06,WAF,Path traversal,Medium,Defense Evasion,True Positive,No,m.hasan,Morning
ALT-001924,2026-06-17 09:00:55,2026-06,SIEM,Brute-force logon burst,Low,Exfiltration,False Positive,No,r.islam,Morning
ALT-001928,2026-06-17 09:31:39,2026-06,SIEM,Logon from disabled account,Low,Execution,False Positive,No,m.hasan,Morning
ALT-001931,2026-06-17 09:34:07,2026-06,SIEM,Brute-force logon burst,Medium,Discovery,False Positive,No,t.begum,Morning
ALT-001926,2026-06-17 09:57:44,2026-06,Email-GW,Phishing URL,High,Persistence,False Positive,No,t.begum,Morning
ALT-001922,2026-06-17 10:35:00,2026-06,IDS,Nmap scan,Medium,Lateral Movement,True Positive,No,t.begum,Morning
ALT-001919,2026-06-17 11:27:11,2026-06,SIEM,Logon from disabled account,Medium,Defense Evasion,True Positive,No,n.akter,Morning
ALT-001921,2026-06-17 11:51:45,2026-06,SIEM,New privileged account,Medium,Execution,Benign True Positive,No,a.rahman,Morning
ALT-001917,2026-06-17 13:44:56,2026-06,SIEM,New privileged account,Medium,Initial Access,False Positive,No,a.rahman,Morning
ALT-001918,2026-06-17 15:01:07,2026-06,SIEM,Logon from disabled account,Critical,Discovery,False Positive,No,t.begum,Evening
ALT-001927,2026-06-17 16:03:50,2026-06,SIEM,Impossible travel,High,Initial Access,False Positive,No,s.khatun,Evening
ALT-001932,2026-06-17 16:58:21,2026-06,EDR,LOLBin execution,Medium,Execution,True Positive,Yes,a.rahman,Evening
ALT-001930,2026-06-17 17:05:49,2026-06,EDR,Process hollowing,Medium,Defense Evasion,False Positive,No,r.islam,Evening
ALT-001923,2026-06-17 17:56:59,2026-06,EDR,LOLBin execution,Medium,Impact,False Positive,No,n.akter,Evening
ALT-001925,2026-06-17 18:47:02,2026-06,CASB,OAuth grant to risky app,High,Execution,False Positive,No,a.rahman,Evening
ALT-001929,2026-06-17 21:09:25,2026-06,Firewall,DNS tunneling pattern,Low,Lateral Movement,False Positive,No,t.begum,Evening
ALT-001955,2026-06-18 01:58:51,2026-06,IDS,Cobalt Strike beacon,Low,Command and Control,True Positive,No,n.akter,Night
ALT-001943,2026-06-18 05:22:14,2026-06,SIEM,Audit log cleared,High,Initial Access,False Positive,No,m.hasan,Night
ALT-001937,2026-06-18 05:59:11,2026-06,SIEM,Logon from disabled account,High,Exfiltration,False Positive,No,r.islam,Night
ALT-001950,2026-06-18 06:15:26,2026-06,WAF,Web shell upload,Low,Defense Evasion,True Positive,No,s.khatun,Morning
ALT-001944,2026-06-18 07:45:46,2026-06,EDR,Ransomware canary file,High,Initial Access,Benign True Positive,No,s.khatun,Morning
ALT-001938,2026-06-18 08:14:48,2026-06,SIEM,Brute-force logon burst,Medium,Privilege Escalation,True Positive,No,n.akter,Morning
ALT-001941,2026-06-18 09:01:44,2026-06,WAF,SQL injection attempt,Critical,Privilege Escalation,True Positive,Yes,n.akter,Morning
ALT-001936,2026-06-18 09:23:58,2026-06,SIEM,Brute-force logon burst,Low,Command and Control,True Positive,No,t.begum,Morning
ALT-001935,2026-06-18 09:30:26,2026-06,SIEM,New privileged account,High,Impact,True Positive,Yes,a.rahman,Morning
ALT-001949,2026-06-18 09:59:10,2026-06,WAF,Web shell upload,Medium,Command and Control,True Positive,No,r.islam,Morning
ALT-001948,2026-06-18 11:36:20,2026-06,EDR,Unsigned driver load,Low,Impact,False Positive,No,m.hasan,Morning
ALT-001933,2026-06-18 11:53:21,2026-06,Email-GW,Business email compromise,Low,Impact,True Positive,No,a.rahman,Morning
ALT-001957,2026-06-18 12:12:48,2026-06,EDR,Ransomware canary file,Medium,Persistence,False Positive,No,a.rahman,Morning
ALT-001940,2026-06-18 12:52:58,2026-06,EDR,Ransomware canary file,Low,Exfiltration,False Positive,No,a.rahman,Morning
ALT-001954,2026-06-18 12:53:51,2026-06,EDR,Suspicious PowerShell,Medium,Persistence,False Positive,No,s.khatun,Morning
ALT-001946,2026-06-18 13:13:09,2026-06,Email-GW,Phishing URL,Low,Defense Evasion,True Positive,No,s.khatun,Morning
ALT-001951,2026-06-18 14:13:28,2026-06,SIEM,Audit log cleared,Low,Persistence,Benign True Positive,No,m.hasan,Evening
ALT-001956,2026-06-18 14:33:56,2026-06,IDS,Cobalt Strike beacon,Critical,Execution,True Positive,No,r.islam,Evening
ALT-001945,2026-06-18 14:54:09,2026-06,Email-GW,Spoofed internal sender,Low,Exfiltration,Benign True Positive,No,a.rahman,Evening
ALT-001952,2026-06-18 15:33:37,2026-06,WAF,XSS attempt,Low,Collection,True Positive,No,r.islam,Evening
ALT-001934,2026-06-18 15:42:47,2026-06,EDR,Ransomware canary file,Medium,Defense Evasion,False Positive,No,a.rahman,Evening
ALT-001939,2026-06-18 16:01:11,2026-06,EDR,Suspicious PowerShell,Low,Lateral Movement,False Positive,No,a.rahman,Evening
ALT-001947,2026-06-18 16:33:21,2026-06,WAF,XSS attempt,Medium,Exfiltration,False Positive,No,m.hasan,Evening
ALT-001953,2026-06-18 17:43:03,2026-06,WAF,Path traversal,Medium,Command and Control,True Positive,Yes,n.akter,Evening
ALT-001942,2026-06-18 21:06:33,2026-06,Firewall,Geo-blocked destination,Low,Defense Evasion,True Positive,No,r.islam,Evening
ALT-001963,2026-06-19 06:21:30,2026-06,SIEM,Impossible travel,Low,Initial Access,Duplicate,No,r.islam,Morning
ALT-001977,2026-06-19 08:42:28,2026-06,IDS,SMB lateral movement,Medium,Persistence,Benign True Positive,No,a.rahman,Morning
ALT-001974,2026-06-19 08:46:26,2026-06,SIEM,Impossible travel,High,Command and Control,True Positive,Yes,s.khatun,Morning
ALT-001959,2026-06-19 11:06:09,2026-06,EDR,Credential dumping tool,Medium,Impact,True Positive,No,a.rahman,Morning
ALT-001958,2026-06-19 11:45:15,2026-06,SIEM,Brute-force logon burst,Low,Credential Access,False Positive,No,t.begum,Morning
ALT-001970,2026-06-19 12:04:44,2026-06,SIEM,New privileged account,Low,Credential Access,True Positive,No,r.islam,Morning
ALT-001966,2026-06-19 12:04:49,2026-06,IDS,EternalBlue exploit,Low,Exfiltration,False Positive,No,m.hasan,Morning
ALT-001978,2026-06-19 12:18:03,2026-06,Email-GW,Malicious attachment,High,Impact,False Positive,No,n.akter,Morning
ALT-001964,2026-06-19 12:49:51,2026-06,SIEM,Mass file download,Low,Privilege Escalation,False Positive,No,t.begum,Morning
ALT-001968,2026-06-19 13:05:55,2026-06,EDR,Credential dumping tool,Low,Command and Control,False Positive,No,s.khatun,Morning
ALT-001972,2026-06-19 13:58:34,2026-06,SIEM,Logon from disabled account,High,Collection,True Positive,Yes,n.akter,Morning
ALT-001979,2026-06-19 13:58:48,2026-06,SIEM,Logon from disabled account,High,Privilege Escalation,Benign True Positive,No,r.islam,Morning
ALT-001973,2026-06-19 13:59:33,2026-06,EDR,LOLBin execution,Low,Exfiltration,False Positive,No,t.begum,Morning
ALT-001967,2026-06-19 14:31:28,2026-06,SIEM,Impossible travel,Medium,Privilege Escalation,Benign True Positive,No,r.islam,Evening
ALT-001975,2026-06-19 14:58:34,2026-06,IDS,EternalBlue exploit,Medium,Defense Evasion,False Positive,No,t.begum,Evening
ALT-001961,2026-06-19 15:29:52,2026-06,EDR,Suspicious PowerShell,Low,Defense Evasion,False Positive,No,t.begum,Evening
ALT-001969,2026-06-19 15:52:34,2026-06,IDS,Nmap scan,High,Defense Evasion,Benign True Positive,No,r.islam,Evening
ALT-001976,2026-06-19 17:10:20,2026-06,SIEM,Mass file download,Medium,Execution,False Positive,No,s.khatun,Evening
ALT-001962,2026-06-19 18:26:20,2026-06,SIEM,New privileged account,Low,Command and Control,False Positive,No,r.islam,Evening
ALT-001960,2026-06-19 18:30:21,2026-06,SIEM,Impossible travel,Low,Discovery,True Positive,No,m.hasan,Evening
ALT-001965,2026-06-19 20:51:43,2026-06,EDR,Ransomware canary file,Medium,Execution,True Positive,Yes,t.begum,Evening
ALT-001971,2026-06-19 22:51:55,2026-06,Email-GW,Phishing URL,Medium,Initial Access,Benign True Positive,No,r.islam,Night
ALT-001982,2026-06-20 07:59:34,2026-06,SIEM,Impossible travel,Low,Collection,True Positive,No,a.rahman,Morning
ALT-001983,2026-06-20 08:22:35,2026-06,SIEM,New privileged account,Medium,Defense Evasion,True Positive,Yes,n.akter,Morning
ALT-001980,2026-06-20 08:36:42,2026-06,Firewall,DNS tunneling pattern,Low,Execution,True Positive,No,a.rahman,Morning
ALT-001981,2026-06-20 17:27:27,2026-06,EDR,Credential dumping tool,Low,Collection,False Positive,No,a.rahman,Evening
ALT-001985,2026-06-21 08:23:37,2026-06,SIEM,Impossible travel,High,Defense Evasion,False Positive,No,t.begum,Morning
ALT-001989,2026-06-21 09:39:35,2026-06,Firewall,Inbound port scan,Medium,Exfiltration,True Positive,Yes,t.begum,Morning
ALT-001987,2026-06-21 11:10:26,2026-06,Email-GW,Business email compromise,Critical,Command and Control,True Positive,Yes,a.rahman,Morning
ALT-001984,2026-06-21 11:31:22,2026-06,SIEM,Impossible travel,High,Persistence,True Positive,Yes,s.khatun,Morning
ALT-001988,2026-06-21 12:08:04,2026-06,WAF,Path traversal,Critical,Exfiltration,True Positive,Yes,m.hasan,Morning
ALT-001986,2026-06-21 21:42:48,2026-06,EDR,Suspicious PowerShell,Low,Execution,False Positive,No,r.islam,Evening
ALT-002000,2026-06-22 02:58:14,2026-06,WAF,SQL injection attempt,High,Persistence,False Positive,No,m.hasan,Night
ALT-001995,2026-06-22 08:48:47,2026-06,Firewall,Outbound to known C2,Medium,Credential Access,True Positive,No,s.khatun,Morning
ALT-001998,2026-06-22 09:38:26,2026-06,WAF,XSS attempt,Low,Initial Access,Duplicate,No,n.akter,Morning
ALT-001991,2026-06-22 10:08:28,2026-06,SIEM,Audit log cleared,Medium,Execution,True Positive,Yes,n.akter,Morning
ALT-001997,2026-06-22 11:19:41,2026-06,EDR,Suspicious PowerShell,Low,Execution,Duplicate,No,s.khatun,Morning
ALT-001994,2026-06-22 13:02:07,2026-06,EDR,Unsigned driver load,Low,Impact,False Positive,No,a.rahman,Morning
ALT-001996,2026-06-22 13:36:52,2026-06,Firewall,Outbound to known C2,Critical,Privilege Escalation,False Positive,No,m.hasan,Morning
ALT-001993,2026-06-22 14:04:20,2026-06,IDS,Cobalt Strike beacon,Low,Collection,Benign True Positive,No,t.begum,Evening
ALT-001999,2026-06-22 15:13:39,2026-06,WAF,Web shell upload,Medium,Impact,False Positive,No,n.akter,Evening
ALT-002002,2026-06-22 17:00:18,2026-06,Firewall,Inbound port scan,Low,Command and Control,Benign True Positive,No,m.hasan,Evening
ALT-001992,2026-06-22 17:21:05,2026-06,EDR,Unsigned driver load,Medium,Execution,False Positive,No,s.khatun,Evening
ALT-002001,2026-06-22 18:15:52,2026-06,Email-GW,Phishing URL,Low,Credential Access,False Positive,No,m.hasan,Evening
ALT-001990,2026-06-22 20:21:06,2026-06,CASB,SaaS impossible travel,Medium,Lateral Movement,False Positive,No,a.rahman,Evening
ALT-002004,2026-06-22 20:21:49,2026-06,WAF,SQL injection attempt,Low,Persistence,False Positive,No,m.hasan,Evening
ALT-002003,2026-06-22 22:45:39,2026-06,Email-GW,Malicious attachment,High,Privilege Escalation,Duplicate,No,a.rahman,Night
ALT-002006,2026-06-23 02:05:37,2026-06,Email-GW,Phishing URL,High,Defense Evasion,False Positive,No,r.islam,Night
ALT-002019,2026-06-23 05:37:06,2026-06,EDR,Process hollowing,Medium,Collection,True Positive,No,a.rahman,Night
ALT-002016,2026-06-23 06:35:07,2026-06,IDS,EternalBlue exploit,Low,Discovery,Duplicate,No,s.khatun,Morning
ALT-002017,2026-06-23 06:42:31,2026-06,Firewall,Outbound to known C2,Low,Execution,Benign True Positive,No,m.hasan,Morning
ALT-002005,2026-06-23 07:03:00,2026-06,SIEM,Mass file download,Low,Execution,False Positive,No,n.akter,Morning
ALT-002015,2026-06-23 08:25:16,2026-06,Firewall,Inbound port scan,Medium,Initial Access,False Positive,No,n.akter,Morning
ALT-002008,2026-06-23 08:45:30,2026-06,CASB,Mass external share,Low,Privilege Escalation,Benign True Positive,No,m.hasan,Morning
ALT-002011,2026-06-23 10:12:04,2026-06,WAF,Web shell upload,High,Discovery,False Positive,No,a.rahman,Morning
ALT-002014,2026-06-23 12:30:22,2026-06,SIEM,Audit log cleared,Low,Persistence,False Positive,No,t.begum,Morning
ALT-002007,2026-06-23 14:09:34,2026-06,Email-GW,Business email compromise,Medium,Privilege Escalation,False Positive,No,m.hasan,Evening
ALT-002010,2026-06-23 16:10:49,2026-06,SIEM,Impossible travel,Low,Execution,True Positive,No,m.hasan,Evening
ALT-002013,2026-06-23 16:25:36,2026-06,Firewall,Geo-blocked destination,Low,Persistence,True Positive,No,s.khatun,Evening
ALT-002020,2026-06-23 16:29:44,2026-06,EDR,Process hollowing,Low,Command and Control,False Positive,No,m.hasan,Evening
ALT-002021,2026-06-23 16:40:23,2026-06,EDR,Ransomware canary file,High,Command and Control,False Positive,No,a.rahman,Evening
ALT-002009,2026-06-23 18:10:12,2026-06,WAF,Web shell upload,Medium,Command and Control,False Positive,No,m.hasan,Evening
ALT-002018,2026-06-23 19:27:23,2026-06,SIEM,Mass file download,Low,Persistence,True Positive,No,s.khatun,Evening
ALT-002012,2026-06-23 22:57:37,2026-06,EDR,Unsigned driver load,Medium,Collection,False Positive,No,n.akter,Night
ALT-002043,2026-06-24 02:36:13,2026-06,EDR,Process hollowing,High,Command and Control,False Positive,No,r.islam,Night
ALT-002029,2026-06-24 05:27:52,2026-06,WAF,SQL injection attempt,Medium,Impact,Duplicate,No,t.begum,Night
ALT-002036,2026-06-24 06:03:46,2026-06,Firewall,Tor exit node traffic,Medium,Initial Access,Benign True Positive,No,n.akter,Morning
ALT-002024,2026-06-24 07:05:49,2026-06,IDS,Nmap scan,Medium,Impact,Benign True Positive,No,s.khatun,Morning
ALT-002041,2026-06-24 07:17:05,2026-06,Email-GW,Phishing URL,High,Command and Control,False Positive,No,s.khatun,Morning
ALT-002028,2026-06-24 07:22:11,2026-06,IDS,Nmap scan,Low,Collection,True Positive,No,t.begum,Morning
ALT-002031,2026-06-24 08:05:07,2026-06,SIEM,Audit log cleared,High,Credential Access,False Positive,No,a.rahman,Morning
ALT-002042,2026-06-24 08:16:26,2026-06,SIEM,Logon from disabled account,Medium,Defense Evasion,Benign True Positive,No,m.hasan,Morning
ALT-002027,2026-06-24 09:45:10,2026-06,SIEM,Logon from disabled account,Low,Collection,False Positive,No,m.hasan,Morning
ALT-002033,2026-06-24 09:49:04,2026-06,EDR,LOLBin execution,Medium,Lateral Movement,False Positive,No,a.rahman,Morning
ALT-002039,2026-06-24 11:00:29,2026-06,SIEM,Brute-force logon burst,Low,Privilege Escalation,True Positive,No,r.islam,Morning
ALT-002044,2026-06-24 11:34:47,2026-06,IDS,EternalBlue exploit,High,Credential Access,False Positive,No,s.khatun,Morning
ALT-002037,2026-06-24 12:04:26,2026-06,SIEM,Mass file download,Low,Lateral Movement,False Positive,No,m.hasan,Morning
ALT-002046,2026-06-24 12:19:29,2026-06,EDR,Suspicious PowerShell,Low,Discovery,False Positive,No,m.hasan,Morning
ALT-002023,2026-06-24 12:39:50,2026-06,IDS,Cobalt Strike beacon,Low,Initial Access,False Positive,No,s.khatun,Morning
ALT-002025,2026-06-24 13:49:29,2026-06,IDS,Cobalt Strike beacon,High,Credential Access,Benign True Positive,No,t.begum,Morning
ALT-002034,2026-06-24 13:59:06,2026-06,SIEM,Brute-force logon burst,Medium,Discovery,False Positive,No,r.islam,Morning
ALT-002030,2026-06-24 14:35:23,2026-06,SIEM,Mass file download,Medium,Persistence,False Positive,No,r.islam,Evening
ALT-002040,2026-06-24 16:57:37,2026-06,EDR,Suspicious PowerShell,Low,Initial Access,True Positive,No,s.khatun,Evening
ALT-002032,2026-06-24 17:05:01,2026-06,SIEM,Brute-force logon burst,Medium,Initial Access,False Positive,No,n.akter,Evening
ALT-002038,2026-06-24 17:42:01,2026-06,EDR,Credential dumping tool,Low,Discovery,False Positive,No,r.islam,Evening
ALT-002022,2026-06-24 18:08:31,2026-06,EDR,Process hollowing,Low,Exfiltration,Benign True Positive,No,n.akter,Evening
ALT-002035,2026-06-24 19:40:17,2026-06,EDR,Process hollowing,Low,Exfiltration,False Positive,No,s.khatun,Evening
ALT-002045,2026-06-24 19:49:25,2026-06,Email-GW,Malicious attachment,Low,Impact,False Positive,No,s.khatun,Evening
ALT-002026,2026-06-24 21:48:55,2026-06,SIEM,Impossible travel,Low,Initial Access,False Positive,No,m.hasan,Evening
ALT-002049,2026-06-25 04:00:39,2026-06,CASB,Mass external share,High,Credential Access,False Positive,No,s.khatun,Night
ALT-002055,2026-06-25 04:42:37,2026-06,WAF,SQL injection attempt,Low,Privilege Escalation,True Positive,No,m.hasan,Night
ALT-002063,2026-06-25 06:15:21,2026-06,EDR,Process hollowing,High,Defense Evasion,True Positive,Yes,a.rahman,Morning
ALT-002064,2026-06-25 07:33:59,2026-06,Firewall,Inbound port scan,High,Command and Control,True Positive,Yes,r.islam,Morning
ALT-002052,2026-06-25 08:01:18,2026-06,EDR,LOLBin execution,Critical,Credential Access,False Positive,No,a.rahman,Morning
ALT-002050,2026-06-25 08:15:55,2026-06,CASB,Mass external share,High,Privilege Escalation,False Positive,No,t.begum,Morning
ALT-002059,2026-06-25 08:37:35,2026-06,WAF,Path traversal,Medium,Execution,True Positive,Yes,t.begum,Morning
ALT-002058,2026-06-25 10:30:15,2026-06,EDR,Process hollowing,Low,Execution,True Positive,Yes,m.hasan,Morning
ALT-002062,2026-06-25 11:14:53,2026-06,WAF,XSS attempt,Low,Discovery,False Positive,No,a.rahman,Morning
ALT-002047,2026-06-25 12:28:16,2026-06,Firewall,Tor exit node traffic,Medium,Command and Control,Benign True Positive,No,n.akter,Morning
ALT-002048,2026-06-25 12:44:07,2026-06,Email-GW,Phishing URL,High,Execution,False Positive,No,a.rahman,Morning
ALT-002056,2026-06-25 12:48:51,2026-06,SIEM,Audit log cleared,Low,Discovery,Benign True Positive,No,a.rahman,Morning
ALT-002053,2026-06-25 13:36:26,2026-06,Email-GW,Spoofed internal sender,High,Persistence,True Positive,Yes,t.begum,Morning
ALT-002061,2026-06-25 15:30:02,2026-06,SIEM,Logon from disabled account,Critical,Discovery,Benign True Positive,No,m.hasan,Evening
ALT-002057,2026-06-25 16:03:30,2026-06,WAF,Web shell upload,High,Initial Access,True Positive,No,a.rahman,Evening
ALT-002060,2026-06-25 16:04:36,2026-06,Email-GW,Business email compromise,Low,Credential Access,False Positive,No,m.hasan,Evening
ALT-002051,2026-06-25 16:09:15,2026-06,SIEM,Audit log cleared,Low,Persistence,True Positive,No,t.begum,Evening
ALT-002054,2026-06-25 20:00:49,2026-06,SIEM,Brute-force logon burst,Low,Exfiltration,False Positive,No,m.hasan,Evening
ALT-002082,2026-06-26 03:57:20,2026-06,SIEM,Impossible travel,Low,Persistence,False Positive,No,s.khatun,Night
ALT-002077,2026-06-26 06:17:23,2026-06,EDR,Suspicious PowerShell,Low,Collection,Benign True Positive,No,n.akter,Morning
ALT-002066,2026-06-26 06:45:21,2026-06,WAF,XSS attempt,Medium,Collection,Benign True Positive,No,t.begum,Morning
ALT-002080,2026-06-26 09:21:25,2026-06,SIEM,New privileged account,High,Execution,False Positive,No,r.islam,Morning
ALT-002084,2026-06-26 09:47:01,2026-06,Email-GW,Malicious attachment,Medium,Command and Control,True Positive,Yes,t.begum,Morning
ALT-002085,2026-06-26 10:18:40,2026-06,WAF,XSS attempt,Low,Persistence,True Positive,No,n.akter,Morning
ALT-002072,2026-06-26 11:59:10,2026-06,EDR,Process hollowing,Medium,Privilege Escalation,False Positive,No,s.khatun,Morning
ALT-002071,2026-06-26 12:30:25,2026-06,SIEM,Brute-force logon burst,High,Execution,True Positive,Yes,m.hasan,Morning
ALT-002083,2026-06-26 12:53:43,2026-06,Firewall,Tor exit node traffic,Low,Defense Evasion,Benign True Positive,No,t.begum,Morning
ALT-002076,2026-06-26 13:52:15,2026-06,SIEM,Mass file download,Medium,Command and Control,True Positive,No,r.islam,Morning
ALT-002068,2026-06-26 14:05:03,2026-06,WAF,XSS attempt,Low,Lateral Movement,False Positive,No,a.rahman,Evening
ALT-002074,2026-06-26 14:11:12,2026-06,EDR,Unsigned driver load,Medium,Impact,False Positive,No,n.akter,Evening
ALT-002069,2026-06-26 14:58:14,2026-06,Email-GW,Business email compromise,Low,Privilege Escalation,False Positive,No,r.islam,Evening
ALT-002075,2026-06-26 15:13:00,2026-06,SIEM,Impossible travel,Low,Impact,True Positive,No,m.hasan,Evening
ALT-002079,2026-06-26 15:50:41,2026-06,SIEM,New privileged account,Medium,Command and Control,True Positive,Yes,r.islam,Evening
ALT-002081,2026-06-26 16:15:57,2026-06,SIEM,Mass file download,Low,Privilege Escalation,False Positive,No,m.hasan,Evening
ALT-002073,2026-06-26 16:26:48,2026-06,EDR,Process hollowing,Critical,Privilege Escalation,False Positive,No,s.khatun,Evening
ALT-002070,2026-06-26 16:37:51,2026-06,SIEM,New privileged account,Medium,Collection,False Positive,No,m.hasan,Evening
ALT-002078,2026-06-26 17:43:00,2026-06,CASB,OAuth grant to risky app,Medium,Credential Access,False Positive,No,m.hasan,Evening
ALT-002065,2026-06-26 19:34:29,2026-06,EDR,LOLBin execution,Medium,Persistence,False Positive,No,t.begum,Evening
ALT-002067,2026-06-26 19:53:18,2026-06,SIEM,Audit log cleared,High,Persistence,False Positive,No,t.begum,Evening
ALT-002087,2026-06-27 07:36:19,2026-06,EDR,Ransomware canary file,Low,Exfiltration,False Positive,No,s.khatun,Morning
ALT-002086,2026-06-27 08:16:39,2026-06,EDR,Process hollowing,Low,Collection,Benign True Positive,No,n.akter,Morning
ALT-002091,2026-06-27 11:32:02,2026-06,WAF,Path traversal,Low,Command and Control,False Positive,No,n.akter,Morning
ALT-002090,2026-06-27 15:02:31,2026-06,IDS,Cobalt Strike beacon,Low,Initial Access,True Positive,No,s.khatun,Evening
ALT-002088,2026-06-27 17:45:15,2026-06,WAF,XSS attempt,Medium,Exfiltration,True Positive,No,r.islam,Evening
ALT-002089,2026-06-27 19:16:20,2026-06,SIEM,Mass file download,Medium,Lateral Movement,True Positive,No,n.akter,Evening
ALT-002095,2026-06-28 04:34:54,2026-06,Firewall,Geo-blocked destination,Low,Execution,True Positive,No,n.akter,Night
ALT-002092,2026-06-28 08:48:44,2026-06,SIEM,Mass file download,Medium,Initial Access,False Positive,No,n.akter,Morning
ALT-002094,2026-06-28 11:31:17,2026-06,Email-GW,Spoofed internal sender,High,Command and Control,False Positive,No,s.khatun,Morning
ALT-002093,2026-06-28 16:56:06,2026-06,SIEM,Audit log cleared,Medium,Privilege Escalation,True Positive,Yes,t.begum,Evening
ALT-002096,2026-06-28 17:10:36,2026-06,SIEM,Brute-force logon burst,Low,Command and Control,True Positive,No,s.khatun,Evening
ALT-002098,2026-06-29 07:49:32,2026-06,SIEM,Mass file download,Low,Defense Evasion,True Positive,No,s.khatun,Morning
ALT-002108,2026-06-29 09:36:58,2026-06,SIEM,Logon from disabled account,Low,Initial Access,False Positive,No,r.islam,Morning
ALT-002102,2026-06-29 09:37:42,2026-06,WAF,Web shell upload,Medium,Defense Evasion,False Positive,No,t.begum,Morning
ALT-002112,2026-06-29 11:08:26,2026-06,IDS,Nmap scan,Low,Discovery,True Positive,No,s.khatun,Morning
ALT-002099,2026-06-29 11:16:05,2026-06,EDR,LOLBin execution,Low,Exfiltration,False Positive,No,s.khatun,Morning
ALT-002109,2026-06-29 11:38:08,2026-06,Email-GW,Malicious attachment,Critical,Lateral Movement,False Positive,No,n.akter,Morning
ALT-002110,2026-06-29 11:54:01,2026-06,SIEM,Impossible travel,Medium,Lateral Movement,True Positive,Yes,a.rahman,Morning
ALT-002106,2026-06-29 12:20:58,2026-06,SIEM,New privileged account,Medium,Lateral Movement,Benign True Positive,No,a.rahman,Morning
ALT-002100,2026-06-29 13:40:26,2026-06,EDR,Ransomware canary file,Medium,Persistence,False Positive,No,r.islam,Morning
ALT-002107,2026-06-29 14:30:54,2026-06,WAF,XSS attempt,Low,Lateral Movement,True Positive,No,n.akter,Evening
ALT-002101,2026-06-29 14:33:08,2026-06,SIEM,Brute-force logon burst,Medium,Lateral Movement,False Positive,No,s.khatun,Evening
ALT-002104,2026-06-29 14:46:12,2026-06,EDR,Ransomware canary file,Medium,Privilege Escalation,True Positive,Yes,a.rahman,Evening
ALT-002103,2026-06-29 15:31:55,2026-06,SIEM,New privileged account,Medium,Privilege Escalation,True Positive,Yes,m.hasan,Evening
ALT-002111,2026-06-29 15:59:04,2026-06,Firewall,DNS tunneling pattern,High,Privilege Escalation,True Positive,No,t.begum,Evening
ALT-002105,2026-06-29 16:00:37,2026-06,WAF,XSS attempt,Low,Collection,False Positive,No,r.islam,Evening
ALT-002097,2026-06-29 18:56:02,2026-06,EDR,LOLBin execution,High,Initial Access,True Positive,Yes,s.khatun,Evening
ALT-002126,2026-06-30 04:31:43,2026-06,SIEM,Logon from disabled account,Low,Discovery,False Positive,No,r.islam,Night
ALT-002127,2026-06-30 08:07:12,2026-06,SIEM,Brute-force logon burst,Critical,Persistence,Benign True Positive,No,a.rahman,Morning
ALT-002124,2026-06-30 08:16:59,2026-06,IDS,EternalBlue exploit,Low,Discovery,True Positive,No,s.khatun,Morning
ALT-002122,2026-06-30 08:32:50,2026-06,Email-GW,Phishing URL,Low,Collection,False Positive,No,s.khatun,Morning
ALT-002114,2026-06-30 08:57:14,2026-06,Firewall,DNS tunneling pattern,Medium,Credential Access,False Positive,No,t.begum,Morning
ALT-002115,2026-06-30 09:26:04,2026-06,EDR,Unsigned driver load,High,Impact,False Positive,No,t.begum,Morning
ALT-002135,2026-06-30 10:09:29,2026-06,Firewall,Tor exit node traffic,High,Execution,True Positive,No,a.rahman,Morning
ALT-002121,2026-06-30 10:20:40,2026-06,SIEM,Mass file download,Low,Exfiltration,False Positive,No,a.rahman,Morning
ALT-002117,2026-06-30 10:50:03,2026-06,Email-GW,Malicious attachment,Critical,Impact,Duplicate,No,s.khatun,Morning
ALT-002125,2026-06-30 11:49:51,2026-06,Firewall,Geo-blocked destination,Medium,Initial Access,False Positive,No,n.akter,Morning
ALT-002130,2026-06-30 12:59:17,2026-06,SIEM,Logon from disabled account,Medium,Execution,True Positive,Yes,t.begum,Morning
ALT-002119,2026-06-30 13:18:27,2026-06,Email-GW,Phishing URL,Medium,Collection,True Positive,Yes,n.akter,Morning
ALT-002118,2026-06-30 13:52:12,2026-06,SIEM,Impossible travel,High,Collection,Benign True Positive,No,r.islam,Morning
ALT-002123,2026-06-30 15:03:24,2026-06,Firewall,DNS tunneling pattern,Medium,Persistence,Benign True Positive,No,s.khatun,Evening
ALT-002128,2026-06-30 15:09:36,2026-06,SIEM,Audit log cleared,Low,Privilege Escalation,Benign True Positive,No,s.khatun,Evening
ALT-002134,2026-06-30 15:20:58,2026-06,SIEM,Logon from disabled account,High,Discovery,True Positive,Yes,n.akter,Evening
ALT-002129,2026-06-30 15:25:05,2026-06,SIEM,Logon from disabled account,High,Discovery,False Positive,No,m.hasan,Evening
ALT-002113,2026-06-30 15:34:53,2026-06,SIEM,New privileged account,Critical,Collection,False Positive,No,t.begum,Evening
ALT-002116,2026-06-30 16:39:47,2026-06,CASB,SaaS impossible travel,Low,Privilege Escalation,True Positive,No,r.islam,Evening
ALT-002120,2026-06-30 16:42:07,2026-06,WAF,Web shell upload,High,Privilege Escalation,True Positive,Yes,n.akter,Evening
ALT-002133,2026-06-30 18:12:52,2026-06,SIEM,Impossible travel,Low,Command and Control,False Positive,No,r.islam,Evening
ALT-002131,2026-06-30 18:36:51,2026-06,EDR,Unsigned driver load,Low,Discovery,True Positive,No,r.islam,Evening
ALT-002132,2026-06-30 22:50:54,2026-06,EDR,Credential dumping tool,High,Lateral Movement,True Positive,Yes,m.hasan,Night
ALT-002144,2026-07-01 09:09:31,2026-07,SIEM,Impossible travel,Low,Lateral Movement,False Positive,No,t.begum,Morning
ALT-002149,2026-07-01 09:45:19,2026-07,SIEM,New privileged account,Low,Credential Access,True Positive,No,n.akter,Morning
ALT-002152,2026-07-01 09:54:16,2026-07,Firewall,Geo-blocked destination,Medium,Defense Evasion,Benign True Positive,No,r.islam,Morning
ALT-002137,2026-07-01 10:03:30,2026-07,SIEM,Logon from disabled account,Medium,Lateral Movement,False Positive,No,s.khatun,Morning
ALT-002151,2026-07-01 11:29:24,2026-07,SIEM,Impossible travel,High,Credential Access,False Positive,No,n.akter,Morning
ALT-002154,2026-07-01 13:25:07,2026-07,SIEM,Brute-force logon burst,High,Lateral Movement,True Positive,Yes,a.rahman,Morning
ALT-002150,2026-07-01 14:29:32,2026-07,IDS,Cobalt Strike beacon,Medium,Initial Access,False Positive,No,m.hasan,Evening
ALT-002142,2026-07-01 14:47:30,2026-07,IDS,SMB lateral movement,High,Privilege Escalation,True Positive,Yes,n.akter,Evening
ALT-002139,2026-07-01 14:55:26,2026-07,WAF,SQL injection attempt,Low,Impact,Duplicate,No,n.akter,Evening
ALT-002136,2026-07-01 15:17:08,2026-07,EDR,Credential dumping tool,High,Privilege Escalation,True Positive,No,a.rahman,Evening
ALT-002148,2026-07-01 15:35:59,2026-07,WAF,SQL injection attempt,Medium,Exfiltration,False Positive,No,m.hasan,Evening
ALT-002140,2026-07-01 16:13:35,2026-07,SIEM,Brute-force logon burst,High,Defense Evasion,Benign True Positive,No,r.islam,Evening
ALT-002138,2026-07-01 17:19:56,2026-07,IDS,EternalBlue exploit,High,Discovery,True Positive,Yes,n.akter,Evening
ALT-002143,2026-07-01 17:42:06,2026-07,SIEM,Logon from disabled account,High,Command and Control,False Positive,No,s.khatun,Evening
ALT-002146,2026-07-01 17:43:42,2026-07,Email-GW,Malicious attachment,Critical,Lateral Movement,True Positive,Yes,n.akter,Evening
ALT-002141,2026-07-01 19:27:05,2026-07,SIEM,Brute-force logon burst,High,Exfiltration,False Positive,No,s.khatun,Evening
ALT-002145,2026-07-01 20:02:43,2026-07,SIEM,Brute-force logon burst,Low,Exfiltration,False Positive,No,r.islam,Evening
ALT-002153,2026-07-01 20:05:31,2026-07,Firewall,Inbound port scan,Low,Persistence,Duplicate,No,m.hasan,Evening
ALT-002147,2026-07-01 20:44:30,2026-07,SIEM,New privileged account,Medium,Credential Access,True Positive,No,r.islam,Evening
ALT-002168,2026-07-02 06:04:28,2026-07,Email-GW,Phishing URL,Medium,Execution,False Positive,No,s.khatun,Morning
ALT-002173,2026-07-02 06:14:05,2026-07,IDS,Cobalt Strike beacon,Medium,Privilege Escalation,Benign True Positive,No,a.rahman,Morning
ALT-002171,2026-07-02 08:16:30,2026-07,EDR,Unsigned driver load,Medium,Credential Access,Benign True Positive,No,n.akter,Morning
ALT-002167,2026-07-02 08:51:04,2026-07,WAF,SQL injection attempt,Medium,Command and Control,False Positive,No,t.begum,Morning
ALT-002159,2026-07-02 09:36:37,2026-07,Firewall,Tor exit node traffic,Low,Impact,False Positive,No,s.khatun,Morning
ALT-002157,2026-07-02 09:43:42,2026-07,CASB,OAuth grant to risky app,Medium,Persistence,True Positive,Yes,s.khatun,Morning
ALT-002158,2026-07-02 09:53:43,2026-07,IDS,Cobalt Strike beacon,High,Initial Access,False Positive,No,m.hasan,Morning
ALT-002162,2026-07-02 10:17:29,2026-07,Firewall,Geo-blocked destination,Critical,Collection,True Positive,Yes,m.hasan,Morning
ALT-002172,2026-07-02 10:58:54,2026-07,Firewall,Inbound port scan,Low,Exfiltration,True Positive,No,r.islam,Morning
ALT-002163,2026-07-02 11:21:11,2026-07,SIEM,Impossible travel,Low,Credential Access,True Positive,Yes,r.islam,Morning
ALT-002169,2026-07-02 11:23:39,2026-07,Firewall,Tor exit node traffic,Low,Impact,False Positive,No,a.rahman,Morning
ALT-002165,2026-07-02 11:43:10,2026-07,SIEM,Mass file download,Low,Command and Control,True Positive,No,m.hasan,Morning
ALT-002156,2026-07-02 12:19:04,2026-07,IDS,EternalBlue exploit,Medium,Discovery,False Positive,No,n.akter,Morning
ALT-002160,2026-07-02 12:58:01,2026-07,WAF,XSS attempt,High,Impact,False Positive,No,m.hasan,Morning
ALT-002170,2026-07-02 13:46:00,2026-07,WAF,SQL injection attempt,Low,Persistence,True Positive,No,n.akter,Morning
ALT-002166,2026-07-02 17:18:59,2026-07,WAF,XSS attempt,Low,Defense Evasion,False Positive,No,m.hasan,Evening
ALT-002155,2026-07-02 18:14:49,2026-07,IDS,Nmap scan,Medium,Initial Access,False Positive,No,a.rahman,Evening
ALT-002161,2026-07-02 18:58:02,2026-07,Firewall,Tor exit node traffic,Medium,Exfiltration,False Positive,No,n.akter,Evening
ALT-002164,2026-07-02 22:36:55,2026-07,WAF,XSS attempt,High,Persistence,True Positive,Yes,t.begum,Night
ALT-002180,2026-07-03 08:27:17,2026-07,EDR,Suspicious PowerShell,Low,Discovery,False Positive,No,t.begum,Morning
ALT-002189,2026-07-03 08:42:26,2026-07,SIEM,Mass file download,High,Initial Access,False Positive,No,s.khatun,Morning
ALT-002190,2026-07-03 09:03:54,2026-07,Firewall,Tor exit node traffic,Medium,Defense Evasion,True Positive,No,r.islam,Morning
ALT-002175,2026-07-03 09:45:05,2026-07,Firewall,Inbound port scan,Low,Collection,Duplicate,No,s.khatun,Morning
ALT-002176,2026-07-03 09:55:48,2026-07,SIEM,Audit log cleared,Medium,Impact,False Positive,No,t.begum,Morning
ALT-002177,2026-07-03 10:07:11,2026-07,IDS,Nmap scan,High,Command and Control,False Positive,No,t.begum,Morning
ALT-002192,2026-07-03 10:31:03,2026-07,IDS,EternalBlue exploit,Low,Credential Access,True Positive,No,m.hasan,Morning
ALT-002179,2026-07-03 10:33:09,2026-07,SIEM,Impossible travel,Medium,Command and Control,False Positive,No,s.khatun,Morning
ALT-002191,2026-07-03 10:56:22,2026-07,Firewall,Outbound to known C2,Medium,Initial Access,False Positive,No,s.khatun,Morning
ALT-002186,2026-07-03 11:14:38,2026-07,CASB,Mass external share,Medium,Execution,False Positive,No,m.hasan,Morning
ALT-002188,2026-07-03 12:30:00,2026-07,IDS,Cobalt Strike beacon,Low,Privilege Escalation,False Positive,No,m.hasan,Morning
ALT-002182,2026-07-03 12:38:15,2026-07,SIEM,Mass file download,High,Impact,True Positive,Yes,a.rahman,Morning
ALT-002187,2026-07-03 13:29:48,2026-07,SIEM,Mass file download,Low,Initial Access,False Positive,No,t.begum,Morning
ALT-002174,2026-07-03 14:36:19,2026-07,Email-GW,Spoofed internal sender,Medium,Exfiltration,False Positive,No,a.rahman,Evening
ALT-002181,2026-07-03 15:26:39,2026-07,EDR,Suspicious PowerShell,High,Lateral Movement,False Positive,No,r.islam,Evening
ALT-002184,2026-07-03 15:38:34,2026-07,Email-GW,Business email compromise,Critical,Initial Access,False Positive,No,a.rahman,Evening
ALT-002178,2026-07-03 16:52:10,2026-07,SIEM,New privileged account,Low,Collection,False Positive,No,m.hasan,Evening
ALT-002183,2026-07-03 18:42:52,2026-07,Email-GW,Spoofed internal sender,Medium,Exfiltration,True Positive,Yes,t.begum,Evening
ALT-002185,2026-07-03 19:16:37,2026-07,SIEM,Impossible travel,Low,Privilege Escalation,True Positive,No,t.begum,Evening
ALT-002196,2026-07-04 08:22:49,2026-07,IDS,Cobalt Strike beacon,Low,Exfiltration,True Positive,No,r.islam,Morning
ALT-002194,2026-07-04 09:39:13,2026-07,Email-GW,Spoofed internal sender,Low,Defense Evasion,False Positive,No,s.khatun,Morning
ALT-002195,2026-07-04 10:23:03,2026-07,SIEM,Impossible travel,Low,Execution,False Positive,No,s.khatun,Morning
ALT-002197,2026-07-04 15:54:06,2026-07,Email-GW,Business email compromise,Low,Privilege Escalation,False Positive,No,s.khatun,Evening
ALT-002193,2026-07-04 17:46:55,2026-07,IDS,Nmap scan,Medium,Command and Control,True Positive,No,m.hasan,Evening
ALT-002200,2026-07-05 03:07:56,2026-07,Email-GW,Business email compromise,Low,Defense Evasion,True Positive,No,n.akter,Night
ALT-002199,2026-07-05 08:40:34,2026-07,Email-GW,Business email compromise,Low,Exfiltration,True Positive,No,a.rahman,Morning
ALT-002198,2026-07-05 14:29:18,2026-07,EDR,Ransomware canary file,Medium,Impact,Duplicate,No,t.begum,Evening
ALT-002215,2026-07-06 04:17:36,2026-07,EDR,Unsigned driver load,Medium,Collection,True Positive,No,n.akter,Night
ALT-002214,2026-07-06 06:21:37,2026-07,WAF,SQL injection attempt,High,Privilege Escalation,False Positive,No,r.islam,Morning
ALT-002203,2026-07-06 08:07:53,2026-07,Firewall,DNS tunneling pattern,Low,Privilege Escalation,True Positive,No,n.akter,Morning
ALT-002209,2026-07-06 08:53:04,2026-07,IDS,Nmap scan,Low,Discovery,True Positive,No,r.islam,Morning
ALT-002216,2026-07-06 09:15:09,2026-07,CASB,OAuth grant to risky app,Medium,Initial Access,False Positive,No,n.akter,Morning
ALT-002210,2026-07-06 11:57:43,2026-07,CASB,SaaS impossible travel,Low,Command and Control,False Positive,No,n.akter,Morning
ALT-002212,2026-07-06 12:28:29,2026-07,SIEM,Audit log cleared,High,Exfiltration,False Positive,No,r.islam,Morning
ALT-002213,2026-07-06 13:01:02,2026-07,WAF,Web shell upload,Low,Lateral Movement,Benign True Positive,No,m.hasan,Morning
ALT-002208,2026-07-06 13:45:53,2026-07,Firewall,Geo-blocked destination,Low,Defense Evasion,True Positive,No,m.hasan,Morning
ALT-002201,2026-07-06 14:13:41,2026-07,SIEM,Brute-force logon burst,High,Credential Access,False Positive,No,m.hasan,Evening
ALT-002207,2026-07-06 14:20:53,2026-07,EDR,Unsigned driver load,Critical,Privilege Escalation,False Positive,No,n.akter,Evening
ALT-002202,2026-07-06 14:52:11,2026-07,WAF,Path traversal,Low,Discovery,False Positive,No,n.akter,Evening
ALT-002211,2026-07-06 17:32:56,2026-07,EDR,Suspicious PowerShell,Medium,Initial Access,Benign True Positive,No,t.begum,Evening
ALT-002206,2026-07-06 18:28:23,2026-07,CASB,Mass external share,Medium,Credential Access,Benign True Positive,No,a.rahman,Evening
ALT-002204,2026-07-06 19:20:28,2026-07,SIEM,Logon from disabled account,Critical,Exfiltration,Duplicate,No,m.hasan,Evening
ALT-002205,2026-07-06 19:54:02,2026-07,IDS,Nmap scan,Low,Credential Access,False Positive,No,n.akter,Evening
ALT-002223,2026-07-07 01:40:29,2026-07,IDS,Cobalt Strike beacon,Low,Exfiltration,False Positive,No,r.islam,Night
ALT-002222,2026-07-07 06:38:49,2026-07,IDS,Cobalt Strike beacon,Low,Lateral Movement,Benign True Positive,No,r.islam,Morning
ALT-002234,2026-07-07 07:50:03,2026-07,SIEM,Brute-force logon burst,Low,Lateral Movement,True Positive,No,t.begum,Morning
ALT-002217,2026-07-07 08:47:46,2026-07,EDR,Suspicious PowerShell,Medium,Privilege Escalation,True Positive,No,s.khatun,Morning
ALT-002229,2026-07-07 09:46:59,2026-07,CASB,Mass external share,Low,Collection,False Positive,No,s.khatun,Morning
ALT-002224,2026-07-07 11:08:11,2026-07,EDR,LOLBin execution,Medium,Initial Access,False Positive,No,m.hasan,Morning
ALT-002219,2026-07-07 11:14:02,2026-07,SIEM,Audit log cleared,Medium,Impact,True Positive,No,n.akter,Morning
ALT-002232,2026-07-07 12:04:52,2026-07,SIEM,Logon from disabled account,Low,Command and Control,False Positive,No,t.begum,Morning
ALT-002233,2026-07-07 12:17:22,2026-07,SIEM,Mass file download,Critical,Credential Access,False Positive,No,n.akter,Morning
ALT-002218,2026-07-07 12:20:36,2026-07,SIEM,Mass file download,Low,Discovery,False Positive,No,a.rahman,Morning
ALT-002231,2026-07-07 14:07:58,2026-07,SIEM,New privileged account,High,Lateral Movement,True Positive,Yes,r.islam,Evening
ALT-002221,2026-07-07 14:22:09,2026-07,SIEM,Mass file download,Critical,Execution,False Positive,No,n.akter,Evening
ALT-002228,2026-07-07 14:33:19,2026-07,EDR,Process hollowing,Low,Lateral Movement,True Positive,No,n.akter,Evening
ALT-002236,2026-07-07 14:38:52,2026-07,SIEM,Mass file download,High,Defense Evasion,Benign True Positive,No,a.rahman,Evening
ALT-002226,2026-07-07 15:16:00,2026-07,EDR,Unsigned driver load,Low,Initial Access,Benign True Positive,No,n.akter,Evening
ALT-002220,2026-07-07 15:26:42,2026-07,EDR,Process hollowing,High,Initial Access,Benign True Positive,No,t.begum,Evening
ALT-002225,2026-07-07 15:42:31,2026-07,IDS,SMB lateral movement,Medium,Lateral Movement,True Positive,No,s.khatun,Evening
ALT-002227,2026-07-07 16:58:52,2026-07,EDR,Suspicious PowerShell,Low,Initial Access,False Positive,No,m.hasan,Evening
ALT-002230,2026-07-07 17:23:48,2026-07,Firewall,Tor exit node traffic,High,Command and Control,Duplicate,No,m.hasan,Evening
ALT-002235,2026-07-07 19:02:28,2026-07,EDR,Ransomware canary file,Low,Persistence,True Positive,No,n.akter,Evening
ALT-002237,2026-07-07 19:34:28,2026-07,Firewall,Inbound port scan,Low,Command and Control,False Positive,No,r.islam,Evening
ALT-002247,2026-07-08 07:03:02,2026-07,EDR,Credential dumping tool,Critical,Persistence,Benign True Positive,No,t.begum,Morning
ALT-002248,2026-07-08 08:22:29,2026-07,IDS,SMB lateral movement,Low,Initial Access,False Positive,No,a.rahman,Morning
ALT-002245,2026-07-08 10:15:17,2026-07,Email-GW,Malicious attachment,High,Collection,Duplicate,No,r.islam,Morning
ALT-002240,2026-07-08 12:49:12,2026-07,EDR,Ransomware canary file,Low,Exfiltration,False Positive,No,n.akter,Morning
ALT-002239,2026-07-08 13:18:49,2026-07,WAF,SQL injection attempt,Medium,Initial Access,True Positive,No,t.begum,Morning
ALT-002242,2026-07-08 13:25:18,2026-07,SIEM,Impossible travel,Medium,Initial Access,False Positive,No,s.khatun,Morning
ALT-002238,2026-07-08 14:25:15,2026-07,EDR,Suspicious PowerShell,Medium,Command and Control,False Positive,No,s.khatun,Evening
ALT-002250,2026-07-08 15:51:07,2026-07,SIEM,Mass file download,Low,Command and Control,False Positive,No,r.islam,Evening
ALT-002244,2026-07-08 15:58:37,2026-07,EDR,LOLBin execution,Low,Command and Control,False Positive,No,a.rahman,Evening
ALT-002249,2026-07-08 19:30:11,2026-07,WAF,XSS attempt,Low,Credential Access,True Positive,No,m.hasan,Evening
ALT-002241,2026-07-08 21:32:03,2026-07,EDR,LOLBin execution,Low,Command and Control,False Positive,No,t.begum,Evening
ALT-002246,2026-07-08 21:56:45,2026-07,SIEM,Brute-force logon burst,Low,Exfiltration,False Positive,No,a.rahman,Evening
ALT-002243,2026-07-08 22:57:51,2026-07,SIEM,Audit log cleared,Low,Command and Control,True Positive,No,m.hasan,Night
ALT-002256,2026-07-09 06:16:47,2026-07,WAF,SQL injection attempt,Low,Initial Access,True Positive,No,s.khatun,Morning
ALT-002252,2026-07-09 06:25:53,2026-07,Firewall,Inbound port scan,Low,Persistence,False Positive,No,t.begum,Morning
ALT-002253,2026-07-09 07:49:45,2026-07,SIEM,Impossible travel,High,Defense Evasion,True Positive,Yes,t.begum,Morning
ALT-002261,2026-07-09 08:41:57,2026-07,IDS,SMB lateral movement,Low,Execution,True Positive,No,a.rahman,Morning
ALT-002266,2026-07-09 08:54:29,2026-07,Firewall,Tor exit node traffic,Low,Initial Access,Duplicate,No,m.hasan,Morning
ALT-002260,2026-07-09 09:32:07,2026-07,SIEM,Audit log cleared,High,Discovery,True Positive,Yes,t.begum,Morning
ALT-002262,2026-07-09 09:41:16,2026-07,WAF,SQL injection attempt,Critical,Defense Evasion,Duplicate,No,s.khatun,Morning
ALT-002267,2026-07-09 10:16:47,2026-07,EDR,Unsigned driver load,Low,Exfiltration,False Positive,No,a.rahman,Morning
ALT-002257,2026-07-09 10:17:48,2026-07,EDR,Suspicious PowerShell,Medium,Defense Evasion,False Positive,No,t.begum,Morning
ALT-002269,2026-07-09 10:23:21,2026-07,SIEM,Logon from disabled account,Low,Collection,False Positive,No,a.rahman,Morning
ALT-002265,2026-07-09 11:24:00,2026-07,Firewall,Outbound to known C2,Medium,Defense Evasion,False Positive,No,s.khatun,Morning
ALT-002254,2026-07-09 12:48:26,2026-07,SIEM,Audit log cleared,Medium,Execution,True Positive,No,m.hasan,Morning
ALT-002259,2026-07-09 14:45:44,2026-07,WAF,Web shell upload,Low,Credential Access,True Positive,No,m.hasan,Evening
ALT-002268,2026-07-09 15:53:07,2026-07,Firewall,Inbound port scan,Low,Discovery,True Positive,No,s.khatun,Evening
ALT-002264,2026-07-09 16:37:33,2026-07,WAF,Web shell upload,Low,Persistence,False Positive,No,m.hasan,Evening
ALT-002263,2026-07-09 17:17:50,2026-07,Firewall,DNS tunneling pattern,Low,Privilege Escalation,False Positive,No,n.akter,Evening
ALT-002255,2026-07-09 17:39:50,2026-07,EDR,Unsigned driver load,Low,Collection,True Positive,No,s.khatun,Evening
ALT-002251,2026-07-09 18:14:38,2026-07,IDS,EternalBlue exploit,Low,Command and Control,Benign True Positive,No,n.akter,Evening
ALT-002258,2026-07-09 20:39:18,2026-07,SIEM,Impossible travel,Critical,Defense Evasion,True Positive,Yes,a.rahman,Evening
ALT-002270,2026-07-10 07:58:56,2026-07,SIEM,Brute-force logon burst,Low,Execution,Duplicate,No,s.khatun,Morning
ALT-002283,2026-07-10 10:32:52,2026-07,Firewall,Geo-blocked destination,Critical,Command and Control,False Positive,No,r.islam,Morning
ALT-002275,2026-07-10 11:34:05,2026-07,SIEM,Mass file download,Low,Initial Access,False Positive,No,n.akter,Morning
ALT-002277,2026-07-10 11:41:10,2026-07,CASB,SaaS impossible travel,Low,Persistence,False Positive,No,n.akter,Morning
ALT-002274,2026-07-10 11:49:53,2026-07,IDS,EternalBlue exploit,Medium,Collection,Benign True Positive,No,m.hasan,Morning
ALT-002287,2026-07-10 13:56:29,2026-07,CASB,Mass external share,Medium,Defense Evasion,True Positive,No,r.islam,Morning
ALT-002271,2026-07-10 14:38:29,2026-07,Email-GW,Spoofed internal sender,High,Credential Access,True Positive,No,a.rahman,Evening
ALT-002282,2026-07-10 15:58:16,2026-07,Email-GW,Malicious attachment,Low,Execution,Benign True Positive,No,s.khatun,Evening
ALT-002276,2026-07-10 16:06:42,2026-07,SIEM,Audit log cleared,Medium,Credential Access,True Positive,No,r.islam,Evening
ALT-002280,2026-07-10 16:43:35,2026-07,SIEM,Impossible travel,Medium,Command and Control,False Positive,No,r.islam,Evening
ALT-002286,2026-07-10 16:53:36,2026-07,EDR,Unsigned driver load,Low,Command and Control,True Positive,Yes,s.khatun,Evening
ALT-002284,2026-07-10 17:03:03,2026-07,EDR,Unsigned driver load,Low,Discovery,True Positive,No,t.begum,Evening
ALT-002279,2026-07-10 17:20:11,2026-07,Firewall,DNS tunneling pattern,Medium,Exfiltration,False Positive,No,t.begum,Evening
ALT-002285,2026-07-10 18:14:24,2026-07,Firewall,Geo-blocked destination,Low,Collection,False Positive,No,t.begum,Evening
ALT-002272,2026-07-10 19:22:05,2026-07,SIEM,Logon from disabled account,Low,Initial Access,True Positive,No,n.akter,Evening
ALT-002278,2026-07-10 21:47:00,2026-07,SIEM,Logon from disabled account,Medium,Collection,False Positive,No,a.rahman,Evening
ALT-002281,2026-07-10 22:18:21,2026-07,SIEM,Audit log cleared,Low,Credential Access,False Positive,No,t.begum,Night
ALT-002273,2026-07-10 22:37:09,2026-07,EDR,LOLBin execution,High,Collection,True Positive,Yes,n.akter,Night
ALT-002289,2026-07-11 07:57:37,2026-07,IDS,Nmap scan,Medium,Initial Access,Duplicate,No,t.begum,Morning
ALT-002288,2026-07-11 14:06:21,2026-07,SIEM,New privileged account,High,Credential Access,True Positive,No,s.khatun,Evening
ALT-002290,2026-07-11 16:45:39,2026-07,WAF,Web shell upload,Critical,Privilege Escalation,False Positive,No,a.rahman,Evening
ALT-002291,2026-07-11 17:25:49,2026-07,Firewall,Geo-blocked destination,Low,Collection,Benign True Positive,No,r.islam,Evening
ALT-002294,2026-07-12 08:43:29,2026-07,Email-GW,Business email compromise,Medium,Impact,False Positive,No,m.hasan,Morning
ALT-002292,2026-07-12 13:34:18,2026-07,EDR,Process hollowing,High,Credential Access,True Positive,Yes,n.akter,Morning
ALT-002293,2026-07-12 19:20:43,2026-07,IDS,SMB lateral movement,Medium,Impact,False Positive,No,a.rahman,Evening
ALT-002323,2026-07-13 00:51:28,2026-07,WAF,Path traversal,High,Exfiltration,Benign True Positive,No,a.rahman,Night
ALT-002312,2026-07-13 06:53:05,2026-07,IDS,Nmap scan,Critical,Lateral Movement,False Positive,No,r.islam,Morning
ALT-002324,2026-07-13 07:11:36,2026-07,Firewall,Outbound to known C2,Medium,Initial Access,False Positive,No,m.hasan,Morning
ALT-002311,2026-07-13 07:48:03,2026-07,EDR,Suspicious PowerShell,Low,Command and Control,Benign True Positive,No,r.islam,Morning
ALT-002301,2026-07-13 08:25:17,2026-07,SIEM,Logon from disabled account,Low,Defense Evasion,True Positive,No,m.hasan,Morning
ALT-002317,2026-07-13 08:26:47,2026-07,SIEM,New privileged account,Low,Privilege Escalation,True Positive,Yes,m.hasan,Morning
ALT-002320,2026-07-13 08:56:08,2026-07,SIEM,Impossible travel,Critical,Collection,True Positive,Yes,t.begum,Morning
ALT-002304,2026-07-13 08:59:27,2026-07,SIEM,Logon from disabled account,Medium,Privilege Escalation,True Positive,Yes,t.begum,Morning
ALT-002325,2026-07-13 08:59:50,2026-07,SIEM,Brute-force logon burst,Critical,Discovery,Benign True Positive,No,n.akter,Morning
ALT-002310,2026-07-13 09:03:52,2026-07,SIEM,Mass file download,Low,Collection,False Positive,No,n.akter,Morning
ALT-002296,2026-07-13 09:14:12,2026-07,Firewall,Geo-blocked destination,Low,Initial Access,False Positive,No,t.begum,Morning
ALT-002307,2026-07-13 09:15:47,2026-07,IDS,Cobalt Strike beacon,Low,Lateral Movement,False Positive,No,s.khatun,Morning
ALT-002306,2026-07-13 09:44:05,2026-07,IDS,Nmap scan,Low,Command and Control,False Positive,No,m.hasan,Morning
ALT-002315,2026-07-13 10:24:22,2026-07,EDR,LOLBin execution,Low,Discovery,False Positive,No,n.akter,Morning
ALT-002319,2026-07-13 10:37:13,2026-07,SIEM,Brute-force logon burst,Medium,Execution,True Positive,Yes,a.rahman,Morning
ALT-002295,2026-07-13 10:58:36,2026-07,EDR,Suspicious PowerShell,Low,Persistence,False Positive,No,m.hasan,Morning
ALT-002303,2026-07-13 11:14:46,2026-07,SIEM,Impossible travel,Low,Credential Access,False Positive,No,s.khatun,Morning
ALT-002326,2026-07-13 11:28:33,2026-07,EDR,Ransomware canary file,Low,Impact,False Positive,No,t.begum,Morning
ALT-002321,2026-07-13 11:33:24,2026-07,SIEM,Audit log cleared,High,Execution,False Positive,No,s.khatun,Morning
ALT-002299,2026-07-13 11:47:48,2026-07,WAF,Path traversal,Low,Lateral Movement,True Positive,No,r.islam,Morning
ALT-002327,2026-07-13 11:53:58,2026-07,Firewall,Outbound to known C2,Medium,Collection,False Positive,No,t.begum,Morning
ALT-002335,2026-07-13 11:58:18,2026-07,WAF,SQL injection attempt,High,Impact,True Positive,Yes,n.akter,Morning
ALT-002316,2026-07-13 14:01:48,2026-07,SIEM,Logon from disabled account,Critical,Privilege Escalation,False Positive,No,m.hasan,Evening
ALT-002331,2026-07-13 14:30:03,2026-07,WAF,XSS attempt,Low,Impact,Duplicate,No,n.akter,Evening
ALT-002333,2026-07-13 14:37:34,2026-07,SIEM,Mass file download,Low,Defense Evasion,False Positive,No,s.khatun,Evening
ALT-002308,2026-07-13 16:09:28,2026-07,Email-GW,Malicious attachment,Low,Credential Access,True Positive,No,n.akter,Evening
ALT-002300,2026-07-13 16:09:46,2026-07,WAF,XSS attempt,Low,Persistence,True Positive,No,t.begum,Evening
ALT-002332,2026-07-13 16:16:26,2026-07,Firewall,Inbound port scan,Medium,Command and Control,False Positive,No,s.khatun,Evening
ALT-002309,2026-07-13 17:00:56,2026-07,Email-GW,Business email compromise,Medium,Defense Evasion,True Positive,No,m.hasan,Evening
ALT-002297,2026-07-13 17:10:28,2026-07,Firewall,DNS tunneling pattern,High,Lateral Movement,False Positive,No,t.begum,Evening
ALT-002330,2026-07-13 17:11:02,2026-07,EDR,Credential dumping tool,Low,Discovery,True Positive,No,m.hasan,Evening
ALT-002305,2026-07-13 17:29:28,2026-07,EDR,Credential dumping tool,Low,Initial Access,False Positive,No,m.hasan,Evening
ALT-002322,2026-07-13 17:31:53,2026-07,CASB,Mass external share,Low,Defense Evasion,True Positive,No,s.khatun,Evening
ALT-002328,2026-07-13 17:54:02,2026-07,Firewall,Outbound to known C2,Low,Defense Evasion,True Positive,No,s.khatun,Evening
ALT-002334,2026-07-13 18:03:46,2026-07,WAF,Path traversal,Low,Collection,True Positive,No,s.khatun,Evening
ALT-002298,2026-07-13 18:17:13,2026-07,Email-GW,Business email compromise,Low,Defense Evasion,True Positive,No,a.rahman,Evening
ALT-002313,2026-07-13 18:28:39,2026-07,WAF,XSS attempt,Low,Credential Access,Benign True Positive,No,r.islam,Evening
ALT-002318,2026-07-13 18:59:57,2026-07,EDR,LOLBin execution,Low,Command and Control,False Positive,No,m.hasan,Evening
ALT-002314,2026-07-13 19:20:59,2026-07,WAF,XSS attempt,Low,Credential Access,False Positive,No,t.begum,Evening
ALT-002329,2026-07-13 19:47:18,2026-07,SIEM,Audit log cleared,High,Defense Evasion,Duplicate,No,t.begum,Evening
ALT-002302,2026-07-13 21:07:05,2026-07,SIEM,Brute-force logon burst,Critical,Command and Control,False Positive,No,r.islam,Evening
ALT-002357,2026-07-14 04:35:45,2026-07,EDR,LOLBin execution,Low,Discovery,True Positive,No,n.akter,Night
ALT-002369,2026-07-14 06:05:44,2026-07,EDR,Process hollowing,Medium,Impact,False Positive,No,t.begum,Morning
ALT-002378,2026-07-14 06:13:22,2026-07,EDR,LOLBin execution,Medium,Privilege Escalation,False Positive,No,n.akter,Morning
ALT-002347,2026-07-14 06:23:40,2026-07,SIEM,Logon from disabled account,Medium,Collection,False Positive,No,m.hasan,Morning
ALT-002379,2026-07-14 07:07:38,2026-07,IDS,Nmap scan,Medium,Initial Access,False Positive,No,r.islam,Morning
ALT-002349,2026-07-14 07:49:22,2026-07,Email-GW,Spoofed internal sender,High,Discovery,True Positive,Yes,m.hasan,Morning
ALT-002370,2026-07-14 08:19:21,2026-07,SIEM,Audit log cleared,Low,Collection,True Positive,No,s.khatun,Morning
ALT-002355,2026-07-14 08:30:19,2026-07,Email-GW,Business email compromise,Medium,Impact,Benign True Positive,No,a.rahman,Morning
ALT-002364,2026-07-14 08:35:46,2026-07,CASB,SaaS impossible travel,Low,Collection,False Positive,No,t.begum,Morning
ALT-002356,2026-07-14 08:36:03,2026-07,EDR,LOLBin execution,Low,Initial Access,Duplicate,No,n.akter,Morning
ALT-002367,2026-07-14 08:48:54,2026-07,EDR,Credential dumping tool,Low,Execution,True Positive,No,m.hasan,Morning
ALT-002376,2026-07-14 09:21:37,2026-07,Firewall,Inbound port scan,High,Discovery,Benign True Positive,No,s.khatun,Morning
ALT-002344,2026-07-14 09:55:49,2026-07,IDS,Cobalt Strike beacon,Low,Command and Control,Benign True Positive,No,m.hasan,Morning
ALT-002382,2026-07-14 09:57:45,2026-07,EDR,Ransomware canary file,Low,Privilege Escalation,Duplicate,No,r.islam,Morning
ALT-002358,2026-07-14 10:00:05,2026-07,SIEM,Impossible travel,Low,Discovery,False Positive,No,n.akter,Morning
ALT-002337,2026-07-14 10:23:13,2026-07,Email-GW,Malicious attachment,Medium,Exfiltration,Benign True Positive,No,m.hasan,Morning
ALT-002371,2026-07-14 10:50:21,2026-07,WAF,Web shell upload,Low,Initial Access,False Positive,No,s.khatun,Morning
ALT-002363,2026-07-14 11:08:23,2026-07,EDR,Process hollowing,Low,Exfiltration,Benign True Positive,No,s.khatun,Morning
ALT-002372,2026-07-14 11:24:07,2026-07,SIEM,New privileged account,High,Impact,True Positive,Yes,s.khatun,Morning
ALT-002341,2026-07-14 11:30:33,2026-07,EDR,Process hollowing,High,Execution,Benign True Positive,No,a.rahman,Morning
ALT-002377,2026-07-14 12:46:39,2026-07,SIEM,Logon from disabled account,Low,Execution,True Positive,No,s.khatun,Morning
ALT-002350,2026-07-14 12:47:13,2026-07,Firewall,DNS tunneling pattern,Low,Credential Access,True Positive,No,s.khatun,Morning
ALT-002346,2026-07-14 12:56:44,2026-07,WAF,Web shell upload,Low,Initial Access,False Positive,No,s.khatun,Morning
ALT-002339,2026-07-14 13:04:14,2026-07,SIEM,Logon from disabled account,Medium,Collection,Duplicate,No,s.khatun,Morning
ALT-002359,2026-07-14 13:15:43,2026-07,IDS,SMB lateral movement,Medium,Exfiltration,True Positive,No,n.akter,Morning
ALT-002368,2026-07-14 14:12:53,2026-07,CASB,Mass external share,Low,Lateral Movement,False Positive,No,a.rahman,Evening
ALT-002381,2026-07-14 14:26:01,2026-07,WAF,Path traversal,High,Lateral Movement,False Positive,No,r.islam,Evening
ALT-002373,2026-07-14 14:28:07,2026-07,SIEM,New privileged account,Medium,Credential Access,False Positive,No,m.hasan,Evening
ALT-002361,2026-07-14 14:34:02,2026-07,SIEM,Logon from disabled account,Low,Collection,False Positive,No,t.begum,Evening
ALT-002354,2026-07-14 14:44:43,2026-07,EDR,LOLBin execution,Medium,Exfiltration,Benign True Positive,No,a.rahman,Evening
ALT-002352,2026-07-14 14:49:16,2026-07,EDR,Credential dumping tool,Low,Credential Access,False Positive,No,m.hasan,Evening
ALT-002351,2026-07-14 14:49:37,2026-07,SIEM,New privileged account,Low,Exfiltration,False Positive,No,r.islam,Evening
ALT-002338,2026-07-14 15:18:20,2026-07,EDR,Unsigned driver load,High,Persistence,Duplicate,No,r.islam,Evening
ALT-002375,2026-07-14 15:31:45,2026-07,IDS,SMB lateral movement,Low,Persistence,False Positive,No,n.akter,Evening
ALT-002345,2026-07-14 15:37:23,2026-07,SIEM,New privileged account,Medium,Lateral Movement,False Positive,No,r.islam,Evening
ALT-002383,2026-07-14 15:57:23,2026-07,WAF,Web shell upload,Medium,Exfiltration,False Positive,No,m.hasan,Evening
ALT-002348,2026-07-14 16:43:06,2026-07,Firewall,Geo-blocked destination,High,Exfiltration,True Positive,No,n.akter,Evening
ALT-002343,2026-07-14 17:03:45,2026-07,EDR,Process hollowing,Low,Discovery,Benign True Positive,No,m.hasan,Evening
ALT-002353,2026-07-14 17:23:33,2026-07,Firewall,Geo-blocked destination,Medium,Lateral Movement,True Positive,Yes,a.rahman,Evening
ALT-002336,2026-07-14 17:31:01,2026-07,IDS,Cobalt Strike beacon,Low,Lateral Movement,False Positive,No,n.akter,Evening
ALT-002374,2026-07-14 17:31:05,2026-07,CASB,SaaS impossible travel,Low,Execution,True Positive,No,s.khatun,Evening
ALT-002362,2026-07-14 17:44:28,2026-07,EDR,Ransomware canary file,Low,Lateral Movement,Benign True Positive,No,n.akter,Evening
ALT-002342,2026-07-14 18:08:13,2026-07,SIEM,Impossible travel,Medium,Impact,False Positive,No,n.akter,Evening
ALT-002360,2026-07-14 18:29:18,2026-07,EDR,Suspicious PowerShell,Critical,Credential Access,False Positive,No,n.akter,Evening
ALT-002365,2026-07-14 20:00:02,2026-07,SIEM,Mass file download,Low,Lateral Movement,False Positive,No,n.akter,Evening
ALT-002366,2026-07-14 20:13:15,2026-07,EDR,Ransomware canary file,Medium,Exfiltration,True Positive,No,r.islam,Evening
ALT-002380,2026-07-14 20:34:47,2026-07,EDR,Process hollowing,Low,Persistence,False Positive,No,n.akter,Evening
ALT-002340,2026-07-14 22:35:17,2026-07,EDR,Credential dumping tool,Low,Exfiltration,Benign True Positive,No,t.begum,Night
ALT-002388,2026-07-15 02:52:32,2026-07,SIEM,Mass file download,Low,Credential Access,False Positive,No,t.begum,Night
ALT-002418,2026-07-15 03:42:37,2026-07,EDR,Unsigned driver load,Medium,Persistence,False Positive,No,s.khatun,Night
ALT-002421,2026-07-15 04:40:16,2026-07,Firewall,Tor exit node traffic,Low,Privilege Escalation,False Positive,No,a.rahman,Night
ALT-002395,2026-07-15 06:59:26,2026-07,WAF,SQL injection attempt,High,Privilege Escalation,False Positive,No,n.akter,Morning
ALT-002401,2026-07-15 07:35:50,2026-07,IDS,Cobalt Strike beacon,Medium,Credential Access,True Positive,No,r.islam,Morning
ALT-002394,2026-07-15 07:49:53,2026-07,EDR,Suspicious PowerShell,Low,Credential Access,True Positive,No,n.akter,Morning
ALT-002387,2026-07-15 08:13:57,2026-07,SIEM,Audit log cleared,Medium,Discovery,True Positive,Yes,r.islam,Morning
ALT-002400,2026-07-15 08:45:20,2026-07,EDR,Credential dumping tool,Medium,Command and Control,True Positive,No,s.khatun,Morning
ALT-002396,2026-07-15 09:02:33,2026-07,IDS,Cobalt Strike beacon,Medium,Defense Evasion,True Positive,No,n.akter,Morning
ALT-002405,2026-07-15 09:14:50,2026-07,Firewall,Inbound port scan,Medium,Persistence,True Positive,Yes,a.rahman,Morning
ALT-002413,2026-07-15 09:41:21,2026-07,SIEM,Logon from disabled account,Low,Initial Access,Duplicate,No,a.rahman,Morning
ALT-002398,2026-07-15 09:43:52,2026-07,SIEM,Audit log cleared,High,Exfiltration,Benign True Positive,No,r.islam,Morning
ALT-002392,2026-07-15 09:55:10,2026-07,SIEM,Impossible travel,Low,Command and Control,False Positive,No,m.hasan,Morning
ALT-002384,2026-07-15 09:55:55,2026-07,SIEM,Impossible travel,High,Collection,Benign True Positive,No,t.begum,Morning
ALT-002403,2026-07-15 10:11:00,2026-07,Email-GW,Phishing URL,High,Defense Evasion,True Positive,Yes,n.akter,Morning
ALT-002409,2026-07-15 10:30:58,2026-07,IDS,Cobalt Strike beacon,Low,Execution,False Positive,No,t.begum,Morning
ALT-002423,2026-07-15 10:40:58,2026-07,EDR,LOLBin execution,Medium,Exfiltration,False Positive,No,a.rahman,Morning
ALT-002406,2026-07-15 10:44:53,2026-07,Email-GW,Spoofed internal sender,Medium,Initial Access,True Positive,No,a.rahman,Morning
ALT-002415,2026-07-15 11:02:05,2026-07,SIEM,Audit log cleared,High,Defense Evasion,False Positive,No,a.rahman,Morning
ALT-002420,2026-07-15 11:38:49,2026-07,Firewall,Inbound port scan,Medium,Execution,True Positive,No,a.rahman,Morning
ALT-002407,2026-07-15 11:50:20,2026-07,EDR,Unsigned driver load,Low,Command and Control,True Positive,No,r.islam,Morning
ALT-002390,2026-07-15 12:08:48,2026-07,EDR,Process hollowing,Medium,Privilege Escalation,False Positive,No,r.islam,Morning
ALT-002424,2026-07-15 12:14:34,2026-07,SIEM,New privileged account,Medium,Command and Control,Benign True Positive,No,n.akter,Morning
ALT-002425,2026-07-15 12:21:04,2026-07,SIEM,Mass file download,High,Lateral Movement,False Positive,No,t.begum,Morning
ALT-002391,2026-07-15 12:32:17,2026-07,Email-GW,Malicious attachment,Low,Lateral Movement,Benign True Positive,No,m.hasan,Morning
ALT-002385,2026-07-15 12:39:24,2026-07,Firewall,Inbound port scan,Low,Initial Access,False Positive,No,t.begum,Morning
ALT-002416,2026-07-15 12:54:05,2026-07,Firewall,Geo-blocked destination,Low,Impact,True Positive,No,r.islam,Morning
ALT-002399,2026-07-15 12:58:43,2026-07,EDR,Ransomware canary file,Low,Credential Access,False Positive,No,s.khatun,Morning
ALT-002393,2026-07-15 14:16:13,2026-07,EDR,Credential dumping tool,High,Initial Access,False Positive,No,a.rahman,Evening
ALT-002419,2026-07-15 14:20:00,2026-07,SIEM,Brute-force logon burst,Low,Initial Access,Benign True Positive,No,s.khatun,Evening
ALT-002404,2026-07-15 14:43:58,2026-07,EDR,Credential dumping tool,Medium,Command and Control,False Positive,No,m.hasan,Evening
ALT-002389,2026-07-15 15:34:03,2026-07,EDR,Suspicious PowerShell,Low,Persistence,Duplicate,No,r.islam,Evening
ALT-002397,2026-07-15 15:39:51,2026-07,SIEM,Audit log cleared,Medium,Initial Access,False Positive,No,a.rahman,Evening
ALT-002402,2026-07-15 15:51:10,2026-07,SIEM,Mass file download,Critical,Initial Access,True Positive,Yes,a.rahman,Evening
ALT-002417,2026-07-15 16:09:58,2026-07,SIEM,New privileged account,Low,Impact,True Positive,Yes,a.rahman,Evening
ALT-002410,2026-07-15 16:31:03,2026-07,Email-GW,Malicious attachment,Medium,Command and Control,True Positive,No,m.hasan,Evening
ALT-002386,2026-07-15 16:49:24,2026-07,Email-GW,Phishing URL,Medium,Collection,True Positive,Yes,s.khatun,Evening
ALT-002411,2026-07-15 18:13:10,2026-07,SIEM,New privileged account,Medium,Collection,True Positive,Yes,r.islam,Evening
ALT-002414,2026-07-15 20:06:06,2026-07,EDR,Ransomware canary file,Medium,Discovery,False Positive,No,m.hasan,Evening
ALT-002408,2026-07-15 20:44:49,2026-07,SIEM,Impossible travel,Low,Credential Access,Benign True Positive,No,s.khatun,Evening
ALT-002412,2026-07-15 22:09:43,2026-07,SIEM,New privileged account,Low,Defense Evasion,Benign True Positive,No,m.hasan,Night
ALT-002422,2026-07-15 22:50:59,2026-07,IDS,SMB lateral movement,Low,Privilege Escalation,True Positive,No,m.hasan,Night
ALT-002446,2026-07-16 00:40:57,2026-07,EDR,Credential dumping tool,Medium,Collection,True Positive,No,n.akter,Night
ALT-002460,2026-07-16 02:37:13,2026-07,SIEM,Brute-force logon burst,Critical,Discovery,True Positive,Yes,n.akter,Night
ALT-002439,2026-07-16 05:34:04,2026-07,EDR,Unsigned driver load,Low,Credential Access,True Positive,No,s.khatun,Night
ALT-002441,2026-07-16 06:04:07,2026-07,EDR,Ransomware canary file,High,Exfiltration,False Positive,No,a.rahman,Morning
ALT-002465,2026-07-16 06:43:02,2026-07,SIEM,Logon from disabled account,Medium,Initial Access,False Positive,No,a.rahman,Morning
ALT-002436,2026-07-16 07:11:33,2026-07,IDS,SMB lateral movement,Critical,Initial Access,True Positive,Yes,a.rahman,Morning
ALT-002461,2026-07-16 07:50:03,2026-07,Firewall,Geo-blocked destination,High,Command and Control,Benign True Positive,No,a.rahman,Morning
ALT-002432,2026-07-16 07:55:09,2026-07,EDR,Credential dumping tool,Medium,Privilege Escalation,False Positive,No,n.akter,Morning
ALT-002445,2026-07-16 07:57:18,2026-07,WAF,Path traversal,High,Initial Access,True Positive,Yes,n.akter,Morning
ALT-002454,2026-07-16 08:17:50,2026-07,SIEM,Impossible travel,High,Discovery,False Positive,No,n.akter,Morning
ALT-002456,2026-07-16 08:25:26,2026-07,Firewall,Geo-blocked destination,Low,Impact,Benign True Positive,No,n.akter,Morning
ALT-002442,2026-07-16 08:47:21,2026-07,SIEM,Brute-force logon burst,Low,Credential Access,True Positive,No,n.akter,Morning
ALT-002463,2026-07-16 09:07:56,2026-07,Email-GW,Phishing URL,Low,Exfiltration,False Positive,No,a.rahman,Morning
ALT-002462,2026-07-16 09:17:43,2026-07,WAF,SQL injection attempt,Medium,Credential Access,Benign True Positive,No,t.begum,Morning
ALT-002453,2026-07-16 09:26:52,2026-07,EDR,LOLBin execution,High,Exfiltration,False Positive,No,t.begum,Morning
ALT-002468,2026-07-16 09:32:14,2026-07,Email-GW,Phishing URL,Low,Privilege Escalation,True Positive,No,s.khatun,Morning
ALT-002466,2026-07-16 09:37:28,2026-07,SIEM,Audit log cleared,Low,Exfiltration,Duplicate,No,r.islam,Morning
ALT-002437,2026-07-16 09:40:37,2026-07,SIEM,Brute-force logon burst,Low,Discovery,False Positive,No,t.begum,Morning
ALT-002426,2026-07-16 10:02:29,2026-07,EDR,Suspicious PowerShell,Low,Command and Control,True Positive,No,t.begum,Morning
ALT-002430,2026-07-16 10:13:38,2026-07,SIEM,New privileged account,Medium,Impact,Duplicate,No,m.hasan,Morning
ALT-002459,2026-07-16 10:19:16,2026-07,SIEM,New privileged account,Medium,Discovery,False Positive,No,a.rahman,Morning
ALT-002433,2026-07-16 10:35:59,2026-07,Firewall,Geo-blocked destination,High,Discovery,False Positive,No,a.rahman,Morning
ALT-002438,2026-07-16 10:44:49,2026-07,EDR,Credential dumping tool,High,Privilege Escalation,False Positive,No,s.khatun,Morning
ALT-002429,2026-07-16 11:07:23,2026-07,SIEM,Audit log cleared,Medium,Exfiltration,False Positive,No,m.hasan,Morning
ALT-002435,2026-07-16 11:09:24,2026-07,SIEM,Logon from disabled account,Medium,Execution,Duplicate,No,s.khatun,Morning
ALT-002431,2026-07-16 11:11:57,2026-07,IDS,SMB lateral movement,Low,Exfiltration,Benign True Positive,No,r.islam,Morning
ALT-002443,2026-07-16 11:36:28,2026-07,SIEM,Brute-force logon burst,Medium,Persistence,True Positive,No,a.rahman,Morning
ALT-002428,2026-07-16 12:39:57,2026-07,EDR,Suspicious PowerShell,Low,Collection,False Positive,No,s.khatun,Morning
ALT-002450,2026-07-16 13:31:36,2026-07,CASB,SaaS impossible travel,Low,Defense Evasion,Duplicate,No,r.islam,Morning
ALT-002467,2026-07-16 13:46:16,2026-07,Email-GW,Business email compromise,High,Execution,True Positive,Yes,m.hasan,Morning
ALT-002458,2026-07-16 13:52:00,2026-07,Email-GW,Business email compromise,Low,Command and Control,True Positive,Yes,n.akter,Morning
ALT-002452,2026-07-16 13:53:26,2026-07,SIEM,Audit log cleared,High,Credential Access,Benign True Positive,No,m.hasan,Morning
ALT-002434,2026-07-16 14:45:12,2026-07,SIEM,Brute-force logon burst,Low,Credential Access,False Positive,No,t.begum,Evening
ALT-002447,2026-07-16 14:51:47,2026-07,WAF,XSS attempt,High,Initial Access,Benign True Positive,No,t.begum,Evening
ALT-002451,2026-07-16 15:22:52,2026-07,IDS,EternalBlue exploit,Low,Command and Control,True Positive,No,n.akter,Evening
ALT-002444,2026-07-16 15:34:17,2026-07,SIEM,Audit log cleared,Low,Defense Evasion,False Positive,No,t.begum,Evening
ALT-002440,2026-07-16 16:43:51,2026-07,SIEM,New privileged account,High,Privilege Escalation,True Positive,No,s.khatun,Evening
ALT-002457,2026-07-16 17:08:35,2026-07,Firewall,Tor exit node traffic,Medium,Persistence,True Positive,No,t.begum,Evening
ALT-002448,2026-07-16 18:21:25,2026-07,WAF,SQL injection attempt,Medium,Privilege Escalation,Benign True Positive,No,s.khatun,Evening
ALT-002427,2026-07-16 19:55:07,2026-07,SIEM,New privileged account,Low,Privilege Escalation,False Positive,No,a.rahman,Evening
ALT-002455,2026-07-16 20:19:40,2026-07,SIEM,Mass file download,Medium,Initial Access,False Positive,No,n.akter,Evening
ALT-002449,2026-07-16 21:12:14,2026-07,Firewall,Geo-blocked destination,Low,Discovery,Duplicate,No,r.islam,Evening
ALT-002464,2026-07-16 21:56:04,2026-07,EDR,LOLBin execution,Medium,Initial Access,True Positive,No,m.hasan,Evening
ALT-002493,2026-07-17 00:28:01,2026-07,Email-GW,Phishing URL,Low,Persistence,False Positive,No,t.begum,Night
ALT-002485,2026-07-17 06:11:02,2026-07,EDR,Unsigned driver load,Medium,Collection,False Positive,No,a.rahman,Morning
ALT-002502,2026-07-17 06:29:55,2026-07,Firewall,DNS tunneling pattern,Low,Command and Control,True Positive,No,m.hasan,Morning
ALT-002494,2026-07-17 08:07:38,2026-07,SIEM,Brute-force logon burst,Medium,Persistence,False Positive,No,t.begum,Morning
ALT-002496,2026-07-17 08:17:22,2026-07,IDS,SMB lateral movement,High,Command and Control,False Positive,No,n.akter,Morning
ALT-002498,2026-07-17 08:19:58,2026-07,EDR,Process hollowing,Medium,Collection,False Positive,No,r.islam,Morning
ALT-002504,2026-07-17 08:38:05,2026-07,EDR,Suspicious PowerShell,Low,Exfiltration,False Positive,No,n.akter,Morning
ALT-002501,2026-07-17 08:56:46,2026-07,WAF,XSS attempt,Low,Credential Access,True Positive,Yes,n.akter,Morning
ALT-002481,2026-07-17 09:19:26,2026-07,SIEM,New privileged account,Critical,Credential Access,False Positive,No,t.begum,Morning
ALT-002491,2026-07-17 09:30:41,2026-07,EDR,Unsigned driver load,Low,Collection,False Positive,No,t.begum,Morning
ALT-002483,2026-07-17 09:41:35,2026-07,IDS,Nmap scan,High,Persistence,True Positive,Yes,t.begum,Morning
ALT-002510,2026-07-17 10:11:12,2026-07,SIEM,New privileged account,High,Execution,True Positive,Yes,n.akter,Morning
ALT-002490,2026-07-17 10:22:57,2026-07,SIEM,Logon from disabled account,Low,Initial Access,True Positive,No,r.islam,Morning
ALT-002489,2026-07-17 11:56:04,2026-07,Email-GW,Business email compromise,Low,Defense Evasion,True Positive,No,a.rahman,Morning
ALT-002472,2026-07-17 12:02:51,2026-07,SIEM,Logon from disabled account,Medium,Discovery,False Positive,No,m.hasan,Morning
ALT-002497,2026-07-17 12:20:17,2026-07,EDR,Process hollowing,Medium,Initial Access,True Positive,No,r.islam,Morning
ALT-002508,2026-07-17 12:23:27,2026-07,WAF,SQL injection attempt,Low,Persistence,True Positive,No,a.rahman,Morning
ALT-002506,2026-07-17 12:33:34,2026-07,EDR,Unsigned driver load,High,Impact,False Positive,No,s.khatun,Morning
ALT-002509,2026-07-17 12:46:06,2026-07,EDR,Process hollowing,Low,Discovery,False Positive,No,r.islam,Morning
ALT-002482,2026-07-17 13:18:46,2026-07,SIEM,Logon from disabled account,Low,Persistence,False Positive,No,r.islam,Morning
ALT-002478,2026-07-17 14:03:33,2026-07,Email-GW,Phishing URL,Medium,Collection,True Positive,Yes,t.begum,Evening
ALT-002513,2026-07-17 14:08:32,2026-07,IDS,EternalBlue exploit,Low,Persistence,Benign True Positive,No,r.islam,Evening
ALT-002476,2026-07-17 14:18:43,2026-07,EDR,Credential dumping tool,High,Impact,Benign True Positive,No,a.rahman,Evening
ALT-002505,2026-07-17 14:48:03,2026-07,WAF,XSS attempt,Low,Discovery,True Positive,No,n.akter,Evening
ALT-002479,2026-07-17 14:51:04,2026-07,SIEM,New privileged account,Low,Credential Access,Benign True Positive,No,m.hasan,Evening
ALT-002495,2026-07-17 14:58:40,2026-07,Firewall,Inbound port scan,Low,Lateral Movement,False Positive,No,a.rahman,Evening
ALT-002511,2026-07-17 15:31:04,2026-07,SIEM,Logon from disabled account,Medium,Command and Control,False Positive,No,t.begum,Evening
ALT-002473,2026-07-17 15:40:35,2026-07,SIEM,Impossible travel,Low,Credential Access,True Positive,No,a.rahman,Evening
ALT-002470,2026-07-17 15:50:51,2026-07,SIEM,Impossible travel,Medium,Lateral Movement,False Positive,No,m.hasan,Evening
ALT-002484,2026-07-17 15:54:57,2026-07,EDR,Credential dumping tool,Low,Discovery,True Positive,No,m.hasan,Evening
ALT-002469,2026-07-17 16:11:12,2026-07,EDR,LOLBin execution,Low,Exfiltration,False Positive,No,n.akter,Evening
ALT-002512,2026-07-17 16:31:30,2026-07,SIEM,Impossible travel,High,Persistence,False Positive,No,t.begum,Evening
ALT-002471,2026-07-17 16:35:31,2026-07,Firewall,Outbound to known C2,Medium,Defense Evasion,True Positive,Yes,s.khatun,Evening
ALT-002474,2026-07-17 16:52:45,2026-07,IDS,Nmap scan,Medium,Impact,True Positive,No,s.khatun,Evening
ALT-002499,2026-07-17 16:53:47,2026-07,EDR,Ransomware canary file,Medium,Privilege Escalation,Benign True Positive,No,t.begum,Evening
ALT-002475,2026-07-17 18:18:39,2026-07,CASB,SaaS impossible travel,Low,Discovery,False Positive,No,t.begum,Evening
ALT-002477,2026-07-17 18:19:05,2026-07,CASB,Mass external share,High,Exfiltration,True Positive,Yes,t.begum,Evening
ALT-002492,2026-07-17 18:29:45,2026-07,EDR,Ransomware canary file,Medium,Privilege Escalation,False Positive,No,a.rahman,Evening
ALT-002480,2026-07-17 18:43:03,2026-07,SIEM,New privileged account,Low,Persistence,Benign True Positive,No,a.rahman,Evening
ALT-002507,2026-07-17 19:04:01,2026-07,EDR,LOLBin execution,Low,Persistence,False Positive,No,s.khatun,Evening
ALT-002487,2026-07-17 20:15:53,2026-07,CASB,Mass external share,Low,Defense Evasion,False Positive,No,s.khatun,Evening
ALT-002486,2026-07-17 20:34:56,2026-07,SIEM,Logon from disabled account,Medium,Privilege Escalation,True Positive,No,a.rahman,Evening
ALT-002488,2026-07-17 21:32:12,2026-07,EDR,Process hollowing,Medium,Collection,True Positive,No,r.islam,Evening
ALT-002503,2026-07-17 22:04:03,2026-07,SIEM,Mass file download,Low,Initial Access,False Positive,No,r.islam,Night
ALT-002500,2026-07-17 22:16:38,2026-07,EDR,Credential dumping tool,Low,Initial Access,True Positive,Yes,t.begum,Night
ALT-002536,2026-07-18 00:15:26,2026-07,SIEM,Brute-force logon burst,Low,Persistence,True Positive,No,n.akter,Night
ALT-002539,2026-07-18 06:45:21,2026-07,Email-GW,Spoofed internal sender,Medium,Persistence,False Positive,No,r.islam,Morning
ALT-002514,2026-07-18 07:55:09,2026-07,Firewall,Geo-blocked destination,Low,Discovery,Duplicate,No,n.akter,Morning
ALT-002534,2026-07-18 08:14:27,2026-07,WAF,XSS attempt,High,Credential Access,False Positive,No,r.islam,Morning
ALT-002528,2026-07-18 10:08:50,2026-07,EDR,Unsigned driver load,Low,Privilege Escalation,False Positive,No,t.begum,Morning
ALT-002521,2026-07-18 10:22:36,2026-07,WAF,Web shell upload,Medium,Discovery,True Positive,Yes,s.khatun,Morning
ALT-002518,2026-07-18 11:07:12,2026-07,Email-GW,Business email compromise,Low,Defense Evasion,False Positive,No,t.begum,Morning
ALT-002530,2026-07-18 11:10:09,2026-07,EDR,Suspicious PowerShell,High,Credential Access,Benign True Positive,No,r.islam,Morning
ALT-002533,2026-07-18 11:18:59,2026-07,Firewall,Geo-blocked destination,Low,Persistence,False Positive,No,r.islam,Morning
ALT-002537,2026-07-18 11:39:00,2026-07,Email-GW,Malicious attachment,Medium,Initial Access,True Positive,Yes,t.begum,Morning
ALT-002520,2026-07-18 11:50:46,2026-07,SIEM,Mass file download,High,Persistence,True Positive,No,t.begum,Morning
ALT-002531,2026-07-18 11:54:41,2026-07,EDR,Unsigned driver load,High,Persistence,False Positive,No,t.begum,Morning
ALT-002516,2026-07-18 11:59:16,2026-07,Email-GW,Malicious attachment,Low,Initial Access,Benign True Positive,No,r.islam,Morning
ALT-002527,2026-07-18 12:09:55,2026-07,SIEM,Mass file download,Low,Exfiltration,False Positive,No,m.hasan,Morning
ALT-002526,2026-07-18 13:26:30,2026-07,Firewall,DNS tunneling pattern,Low,Credential Access,False Positive,No,a.rahman,Morning
ALT-002519,2026-07-18 14:06:38,2026-07,CASB,SaaS impossible travel,Low,Collection,False Positive,No,a.rahman,Evening
ALT-002538,2026-07-18 14:14:02,2026-07,SIEM,Brute-force logon burst,Low,Lateral Movement,Benign True Positive,No,n.akter,Evening
ALT-002515,2026-07-18 14:17:33,2026-07,EDR,Unsigned driver load,Low,Lateral Movement,True Positive,No,a.rahman,Evening
ALT-002517,2026-07-18 14:19:00,2026-07,SIEM,Impossible travel,High,Credential Access,False Positive,No,n.akter,Evening
ALT-002529,2026-07-18 14:36:18,2026-07,SIEM,New privileged account,Medium,Exfiltration,True Positive,No,a.rahman,Evening
ALT-002523,2026-07-18 15:11:57,2026-07,EDR,LOLBin execution,High,Privilege Escalation,False Positive,No,n.akter,Evening
ALT-002525,2026-07-18 15:15:59,2026-07,EDR,Suspicious PowerShell,Low,Execution,Duplicate,No,s.khatun,Evening
ALT-002541,2026-07-18 15:30:04,2026-07,Email-GW,Spoofed internal sender,Medium,Initial Access,True Positive,No,s.khatun,Evening
ALT-002535,2026-07-18 17:13:24,2026-07,SIEM,Audit log cleared,High,Impact,True Positive,No,m.hasan,Evening
ALT-002524,2026-07-18 17:32:49,2026-07,Email-GW,Phishing URL,Low,Credential Access,True Positive,No,m.hasan,Evening
ALT-002522,2026-07-18 19:59:32,2026-07,IDS,EternalBlue exploit,Low,Defense Evasion,False Positive,No,s.khatun,Evening
ALT-002540,2026-07-18 21:12:59,2026-07,WAF,Web shell upload,Low,Collection,Duplicate,No,m.hasan,Evening
ALT-002532,2026-07-18 22:47:45,2026-07,IDS,EternalBlue exploit,Critical,Initial Access,Duplicate,No,t.begum,Night
ALT-002543,2026-07-19 04:51:38,2026-07,Firewall,Geo-blocked destination,High,Credential Access,Duplicate,No,r.islam,Night
ALT-002563,2026-07-19 05:07:56,2026-07,CASB,Mass external share,High,Command and Control,Benign True Positive,No,a.rahman,Night
ALT-002546,2026-07-19 06:21:05,2026-07,WAF,Path traversal,Medium,Execution,True Positive,Yes,m.hasan,Morning
ALT-002550,2026-07-19 06:50:18,2026-07,SIEM,Brute-force logon burst,Medium,Privilege Escalation,False Positive,No,r.islam,Morning
ALT-002559,2026-07-19 07:02:51,2026-07,EDR,Ransomware canary file,Medium,Discovery,False Positive,No,r.islam,Morning
ALT-002560,2026-07-19 08:12:12,2026-07,Firewall,Inbound port scan,Medium,Defense Evasion,True Positive,No,r.islam,Morning
ALT-002547,2026-07-19 08:18:36,2026-07,SIEM,Mass file download,High,Defense Evasion,False Positive,No,s.khatun,Morning
ALT-002568,2026-07-19 08:20:51,2026-07,Firewall,Outbound to known C2,Medium,Defense Evasion,False Positive,No,r.islam,Morning
ALT-002561,2026-07-19 08:32:30,2026-07,EDR,Suspicious PowerShell,High,Credential Access,Duplicate,No,a.rahman,Morning
ALT-002554,2026-07-19 09:11:25,2026-07,Email-GW,Business email compromise,Medium,Exfiltration,True Positive,Yes,r.islam,Morning
ALT-002565,2026-07-19 09:12:22,2026-07,EDR,Suspicious PowerShell,Low,Privilege Escalation,False Positive,No,t.begum,Morning
ALT-002562,2026-07-19 09:43:50,2026-07,EDR,Unsigned driver load,Low,Lateral Movement,True Positive,No,a.rahman,Morning
ALT-002552,2026-07-19 10:42:30,2026-07,EDR,LOLBin execution,Low,Defense Evasion,Duplicate,No,r.islam,Morning
ALT-002556,2026-07-19 10:43:48,2026-07,EDR,Unsigned driver load,Medium,Impact,True Positive,No,r.islam,Morning
ALT-002548,2026-07-19 11:04:07,2026-07,SIEM,Logon from disabled account,Medium,Initial Access,True Positive,No,t.begum,Morning
ALT-002544,2026-07-19 12:12:03,2026-07,Email-GW,Business email compromise,Medium,Persistence,True Positive,No,n.akter,Morning
ALT-002551,2026-07-19 12:17:07,2026-07,EDR,Ransomware canary file,Critical,Collection,False Positive,No,n.akter,Morning
ALT-002555,2026-07-19 13:15:40,2026-07,Firewall,Tor exit node traffic,Medium,Initial Access,True Positive,No,t.begum,Morning
ALT-002553,2026-07-19 13:39:27,2026-07,SIEM,Audit log cleared,High,Initial Access,True Positive,Yes,s.khatun,Morning
ALT-002545,2026-07-19 14:11:34,2026-07,EDR,LOLBin execution,High,Discovery,True Positive,No,n.akter,Evening
ALT-002566,2026-07-19 14:14:22,2026-07,EDR,Unsigned driver load,Low,Execution,Benign True Positive,No,s.khatun,Evening
ALT-002567,2026-07-19 14:29:35,2026-07,SIEM,Logon from disabled account,Low,Impact,True Positive,No,s.khatun,Evening
ALT-002558,2026-07-19 14:57:28,2026-07,IDS,EternalBlue exploit,Low,Collection,Benign True Positive,No,t.begum,Evening
ALT-002549,2026-07-19 15:15:28,2026-07,EDR,Process hollowing,Low,Execution,False Positive,No,t.begum,Evening
ALT-002542,2026-07-19 17:09:26,2026-07,SIEM,New privileged account,Medium,Discovery,True Positive,Yes,n.akter,Evening
ALT-002564,2026-07-19 19:46:55,2026-07,Email-GW,Malicious attachment,Medium,Privilege Escalation,False Positive,No,n.akter,Evening
ALT-002557,2026-07-19 20:29:10,2026-07,EDR,Ransomware canary file,Low,Collection,Benign True Positive,No,m.hasan,Evening
ALT-002571,2026-07-20 04:32:38,2026-07,Email-GW,Phishing URL,High,Initial Access,False Positive,No,s.khatun,Night
ALT-002582,2026-07-20 07:31:52,2026-07,Firewall,Tor exit node traffic,High,Impact,False Positive,No,a.rahman,Morning
ALT-002573,2026-07-20 08:57:36,2026-07,Firewall,Outbound to known C2,Medium,Persistence,True Positive,No,s.khatun,Morning
ALT-002586,2026-07-20 09:18:37,2026-07,IDS,SMB lateral movement,Low,Lateral Movement,True Positive,No,m.hasan,Morning
ALT-002580,2026-07-20 09:28:30,2026-07,Firewall,DNS tunneling pattern,Low,Defense Evasion,False Positive,No,r.islam,Morning
ALT-002574,2026-07-20 09:47:08,2026-07,Email-GW,Phishing URL,High,Defense Evasion,False Positive,No,n.akter,Morning
ALT-002570,2026-07-20 10:07:35,2026-07,Email-GW,Spoofed internal sender,Medium,Lateral Movement,False Positive,No,t.begum,Morning
ALT-002579,2026-07-20 12:01:19,2026-07,Firewall,DNS tunneling pattern,Low,Exfiltration,Benign True Positive,No,s.khatun,Morning
ALT-002584,2026-07-20 13:15:15,2026-07,WAF,XSS attempt,Medium,Defense Evasion,True Positive,No,s.khatun,Morning
ALT-002576,2026-07-20 14:29:16,2026-07,SIEM,Impossible travel,Low,Execution,True Positive,No,n.akter,Evening
ALT-002569,2026-07-20 15:37:47,2026-07,EDR,Credential dumping tool,Low,Command and Control,True Positive,No,n.akter,Evening
ALT-002583,2026-07-20 17:18:43,2026-07,IDS,EternalBlue exploit,High,Defense Evasion,False Positive,No,r.islam,Evening
ALT-002577,2026-07-20 17:47:30,2026-07,SIEM,New privileged account,Critical,Collection,Duplicate,No,a.rahman,Evening
ALT-002581,2026-07-20 17:52:58,2026-07,SIEM,New privileged account,Medium,Collection,True Positive,No,r.islam,Evening
ALT-002585,2026-07-20 18:52:17,2026-07,IDS,EternalBlue exploit,Low,Defense Evasion,False Positive,No,r.islam,Evening
ALT-002575,2026-07-20 19:48:22,2026-07,EDR,LOLBin execution,Low,Command and Control,True Positive,No,a.rahman,Evening
ALT-002578,2026-07-20 20:49:57,2026-07,Firewall,Outbound to known C2,Low,Defense Evasion,False Positive,No,r.islam,Evening
ALT-002572,2026-07-20 22:47:36,2026-07,Email-GW,Spoofed internal sender,Critical,Lateral Movement,True Positive,Yes,t.begum,Night
ALT-002599,2026-07-21 01:00:22,2026-07,Email-GW,Phishing URL,Low,Lateral Movement,True Positive,No,s.khatun,Night
ALT-002606,2026-07-21 06:13:25,2026-07,Firewall,Inbound port scan,Low,Command and Control,True Positive,No,s.khatun,Morning
ALT-002593,2026-07-21 06:18:42,2026-07,EDR,Process hollowing,Low,Execution,True Positive,No,m.hasan,Morning
ALT-002596,2026-07-21 06:46:25,2026-07,EDR,Credential dumping tool,Medium,Defense Evasion,True Positive,No,r.islam,Morning
ALT-002601,2026-07-21 07:09:11,2026-07,SIEM,Audit log cleared,Low,Impact,False Positive,No,a.rahman,Morning
ALT-002603,2026-07-21 08:26:06,2026-07,EDR,LOLBin execution,Medium,Collection,False Positive,No,t.begum,Morning
ALT-002604,2026-07-21 08:29:57,2026-07,SIEM,Brute-force logon burst,Low,Initial Access,True Positive,No,n.akter,Morning
ALT-002597,2026-07-21 08:33:21,2026-07,WAF,XSS attempt,Low,Exfiltration,False Positive,No,a.rahman,Morning
ALT-002592,2026-07-21 08:59:57,2026-07,Firewall,Inbound port scan,Low,Impact,False Positive,No,s.khatun,Morning
ALT-002600,2026-07-21 09:04:14,2026-07,Email-GW,Business email compromise,Low,Execution,True Positive,No,n.akter,Morning
ALT-002608,2026-07-21 10:02:31,2026-07,SIEM,New privileged account,Low,Collection,Duplicate,No,m.hasan,Morning
ALT-002609,2026-07-21 10:05:15,2026-07,SIEM,Mass file download,Low,Lateral Movement,False Positive,No,a.rahman,Morning
ALT-002594,2026-07-21 10:26:49,2026-07,EDR,Credential dumping tool,Medium,Persistence,False Positive,No,m.hasan,Morning
ALT-002589,2026-07-21 10:55:12,2026-07,IDS,Cobalt Strike beacon,Medium,Credential Access,True Positive,No,t.begum,Morning
ALT-002598,2026-07-21 11:59:33,2026-07,EDR,Suspicious PowerShell,Critical,Lateral Movement,False Positive,No,n.akter,Morning
ALT-002588,2026-07-21 13:08:22,2026-07,IDS,SMB lateral movement,High,Collection,False Positive,No,s.khatun,Morning
ALT-002595,2026-07-21 13:24:52,2026-07,SIEM,Brute-force logon burst,Low,Credential Access,False Positive,No,n.akter,Morning
ALT-002587,2026-07-21 13:35:19,2026-07,SIEM,Logon from disabled account,Medium,Initial Access,True Positive,Yes,m.hasan,Morning
ALT-002591,2026-07-21 14:32:40,2026-07,WAF,SQL injection attempt,High,Collection,False Positive,No,s.khatun,Evening
ALT-002590,2026-07-21 15:42:45,2026-07,Email-GW,Malicious attachment,High,Persistence,True Positive,Yes,t.begum,Evening
ALT-002602,2026-07-21 15:47:48,2026-07,EDR,LOLBin execution,Medium,Defense Evasion,False Positive,No,t.begum,Evening
ALT-002607,2026-07-21 18:45:37,2026-07,Firewall,Inbound port scan,Low,Persistence,True Positive,No,s.khatun,Evening
ALT-002605,2026-07-21 19:28:40,2026-07,EDR,Ransomware canary file,Critical,Lateral Movement,Duplicate,No,r.islam,Evening
ALT-002620,2026-07-22 02:54:13,2026-07,EDR,Ransomware canary file,Low,Defense Evasion,True Positive,No,s.khatun,Night
ALT-002618,2026-07-22 05:47:08,2026-07,Firewall,Outbound to known C2,Low,Discovery,False Positive,No,m.hasan,Night
ALT-002621,2026-07-22 09:17:39,2026-07,IDS,SMB lateral movement,Low,Collection,True Positive,No,n.akter,Morning
ALT-002615,2026-07-22 10:07:19,2026-07,WAF,SQL injection attempt,Medium,Defense Evasion,False Positive,No,t.begum,Morning
ALT-002619,2026-07-22 11:32:56,2026-07,EDR,Process hollowing,Medium,Credential Access,False Positive,No,t.begum,Morning
ALT-002610,2026-07-22 12:35:27,2026-07,SIEM,Logon from disabled account,Medium,Credential Access,Duplicate,No,t.begum,Morning
ALT-002611,2026-07-22 13:19:16,2026-07,Firewall,Outbound to known C2,Medium,Collection,True Positive,No,r.islam,Morning
ALT-002617,2026-07-22 14:35:26,2026-07,SIEM,New privileged account,Low,Collection,True Positive,No,r.islam,Evening
ALT-002616,2026-07-22 14:37:43,2026-07,SIEM,New privileged account,Low,Defense Evasion,Benign True Positive,No,t.begum,Evening
ALT-002614,2026-07-22 16:21:51,2026-07,SIEM,Brute-force logon burst,Medium,Exfiltration,False Positive,No,r.islam,Evening
ALT-002613,2026-07-22 16:26:34,2026-07,SIEM,Brute-force logon burst,High,Initial Access,False Positive,No,m.hasan,Evening
ALT-002612,2026-07-22 19:55:36,2026-07,SIEM,Logon from disabled account,Medium,Exfiltration,Duplicate,No,t.begum,Evening
ALT-002637,2026-07-23 06:20:03,2026-07,Firewall,Inbound port scan,Low,Credential Access,True Positive,No,r.islam,Morning
ALT-002623,2026-07-23 07:02:52,2026-07,CASB,OAuth grant to risky app,Low,Impact,True Positive,No,a.rahman,Morning
ALT-002625,2026-07-23 07:39:10,2026-07,IDS,Nmap scan,Critical,Command and Control,False Positive,No,n.akter,Morning
ALT-002635,2026-07-23 08:19:57,2026-07,WAF,XSS attempt,Low,Credential Access,Benign True Positive,No,m.hasan,Morning
ALT-002639,2026-07-23 09:08:27,2026-07,IDS,SMB lateral movement,Low,Collection,False Positive,No,m.hasan,Morning
ALT-002634,2026-07-23 09:43:26,2026-07,IDS,Cobalt Strike beacon,Low,Privilege Escalation,Benign True Positive,No,s.khatun,Morning
ALT-002624,2026-07-23 10:11:50,2026-07,SIEM,Logon from disabled account,Low,Execution,False Positive,No,a.rahman,Morning
ALT-002622,2026-07-23 11:33:01,2026-07,SIEM,Brute-force logon burst,Low,Credential Access,True Positive,No,m.hasan,Morning
ALT-002633,2026-07-23 11:41:17,2026-07,SIEM,Impossible travel,Medium,Privilege Escalation,False Positive,No,m.hasan,Morning
ALT-002636,2026-07-23 12:22:01,2026-07,SIEM,Logon from disabled account,High,Discovery,Duplicate,No,s.khatun,Morning
ALT-002638,2026-07-23 13:42:21,2026-07,Email-GW,Business email compromise,Medium,Persistence,Duplicate,No,n.akter,Morning
ALT-002628,2026-07-23 14:21:55,2026-07,SIEM,New privileged account,Medium,Lateral Movement,False Positive,No,t.begum,Evening
ALT-002629,2026-07-23 14:25:40,2026-07,SIEM,Logon from disabled account,Medium,Exfiltration,False Positive,No,s.khatun,Evening
ALT-002632,2026-07-23 15:02:30,2026-07,SIEM,Audit log cleared,High,Initial Access,False Positive,No,t.begum,Evening
ALT-002627,2026-07-23 15:07:07,2026-07,SIEM,New privileged account,Low,Persistence,False Positive,No,t.begum,Evening
ALT-002626,2026-07-23 16:19:13,2026-07,EDR,Suspicious PowerShell,Critical,Collection,False Positive,No,a.rahman,Evening
ALT-002631,2026-07-23 16:21:28,2026-07,Email-GW,Malicious attachment,Low,Credential Access,True Positive,No,r.islam,Evening
ALT-002630,2026-07-23 18:23:13,2026-07,EDR,Process hollowing,Medium,Exfiltration,True Positive,No,a.rahman,Evening
ALT-002644,2026-07-24 07:54:28,2026-07,Firewall,Tor exit node traffic,High,Exfiltration,False Positive,No,m.hasan,Morning
ALT-002658,2026-07-24 08:09:37,2026-07,SIEM,Audit log cleared,Low,Exfiltration,False Positive,No,r.islam,Morning
ALT-002663,2026-07-24 08:14:56,2026-07,Firewall,Outbound to known C2,Low,Execution,True Positive,No,s.khatun,Morning
ALT-002645,2026-07-24 09:01:36,2026-07,IDS,Cobalt Strike beacon,Low,Defense Evasion,False Positive,No,a.rahman,Morning
ALT-002655,2026-07-24 09:47:57,2026-07,EDR,Suspicious PowerShell,Low,Collection,Benign True Positive,No,t.begum,Morning
ALT-002657,2026-07-24 10:22:42,2026-07,EDR,Unsigned driver load,Low,Defense Evasion,False Positive,No,m.hasan,Morning
ALT-002647,2026-07-24 10:32:31,2026-07,SIEM,Mass file download,Low,Command and Control,False Positive,No,t.begum,Morning
ALT-002650,2026-07-24 10:46:53,2026-07,SIEM,Mass file download,Low,Discovery,Duplicate,No,n.akter,Morning
ALT-002654,2026-07-24 11:53:28,2026-07,EDR,Credential dumping tool,Low,Impact,Duplicate,No,m.hasan,Morning
ALT-002643,2026-07-24 13:05:58,2026-07,Email-GW,Business email compromise,Medium,Privilege Escalation,Duplicate,No,a.rahman,Morning
ALT-002659,2026-07-24 13:40:07,2026-07,EDR,Process hollowing,High,Command and Control,True Positive,Yes,s.khatun,Morning
ALT-002640,2026-07-24 13:48:36,2026-07,Email-GW,Spoofed internal sender,High,Exfiltration,False Positive,No,t.begum,Morning
ALT-002642,2026-07-24 14:18:42,2026-07,Email-GW,Malicious attachment,Low,Discovery,True Positive,No,r.islam,Evening
ALT-002656,2026-07-24 14:23:15,2026-07,EDR,Unsigned driver load,Medium,Credential Access,False Positive,No,s.khatun,Evening
ALT-002661,2026-07-24 14:49:50,2026-07,SIEM,Audit log cleared,High,Command and Control,True Positive,Yes,t.begum,Evening
ALT-002646,2026-07-24 15:15:59,2026-07,Firewall,Inbound port scan,Medium,Command and Control,False Positive,No,n.akter,Evening
ALT-002652,2026-07-24 15:25:49,2026-07,EDR,Unsigned driver load,Low,Lateral Movement,Benign True Positive,No,t.begum,Evening
ALT-002649,2026-07-24 15:49:41,2026-07,SIEM,Mass file download,Critical,Discovery,True Positive,Yes,r.islam,Evening
ALT-002651,2026-07-24 16:10:43,2026-07,Firewall,DNS tunneling pattern,Critical,Impact,Duplicate,No,a.rahman,Evening
ALT-002653,2026-07-24 16:27:48,2026-07,CASB,OAuth grant to risky app,High,Lateral Movement,False Positive,No,n.akter,Evening
ALT-002641,2026-07-24 16:40:53,2026-07,EDR,Unsigned driver load,Low,Collection,Benign True Positive,No,a.rahman,Evening
ALT-002662,2026-07-24 16:44:36,2026-07,CASB,OAuth grant to risky app,High,Credential Access,True Positive,Yes,r.islam,Evening
ALT-002648,2026-07-24 17:13:07,2026-07,IDS,EternalBlue exploit,Medium,Exfiltration,Duplicate,No,r.islam,Evening
ALT-002660,2026-07-24 19:34:09,2026-07,SIEM,Impossible travel,Low,Defense Evasion,False Positive,No,r.islam,Evening
ALT-002666,2026-07-25 01:08:57,2026-07,IDS,EternalBlue exploit,Low,Discovery,True Positive,No,m.hasan,Night
ALT-002664,2026-07-25 09:39:55,2026-07,EDR,LOLBin execution,Low,Impact,True Positive,No,r.islam,Morning
ALT-002665,2026-07-25 19:56:59,2026-07,IDS,Nmap scan,Medium,Defense Evasion,True Positive,No,s.khatun,Evening
ALT-002669,2026-07-26 09:57:25,2026-07,Email-GW,Spoofed internal sender,Low,Initial Access,True Positive,No,n.akter,Morning
ALT-002667,2026-07-26 11:40:35,2026-07,EDR,Process hollowing,Low,Initial Access,False Positive,No,n.akter,Morning
ALT-002668,2026-07-26 16:50:59,2026-07,WAF,Path traversal,Medium,Exfiltration,Duplicate,No,r.islam,Evening
ALT-002685,2026-07-27 04:35:24,2026-07,Firewall,DNS tunneling pattern,High,Defense Evasion,Benign True Positive,No,s.khatun,Night
ALT-002676,2026-07-27 08:19:20,2026-07,EDR,Ransomware canary file,High,Discovery,False Positive,No,s.khatun,Morning
ALT-002683,2026-07-27 09:26:28,2026-07,Firewall,Outbound to known C2,Low,Initial Access,True Positive,No,r.islam,Morning
ALT-002686,2026-07-27 09:38:07,2026-07,Email-GW,Spoofed internal sender,High,Initial Access,False Positive,No,a.rahman,Morning
ALT-002682,2026-07-27 10:23:18,2026-07,EDR,Unsigned driver load,Low,Defense Evasion,Benign True Positive,No,t.begum,Morning
ALT-002680,2026-07-27 10:42:50,2026-07,IDS,Cobalt Strike beacon,Low,Privilege Escalation,False Positive,No,m.hasan,Morning
ALT-002688,2026-07-27 12:00:14,2026-07,EDR,Ransomware canary file,Medium,Impact,False Positive,No,n.akter,Morning
ALT-002679,2026-07-27 12:32:41,2026-07,SIEM,New privileged account,Low,Initial Access,True Positive,No,a.rahman,Morning
ALT-002670,2026-07-27 13:20:03,2026-07,SIEM,Brute-force logon burst,Medium,Credential Access,False Positive,No,n.akter,Morning
ALT-002672,2026-07-27 13:22:25,2026-07,EDR,Credential dumping tool,Low,Impact,True Positive,No,s.khatun,Morning
ALT-002677,2026-07-27 13:56:16,2026-07,EDR,Process hollowing,Medium,Execution,False Positive,No,t.begum,Morning
ALT-002674,2026-07-27 16:26:30,2026-07,EDR,Unsigned driver load,Low,Persistence,True Positive,No,s.khatun,Evening
ALT-002687,2026-07-27 16:41:18,2026-07,Email-GW,Malicious attachment,Low,Exfiltration,False Positive,No,t.begum,Evening
ALT-002678,2026-07-27 16:57:41,2026-07,Email-GW,Phishing URL,Medium,Discovery,False Positive,No,m.hasan,Evening
ALT-002684,2026-07-27 17:05:02,2026-07,EDR,Suspicious PowerShell,Low,Command and Control,False Positive,No,t.begum,Evening
ALT-002671,2026-07-27 18:44:59,2026-07,WAF,XSS attempt,High,Privilege Escalation,True Positive,Yes,s.khatun,Evening
ALT-002675,2026-07-27 18:54:17,2026-07,SIEM,New privileged account,Low,Lateral Movement,False Positive,No,t.begum,Evening
ALT-002673,2026-07-27 20:25:26,2026-07,EDR,Unsigned driver load,High,Exfiltration,False Positive,No,a.rahman,Evening
ALT-002681,2026-07-27 22:01:32,2026-07,EDR,Suspicious PowerShell,Low,Collection,True Positive,No,t.begum,Night
ALT-002689,2026-07-27 22:10:52,2026-07,SIEM,Mass file download,Low,Lateral Movement,False Positive,No,m.hasan,Night
ALT-002693,2026-07-28 00:41:16,2026-07,EDR,Process hollowing,Medium,Collection,False Positive,No,n.akter,Night
ALT-002697,2026-07-28 04:05:26,2026-07,SIEM,Logon from disabled account,Critical,Initial Access,False Positive,No,n.akter,Night
ALT-002691,2026-07-28 04:38:33,2026-07,CASB,Mass external share,Low,Execution,False Positive,No,n.akter,Night
ALT-002707,2026-07-28 07:06:48,2026-07,EDR,Suspicious PowerShell,Low,Privilege Escalation,True Positive,No,r.islam,Morning
ALT-002706,2026-07-28 08:50:14,2026-07,SIEM,Brute-force logon burst,Low,Lateral Movement,Benign True Positive,No,s.khatun,Morning
ALT-002711,2026-07-28 08:52:55,2026-07,IDS,EternalBlue exploit,Low,Collection,True Positive,No,m.hasan,Morning
ALT-002694,2026-07-28 08:54:44,2026-07,CASB,OAuth grant to risky app,Medium,Defense Evasion,False Positive,No,n.akter,Morning
ALT-002699,2026-07-28 10:13:48,2026-07,SIEM,Audit log cleared,Critical,Credential Access,False Positive,No,n.akter,Morning
ALT-002704,2026-07-28 10:34:26,2026-07,EDR,Suspicious PowerShell,Low,Exfiltration,False Positive,No,a.rahman,Morning
ALT-002690,2026-07-28 11:08:39,2026-07,EDR,Suspicious PowerShell,Low,Credential Access,Duplicate,No,a.rahman,Morning
ALT-002710,2026-07-28 12:09:48,2026-07,SIEM,Audit log cleared,High,Exfiltration,False Positive,No,a.rahman,Morning
ALT-002709,2026-07-28 12:45:18,2026-07,IDS,Nmap scan,High,Initial Access,False Positive,No,a.rahman,Morning
ALT-002703,2026-07-28 14:12:08,2026-07,SIEM,Audit log cleared,High,Impact,True Positive,Yes,n.akter,Evening
ALT-002712,2026-07-28 14:59:47,2026-07,Email-GW,Malicious attachment,Low,Initial Access,False Positive,No,s.khatun,Evening
ALT-002702,2026-07-28 15:15:21,2026-07,IDS,Nmap scan,Low,Defense Evasion,False Positive,No,t.begum,Evening
ALT-002696,2026-07-28 15:15:49,2026-07,EDR,Credential dumping tool,Critical,Impact,True Positive,Yes,t.begum,Evening
ALT-002692,2026-07-28 15:16:07,2026-07,SIEM,Logon from disabled account,Low,Credential Access,True Positive,No,s.khatun,Evening
ALT-002698,2026-07-28 16:52:24,2026-07,SIEM,Logon from disabled account,Medium,Initial Access,True Positive,No,t.begum,Evening
ALT-002708,2026-07-28 17:48:35,2026-07,CASB,SaaS impossible travel,Low,Persistence,True Positive,Yes,s.khatun,Evening
ALT-002700,2026-07-28 18:39:57,2026-07,EDR,LOLBin execution,Low,Execution,True Positive,No,n.akter,Evening
ALT-002695,2026-07-28 19:28:07,2026-07,SIEM,Audit log cleared,High,Credential Access,True Positive,Yes,t.begum,Evening
ALT-002705,2026-07-28 19:53:08,2026-07,EDR,Ransomware canary file,High,Defense Evasion,Duplicate,No,s.khatun,Evening
ALT-002701,2026-07-28 20:23:35,2026-07,SIEM,Audit log cleared,Low,Exfiltration,True Positive,No,s.khatun,Evening
ALT-002721,2026-07-29 04:13:48,2026-07,Firewall,DNS tunneling pattern,Medium,Discovery,False Positive,No,m.hasan,Night
ALT-002717,2026-07-29 06:06:08,2026-07,EDR,Suspicious PowerShell,Medium,Credential Access,False Positive,No,t.begum,Morning
ALT-002720,2026-07-29 07:01:26,2026-07,SIEM,Impossible travel,Medium,Initial Access,Benign True Positive,No,s.khatun,Morning
ALT-002728,2026-07-29 08:49:57,2026-07,SIEM,Audit log cleared,Medium,Persistence,True Positive,Yes,n.akter,Morning
ALT-002713,2026-07-29 09:02:00,2026-07,IDS,Nmap scan,Low,Execution,True Positive,No,a.rahman,Morning
ALT-002714,2026-07-29 09:13:09,2026-07,Email-GW,Malicious attachment,Medium,Command and Control,True Positive,No,r.islam,Morning
ALT-002724,2026-07-29 09:27:30,2026-07,Email-GW,Spoofed internal sender,Low,Command and Control,False Positive,No,s.khatun,Morning
ALT-002730,2026-07-29 09:33:53,2026-07,SIEM,Audit log cleared,Medium,Persistence,True Positive,No,s.khatun,Morning
ALT-002727,2026-07-29 10:38:05,2026-07,EDR,Credential dumping tool,Low,Privilege Escalation,Benign True Positive,No,r.islam,Morning
ALT-002725,2026-07-29 10:50:45,2026-07,Firewall,Outbound to known C2,High,Command and Control,False Positive,No,a.rahman,Morning
ALT-002722,2026-07-29 11:32:38,2026-07,WAF,XSS attempt,Medium,Exfiltration,True Positive,No,r.islam,Morning
ALT-002731,2026-07-29 12:06:36,2026-07,SIEM,New privileged account,Medium,Command and Control,False Positive,No,a.rahman,Morning
ALT-002718,2026-07-29 12:08:57,2026-07,EDR,Ransomware canary file,High,Exfiltration,True Positive,Yes,r.islam,Morning
ALT-002732,2026-07-29 13:47:18,2026-07,EDR,Unsigned driver load,High,Credential Access,True Positive,Yes,r.islam,Morning
ALT-002723,2026-07-29 15:26:28,2026-07,CASB,OAuth grant to risky app,High,Lateral Movement,True Positive,Yes,r.islam,Evening
ALT-002715,2026-07-29 15:30:26,2026-07,WAF,SQL injection attempt,Low,Discovery,Benign True Positive,No,m.hasan,Evening
ALT-002726,2026-07-29 15:32:29,2026-07,EDR,Process hollowing,Medium,Credential Access,False Positive,No,a.rahman,Evening
ALT-002716,2026-07-29 17:03:11,2026-07,Firewall,Inbound port scan,High,Lateral Movement,Duplicate,No,a.rahman,Evening
ALT-002729,2026-07-29 18:27:12,2026-07,IDS,Nmap scan,High,Persistence,False Positive,No,s.khatun,Evening
ALT-002719,2026-07-29 22:53:16,2026-07,SIEM,Brute-force logon burst,Medium,Defense Evasion,True Positive,Yes,t.begum,Night
ALT-002733,2026-07-30 05:24:02,2026-07,Firewall,Geo-blocked destination,Low,Command and Control,True Positive,No,n.akter,Night
ALT-002745,2026-07-30 07:41:32,2026-07,EDR,Unsigned driver load,Medium,Collection,False Positive,No,m.hasan,Morning
ALT-002739,2026-07-30 08:14:40,2026-07,EDR,LOLBin execution,Low,Command and Control,Duplicate,No,m.hasan,Morning
ALT-002746,2026-07-30 08:56:01,2026-07,SIEM,Mass file download,Medium,Execution,True Positive,No,n.akter,Morning
ALT-002735,2026-07-30 09:02:03,2026-07,SIEM,New privileged account,Low,Command and Control,False Positive,No,m.hasan,Morning
ALT-002736,2026-07-30 09:42:21,2026-07,SIEM,Mass file download,High,Impact,False Positive,No,r.islam,Morning
ALT-002744,2026-07-30 10:39:44,2026-07,EDR,Suspicious PowerShell,Low,Initial Access,True Positive,No,m.hasan,Morning
ALT-002738,2026-07-30 11:11:18,2026-07,WAF,Path traversal,Low,Execution,False Positive,No,a.rahman,Morning
ALT-002734,2026-07-30 11:20:57,2026-07,SIEM,Brute-force logon burst,Low,Lateral Movement,True Positive,No,n.akter,Morning
ALT-002748,2026-07-30 12:06:40,2026-07,CASB,OAuth grant to risky app,High,Credential Access,Duplicate,No,r.islam,Morning
ALT-002750,2026-07-30 12:13:58,2026-07,SIEM,Brute-force logon burst,Medium,Privilege Escalation,False Positive,No,r.islam,Morning
ALT-002749,2026-07-30 12:19:08,2026-07,WAF,SQL injection attempt,High,Collection,True Positive,No,r.islam,Morning
ALT-002747,2026-07-30 12:22:48,2026-07,SIEM,Audit log cleared,Medium,Discovery,Benign True Positive,No,m.hasan,Morning
ALT-002741,2026-07-30 14:27:06,2026-07,EDR,Ransomware canary file,High,Persistence,True Positive,Yes,t.begum,Evening
ALT-002743,2026-07-30 14:33:00,2026-07,SIEM,Mass file download,Medium,Defense Evasion,False Positive,No,r.islam,Evening
ALT-002742,2026-07-30 17:31:04,2026-07,IDS,Cobalt Strike beacon,Low,Privilege Escalation,False Positive,No,m.hasan,Evening
ALT-002740,2026-07-30 21:12:19,2026-07,SIEM,New privileged account,Medium,Persistence,False Positive,No,a.rahman,Evening
ALT-002737,2026-07-30 21:30:41,2026-07,EDR,LOLBin execution,Low,Execution,Benign True Positive,No,a.rahman,Evening
ALT-002752,2026-07-31 00:04:11,2026-07,WAF,Web shell upload,High,Lateral Movement,False Positive,No,t.begum,Night
ALT-002758,2026-07-31 00:48:21,2026-07,Firewall,Tor exit node traffic,High,Command and Control,True Positive,Yes,n.akter,Night
ALT-002762,2026-07-31 07:44:05,2026-07,EDR,Suspicious PowerShell,Critical,Command and Control,True Positive,Yes,s.khatun,Morning
ALT-002755,2026-07-31 07:52:29,2026-07,EDR,Process hollowing,High,Persistence,False Positive,No,r.islam,Morning
ALT-002765,2026-07-31 08:44:56,2026-07,Firewall,Outbound to known C2,Low,Lateral Movement,Benign True Positive,No,n.akter,Morning
ALT-002764,2026-07-31 09:23:12,2026-07,SIEM,Brute-force logon burst,High,Command and Control,Benign True Positive,No,t.begum,Morning
ALT-002757,2026-07-31 09:28:53,2026-07,SIEM,Logon from disabled account,Medium,Command and Control,Duplicate,No,n.akter,Morning
ALT-002756,2026-07-31 09:45:25,2026-07,Email-GW,Phishing URL,High,Discovery,True Positive,Yes,t.begum,Morning
ALT-002754,2026-07-31 10:51:35,2026-07,Firewall,Outbound to known C2,Low,Collection,True Positive,No,t.begum,Morning
ALT-002753,2026-07-31 13:06:25,2026-07,SIEM,New privileged account,Medium,Discovery,False Positive,No,s.khatun,Morning
ALT-002761,2026-07-31 16:06:56,2026-07,CASB,SaaS impossible travel,Low,Credential Access,False Positive,No,t.begum,Evening
ALT-002763,2026-07-31 16:10:15,2026-07,EDR,Suspicious PowerShell,Medium,Persistence,False Positive,No,n.akter,Evening
ALT-002751,2026-07-31 19:54:03,2026-07,Firewall,DNS tunneling pattern,Low,Privilege Escalation,True Positive,Yes,s.khatun,Evening
ALT-002760,2026-07-31 21:06:14,2026-07,SIEM,Mass file download,Low,Persistence,False Positive,No,s.khatun,Evening
ALT-002759,2026-07-31 23:30:15,2026-07,Firewall,Outbound to known C2,Medium,Exfiltration,True Positive,No,s.khatun,Night
ALT-002767,2026-08-01 08:41:56,2026-08,EDR,Ransomware canary file,Low,Collection,True Positive,No,a.rahman,Morning
ALT-002768,2026-08-01 20:21:20,2026-08,SIEM,Impossible travel,Medium,Persistence,True Positive,No,r.islam,Evening
ALT-002766,2026-08-01 22:49:58,2026-08,WAF,Path traversal,Medium,Discovery,False Positive,No,m.hasan,Night
ALT-002770,2026-08-02 09:30:16,2026-08,Firewall,Outbound to known C2,Low,Exfiltration,False Positive,No,s.khatun,Morning
ALT-002771,2026-08-02 13:08:49,2026-08,Email-GW,Spoofed internal sender,High,Credential Access,False Positive,No,s.khatun,Morning
ALT-002769,2026-08-02 18:32:36,2026-08,Firewall,Tor exit node traffic,High,Persistence,True Positive,Yes,t.begum,Evening
ALT-002785,2026-08-03 06:16:08,2026-08,Firewall,Tor exit node traffic,Low,Exfiltration,False Positive,No,m.hasan,Morning
ALT-002786,2026-08-03 07:24:48,2026-08,SIEM,Brute-force logon burst,Medium,Exfiltration,False Positive,No,m.hasan,Morning
ALT-002773,2026-08-03 08:01:38,2026-08,Firewall,Geo-blocked destination,High,Privilege Escalation,True Positive,Yes,m.hasan,Morning
ALT-002780,2026-08-03 08:30:05,2026-08,EDR,Suspicious PowerShell,Low,Privilege Escalation,True Positive,No,t.begum,Morning
ALT-002772,2026-08-03 08:46:37,2026-08,Firewall,Geo-blocked destination,Medium,Initial Access,False Positive,No,m.hasan,Morning
ALT-002784,2026-08-03 08:50:37,2026-08,IDS,EternalBlue exploit,Low,Initial Access,True Positive,No,t.begum,Morning
ALT-002787,2026-08-03 08:53:24,2026-08,Email-GW,Malicious attachment,Medium,Defense Evasion,False Positive,No,r.islam,Morning
ALT-002788,2026-08-03 09:35:40,2026-08,EDR,Process hollowing,Critical,Credential Access,False Positive,No,t.begum,Morning
ALT-002776,2026-08-03 09:39:07,2026-08,WAF,Web shell upload,Low,Persistence,False Positive,No,t.begum,Morning
ALT-002775,2026-08-03 10:37:34,2026-08,IDS,EternalBlue exploit,Medium,Lateral Movement,False Positive,No,r.islam,Morning
ALT-002782,2026-08-03 10:40:01,2026-08,EDR,Process hollowing,Low,Collection,True Positive,No,a.rahman,Morning
ALT-002777,2026-08-03 11:05:10,2026-08,Firewall,Inbound port scan,Low,Impact,True Positive,No,a.rahman,Morning
ALT-002789,2026-08-03 11:20:58,2026-08,EDR,Credential dumping tool,High,Lateral Movement,True Positive,Yes,m.hasan,Morning
ALT-002779,2026-08-03 13:29:13,2026-08,WAF,SQL injection attempt,Low,Discovery,Benign True Positive,No,s.khatun,Morning
ALT-002778,2026-08-03 15:11:34,2026-08,SIEM,New privileged account,Medium,Impact,False Positive,No,m.hasan,Evening
ALT-002774,2026-08-03 15:58:36,2026-08,WAF,Web shell upload,Low,Initial Access,True Positive,No,t.begum,Evening
ALT-002781,2026-08-03 16:55:54,2026-08,IDS,SMB lateral movement,High,Lateral Movement,False Positive,No,t.begum,Evening
ALT-002783,2026-08-03 18:25:05,2026-08,IDS,EternalBlue exploit,High,Exfiltration,True Positive,Yes,t.begum,Evening
ALT-002795,2026-08-04 05:33:20,2026-08,IDS,Nmap scan,Medium,Lateral Movement,Duplicate,No,a.rahman,Night
ALT-002802,2026-08-04 07:00:01,2026-08,Firewall,Tor exit node traffic,High,Privilege Escalation,False Positive,No,s.khatun,Morning
ALT-002794,2026-08-04 07:00:57,2026-08,WAF,Path traversal,Low,Discovery,True Positive,No,r.islam,Morning
ALT-002797,2026-08-04 08:33:48,2026-08,Email-GW,Phishing URL,Low,Lateral Movement,True Positive,No,n.akter,Morning
ALT-002791,2026-08-04 11:58:28,2026-08,EDR,Suspicious PowerShell,Low,Persistence,Benign True Positive,No,a.rahman,Morning
ALT-002798,2026-08-04 12:09:22,2026-08,Firewall,Inbound port scan,Low,Lateral Movement,True Positive,No,t.begum,Morning
ALT-002790,2026-08-04 12:26:13,2026-08,Firewall,DNS tunneling pattern,High,Initial Access,False Positive,No,m.hasan,Morning
ALT-002800,2026-08-04 14:31:49,2026-08,Email-GW,Business email compromise,Low,Impact,Duplicate,No,s.khatun,Evening
ALT-002793,2026-08-04 15:24:37,2026-08,IDS,EternalBlue exploit,Low,Exfiltration,True Positive,No,m.hasan,Evening
ALT-002792,2026-08-04 15:46:01,2026-08,SIEM,Impossible travel,Low,Collection,True Positive,No,t.begum,Evening
ALT-002799,2026-08-04 15:50:04,2026-08,WAF,SQL injection attempt,Medium,Credential Access,True Positive,No,t.begum,Evening
ALT-002801,2026-08-04 17:13:14,2026-08,Firewall,Inbound port scan,Low,Discovery,False Positive,No,r.islam,Evening
ALT-002796,2026-08-04 22:50:49,2026-08,Email-GW,Phishing URL,Critical,Collection,True Positive,Yes,r.islam,Night
ALT-002808,2026-08-05 07:51:37,2026-08,Email-GW,Spoofed internal sender,Medium,Privilege Escalation,False Positive,No,t.begum,Morning
ALT-002812,2026-08-05 08:15:19,2026-08,WAF,XSS attempt,Critical,Initial Access,True Positive,No,r.islam,Morning
ALT-002810,2026-08-05 08:41:59,2026-08,IDS,Cobalt Strike beacon,Medium,Lateral Movement,Duplicate,No,r.islam,Morning
ALT-002813,2026-08-05 10:16:37,2026-08,IDS,EternalBlue exploit,High,Credential Access,True Positive,No,t.begum,Morning
ALT-002811,2026-08-05 10:55:17,2026-08,EDR,Unsigned driver load,Medium,Persistence,False Positive,No,t.begum,Morning
ALT-002809,2026-08-05 12:25:29,2026-08,IDS,Nmap scan,Medium,Lateral Movement,False Positive,No,a.rahman,Morning
ALT-002806,2026-08-05 12:56:30,2026-08,IDS,Nmap scan,Medium,Lateral Movement,False Positive,No,m.hasan,Morning
ALT-002807,2026-08-05 14:38:54,2026-08,EDR,Unsigned driver load,Low,Privilege Escalation,True Positive,No,r.islam,Evening
ALT-002814,2026-08-05 14:55:27,2026-08,Firewall,Tor exit node traffic,Medium,Initial Access,True Positive,No,m.hasan,Evening
ALT-002805,2026-08-05 15:55:46,2026-08,Firewall,Outbound to known C2,High,Privilege Escalation,Duplicate,No,a.rahman,Evening
ALT-002804,2026-08-05 16:34:46,2026-08,IDS,Nmap scan,High,Exfiltration,Duplicate,No,t.begum,Evening
ALT-002803,2026-08-05 22:30:23,2026-08,EDR,Unsigned driver load,Medium,Exfiltration,False Positive,No,t.begum,Night
ALT-002821,2026-08-06 01:12:20,2026-08,SIEM,Audit log cleared,Low,Credential Access,False Positive,No,a.rahman,Night
ALT-002815,2026-08-06 05:06:23,2026-08,SIEM,New privileged account,Medium,Defense Evasion,Benign True Positive,No,a.rahman,Night
ALT-002832,2026-08-06 05:28:14,2026-08,Email-GW,Business email compromise,Low,Initial Access,Benign True Positive,No,m.hasan,Night
ALT-002818,2026-08-06 08:08:57,2026-08,SIEM,Audit log cleared,Medium,Privilege Escalation,True Positive,No,r.islam,Morning
ALT-002831,2026-08-06 08:40:57,2026-08,Firewall,DNS tunneling pattern,High,Persistence,True Positive,Yes,m.hasan,Morning
ALT-002816,2026-08-06 08:41:17,2026-08,SIEM,New privileged account,Medium,Defense Evasion,True Positive,Yes,m.hasan,Morning
ALT-002829,2026-08-06 09:41:39,2026-08,Firewall,Tor exit node traffic,Medium,Defense Evasion,Benign True Positive,No,a.rahman,Morning
ALT-002824,2026-08-06 10:39:17,2026-08,SIEM,Audit log cleared,Low,Execution,False Positive,No,m.hasan,Morning
ALT-002822,2026-08-06 11:39:53,2026-08,WAF,Web shell upload,Medium,Privilege Escalation,True Positive,No,n.akter,Morning
ALT-002830,2026-08-06 13:06:52,2026-08,EDR,Process hollowing,Low,Collection,False Positive,No,r.islam,Morning
ALT-002825,2026-08-06 14:28:35,2026-08,SIEM,Impossible travel,Low,Discovery,True Positive,No,r.islam,Evening
ALT-002823,2026-08-06 14:44:01,2026-08,SIEM,Brute-force logon burst,Medium,Lateral Movement,True Positive,No,m.hasan,Evening
ALT-002828,2026-08-06 15:06:35,2026-08,SIEM,Impossible travel,Low,Lateral Movement,True Positive,No,r.islam,Evening
ALT-002820,2026-08-06 15:39:36,2026-08,SIEM,Audit log cleared,High,Discovery,False Positive,No,r.islam,Evening
ALT-002819,2026-08-06 16:32:54,2026-08,Email-GW,Phishing URL,Medium,Persistence,False Positive,No,r.islam,Evening
ALT-002827,2026-08-06 16:44:05,2026-08,EDR,Suspicious PowerShell,Low,Defense Evasion,Benign True Positive,No,a.rahman,Evening
ALT-002826,2026-08-06 18:10:22,2026-08,SIEM,Mass file download,Medium,Persistence,True Positive,No,m.hasan,Evening
ALT-002817,2026-08-06 19:27:43,2026-08,WAF,XSS attempt,Medium,Persistence,Duplicate,No,s.khatun,Evening
ALT-002842,2026-08-07 05:26:42,2026-08,EDR,LOLBin execution,Medium,Privilege Escalation,False Positive,No,n.akter,Night
ALT-002835,2026-08-07 06:32:55,2026-08,IDS,EternalBlue exploit,High,Discovery,False Positive,No,t.begum,Morning
ALT-002840,2026-08-07 06:35:31,2026-08,EDR,Credential dumping tool,Medium,Command and Control,False Positive,No,r.islam,Morning
ALT-002843,2026-08-07 07:56:13,2026-08,SIEM,New privileged account,Low,Credential Access,False Positive,No,t.begum,Morning
ALT-002848,2026-08-07 10:10:23,2026-08,IDS,EternalBlue exploit,Low,Discovery,Duplicate,No,m.hasan,Morning
ALT-002833,2026-08-07 10:13:12,2026-08,IDS,Nmap scan,Low,Persistence,Duplicate,No,t.begum,Morning
ALT-002846,2026-08-07 10:15:25,2026-08,Email-GW,Phishing URL,Low,Impact,False Positive,No,m.hasan,Morning
ALT-002851,2026-08-07 10:49:53,2026-08,SIEM,Mass file download,High,Execution,Benign True Positive,No,a.rahman,Morning
ALT-002837,2026-08-07 11:46:36,2026-08,Email-GW,Malicious attachment,Medium,Collection,Benign True Positive,No,r.islam,Morning
ALT-002849,2026-08-07 11:49:02,2026-08,Firewall,Geo-blocked destination,Low,Execution,Duplicate,No,r.islam,Morning
ALT-002844,2026-08-07 11:52:21,2026-08,EDR,LOLBin execution,Low,Command and Control,True Positive,No,m.hasan,Morning
ALT-002834,2026-08-07 11:57:26,2026-08,SIEM,Impossible travel,Medium,Lateral Movement,False Positive,No,a.rahman,Morning
ALT-002838,2026-08-07 13:55:03,2026-08,Email-GW,Malicious attachment,High,Collection,Duplicate,No,m.hasan,Morning
ALT-002847,2026-08-07 14:25:11,2026-08,WAF,XSS attempt,Critical,Credential Access,Benign True Positive,No,n.akter,Evening
ALT-002841,2026-08-07 14:50:02,2026-08,Email-GW,Malicious attachment,Medium,Defense Evasion,True Positive,No,m.hasan,Evening
ALT-002845,2026-08-07 15:53:24,2026-08,EDR,Unsigned driver load,Low,Execution,False Positive,No,s.khatun,Evening
ALT-002850,2026-08-07 16:22:49,2026-08,Firewall,Inbound port scan,Medium,Exfiltration,False Positive,No,n.akter,Evening
ALT-002839,2026-08-07 21:20:06,2026-08,Firewall,Inbound port scan,High,Defense Evasion,True Positive,No,t.begum,Evening
ALT-002836,2026-08-07 22:40:47,2026-08,Email-GW,Business email compromise,Low,Discovery,False Positive,No,n.akter,Night
ALT-002852,2026-08-08 09:44:29,2026-08,WAF,Path traversal,Medium,Execution,False Positive,No,a.rahman,Morning
ALT-002853,2026-08-08 15:41:04,2026-08,SIEM,Brute-force logon burst,Low,Impact,False Positive,No,t.begum,Evening
ALT-002854,2026-08-08 19:54:52,2026-08,Firewall,Inbound port scan,Medium,Impact,True Positive,Yes,m.hasan,Evening
ALT-002856,2026-08-09 08:17:27,2026-08,Firewall,Inbound port scan,Medium,Impact,True Positive,No,s.khatun,Morning
ALT-002855,2026-08-09 09:11:16,2026-08,Firewall,Inbound port scan,Medium,Discovery,False Positive,No,t.begum,Morning
ALT-002857,2026-08-09 13:01:20,2026-08,EDR,Credential dumping tool,Low,Execution,True Positive,No,m.hasan,Morning
ALT-002864,2026-08-10 00:07:52,2026-08,SIEM,Impossible travel,Low,Command and Control,True Positive,No,r.islam,Night
ALT-002869,2026-08-10 07:28:02,2026-08,EDR,LOLBin execution,High,Initial Access,Benign True Positive,No,m.hasan,Morning
ALT-002859,2026-08-10 07:34:02,2026-08,EDR,Suspicious PowerShell,Medium,Lateral Movement,True Positive,No,m.hasan,Morning
ALT-002874,2026-08-10 08:34:51,2026-08,Firewall,Outbound to known C2,Medium,Credential Access,False Positive,No,n.akter,Morning
ALT-002873,2026-08-10 09:01:56,2026-08,Firewall,Tor exit node traffic,Low,Defense Evasion,True Positive,No,m.hasan,Morning
ALT-002872,2026-08-10 10:21:44,2026-08,WAF,XSS attempt,Medium,Command and Control,False Positive,No,a.rahman,Morning
ALT-002876,2026-08-10 10:29:30,2026-08,Email-GW,Business email compromise,Low,Lateral Movement,Benign True Positive,No,a.rahman,Morning
ALT-002868,2026-08-10 11:05:23,2026-08,EDR,Process hollowing,Low,Execution,False Positive,No,n.akter,Morning
ALT-002861,2026-08-10 11:08:04,2026-08,Firewall,Inbound port scan,Medium,Persistence,False Positive,No,a.rahman,Morning
ALT-002860,2026-08-10 13:04:21,2026-08,SIEM,Logon from disabled account,Low,Impact,False Positive,No,r.islam,Morning
ALT-002865,2026-08-10 13:34:35,2026-08,SIEM,Brute-force logon burst,Medium,Initial Access,True Positive,No,n.akter,Morning
ALT-002863,2026-08-10 15:38:51,2026-08,Email-GW,Malicious attachment,Low,Impact,True Positive,No,a.rahman,Evening
ALT-002858,2026-08-10 16:04:11,2026-08,EDR,Suspicious PowerShell,High,Persistence,False Positive,No,n.akter,Evening
ALT-002870,2026-08-10 16:26:10,2026-08,IDS,Nmap scan,High,Execution,False Positive,No,a.rahman,Evening
ALT-002866,2026-08-10 17:42:19,2026-08,WAF,SQL injection attempt,Medium,Credential Access,True Positive,Yes,n.akter,Evening
ALT-002862,2026-08-10 17:42:46,2026-08,SIEM,Audit log cleared,Medium,Impact,True Positive,No,s.khatun,Evening
ALT-002867,2026-08-10 18:11:52,2026-08,EDR,Suspicious PowerShell,Medium,Execution,False Positive,No,t.begum,Evening
ALT-002871,2026-08-10 18:48:09,2026-08,SIEM,Brute-force logon burst,Low,Persistence,True Positive,Yes,a.rahman,Evening
ALT-002875,2026-08-10 23:35:40,2026-08,EDR,Unsigned driver load,Low,Privilege Escalation,True Positive,No,s.khatun,Night
ALT-002880,2026-08-11 01:43:01,2026-08,Firewall,Tor exit node traffic,Low,Collection,Duplicate,No,a.rahman,Night
ALT-002892,2026-08-11 08:25:38,2026-08,Firewall,Inbound port scan,High,Command and Control,True Positive,No,a.rahman,Morning
ALT-002894,2026-08-11 09:05:30,2026-08,EDR,Process hollowing,Medium,Initial Access,True Positive,Yes,r.islam,Morning
ALT-002879,2026-08-11 09:10:32,2026-08,EDR,LOLBin execution,Medium,Exfiltration,True Positive,No,m.hasan,Morning
ALT-002896,2026-08-11 09:18:08,2026-08,EDR,Process hollowing,Low,Lateral Movement,False Positive,No,m.hasan,Morning
ALT-002890,2026-08-11 11:59:03,2026-08,SIEM,Logon from disabled account,Medium,Initial Access,True Positive,Yes,n.akter,Morning
ALT-002886,2026-08-11 12:00:29,2026-08,EDR,LOLBin execution,Low,Privilege Escalation,False Positive,No,m.hasan,Morning
ALT-002882,2026-08-11 12:21:11,2026-08,SIEM,Logon from disabled account,High,Privilege Escalation,False Positive,No,m.hasan,Morning
ALT-002888,2026-08-11 12:26:13,2026-08,SIEM,Mass file download,High,Exfiltration,False Positive,No,m.hasan,Morning
ALT-002895,2026-08-11 12:49:50,2026-08,Firewall,Inbound port scan,Low,Privilege Escalation,False Positive,No,t.begum,Morning
ALT-002887,2026-08-11 12:55:58,2026-08,SIEM,Logon from disabled account,Medium,Persistence,Benign True Positive,No,r.islam,Morning
ALT-002883,2026-08-11 13:09:15,2026-08,Firewall,Inbound port scan,Low,Execution,Benign True Positive,No,m.hasan,Morning
ALT-002878,2026-08-11 14:29:54,2026-08,IDS,Nmap scan,Low,Exfiltration,True Positive,No,t.begum,Evening
ALT-002889,2026-08-11 14:58:20,2026-08,EDR,Suspicious PowerShell,Low,Command and Control,Benign True Positive,No,s.khatun,Evening
ALT-002893,2026-08-11 16:39:40,2026-08,SIEM,Mass file download,High,Initial Access,True Positive,No,a.rahman,Evening
ALT-002885,2026-08-11 17:10:42,2026-08,WAF,XSS attempt,Low,Execution,Duplicate,No,t.begum,Evening
ALT-002877,2026-08-11 17:40:33,2026-08,EDR,LOLBin execution,Medium,Persistence,True Positive,No,a.rahman,Evening
ALT-002891,2026-08-11 18:28:29,2026-08,IDS,EternalBlue exploit,Low,Exfiltration,True Positive,No,s.khatun,Evening
ALT-002881,2026-08-11 19:12:33,2026-08,EDR,Unsigned driver load,Medium,Defense Evasion,True Positive,Yes,n.akter,Evening
ALT-002884,2026-08-11 22:49:13,2026-08,Firewall,DNS tunneling pattern,Medium,Discovery,True Positive,No,a.rahman,Night
ALT-002906,2026-08-12 06:01:58,2026-08,Firewall,Outbound to known C2,Critical,Impact,Benign True Positive,No,n.akter,Morning
ALT-002908,2026-08-12 06:33:51,2026-08,SIEM,New privileged account,High,Persistence,False Positive,No,s.khatun,Morning
ALT-002901,2026-08-12 07:13:49,2026-08,Email-GW,Phishing URL,High,Collection,True Positive,Yes,m.hasan,Morning
ALT-002897,2026-08-12 08:47:01,2026-08,EDR,Suspicious PowerShell,Medium,Lateral Movement,Benign True Positive,No,n.akter,Morning
ALT-002909,2026-08-12 09:18:35,2026-08,SIEM,Audit log cleared,Low,Lateral Movement,Benign True Positive,No,m.hasan,Morning
ALT-002904,2026-08-12 09:23:35,2026-08,SIEM,Audit log cleared,High,Lateral Movement,True Positive,Yes,t.begum,Morning
ALT-002900,2026-08-12 09:48:29,2026-08,EDR,Suspicious PowerShell,Low,Initial Access,True Positive,No,t.begum,Morning
ALT-002910,2026-08-12 10:49:08,2026-08,Email-GW,Business email compromise,Medium,Impact,False Positive,No,r.islam,Morning
ALT-002905,2026-08-12 11:02:28,2026-08,IDS,Nmap scan,Low,Privilege Escalation,False Positive,No,r.islam,Morning
ALT-002899,2026-08-12 11:22:10,2026-08,SIEM,Brute-force logon burst,Medium,Execution,Benign True Positive,No,n.akter,Morning
ALT-002902,2026-08-12 12:47:52,2026-08,WAF,Path traversal,Medium,Lateral Movement,Benign True Positive,No,t.begum,Morning
ALT-002912,2026-08-12 12:54:15,2026-08,IDS,EternalBlue exploit,High,Privilege Escalation,Benign True Positive,No,r.islam,Morning
ALT-002898,2026-08-12 15:00:42,2026-08,IDS,Nmap scan,High,Credential Access,True Positive,Yes,s.khatun,Evening
ALT-002907,2026-08-12 17:43:37,2026-08,Email-GW,Spoofed internal sender,High,Defense Evasion,False Positive,No,s.khatun,Evening
ALT-002911,2026-08-12 17:48:21,2026-08,SIEM,Logon from disabled account,High,Execution,True Positive,Yes,t.begum,Evening
ALT-002903,2026-08-12 18:26:06,2026-08,IDS,EternalBlue exploit,Medium,Privilege Escalation,False Positive,No,s.khatun,Evening
ALT-002926,2026-08-13 06:17:38,2026-08,SIEM,New privileged account,Medium,Defense Evasion,False Positive,No,m.hasan,Morning
ALT-002915,2026-08-13 06:43:12,2026-08,WAF,SQL injection attempt,Medium,Collection,True Positive,Yes,n.akter,Morning
ALT-002916,2026-08-13 06:44:22,2026-08,IDS,Nmap scan,Low,Impact,False Positive,No,s.khatun,Morning
ALT-002913,2026-08-13 07:20:22,2026-08,WAF,Web shell upload,Low,Collection,True Positive,No,m.hasan,Morning
ALT-002930,2026-08-13 07:32:38,2026-08,SIEM,Mass file download,Medium,Initial Access,False Positive,No,t.begum,Morning
ALT-002924,2026-08-13 07:48:47,2026-08,SIEM,New privileged account,Low,Command and Control,False Positive,No,a.rahman,Morning
ALT-002919,2026-08-13 09:17:27,2026-08,EDR,Credential dumping tool,Medium,Privilege Escalation,False Positive,No,r.islam,Morning
ALT-002922,2026-08-13 09:25:36,2026-08,CASB,OAuth grant to risky app,Low,Initial Access,Benign True Positive,No,a.rahman,Morning
ALT-002931,2026-08-13 09:26:52,2026-08,SIEM,Audit log cleared,Medium,Privilege Escalation,True Positive,No,a.rahman,Morning
ALT-002920,2026-08-13 10:11:21,2026-08,Email-GW,Spoofed internal sender,Low,Execution,Benign True Positive,No,s.khatun,Morning
ALT-002918,2026-08-13 11:37:03,2026-08,IDS,Nmap scan,Medium,Exfiltration,False Positive,No,m.hasan,Morning
ALT-002932,2026-08-13 12:08:10,2026-08,Firewall,Tor exit node traffic,Low,Execution,True Positive,No,t.begum,Morning
ALT-002925,2026-08-13 13:00:55,2026-08,EDR,Process hollowing,Low,Discovery,Benign True Positive,No,m.hasan,Morning
ALT-002917,2026-08-13 13:10:23,2026-08,Firewall,DNS tunneling pattern,Low,Persistence,False Positive,No,m.hasan,Morning
ALT-002928,2026-08-13 14:44:20,2026-08,EDR,Process hollowing,Low,Command and Control,False Positive,No,n.akter,Evening
ALT-002933,2026-08-13 15:06:29,2026-08,WAF,Path traversal,Medium,Execution,True Positive,No,m.hasan,Evening
ALT-002923,2026-08-13 15:44:55,2026-08,EDR,LOLBin execution,Medium,Command and Control,True Positive,No,s.khatun,Evening
ALT-002927,2026-08-13 15:49:05,2026-08,WAF,XSS attempt,Low,Persistence,False Positive,No,m.hasan,Evening
ALT-002914,2026-08-13 16:19:48,2026-08,Firewall,DNS tunneling pattern,Medium,Execution,True Positive,No,m.hasan,Evening
ALT-002921,2026-08-13 16:44:22,2026-08,SIEM,Mass file download,Low,Discovery,False Positive,No,t.begum,Evening
ALT-002934,2026-08-13 17:47:28,2026-08,EDR,Credential dumping tool,Critical,Credential Access,True Positive,Yes,s.khatun,Evening
ALT-002929,2026-08-13 19:46:20,2026-08,Email-GW,Spoofed internal sender,High,Execution,False Positive,No,s.khatun,Evening
ALT-002947,2026-08-14 02:43:06,2026-08,CASB,SaaS impossible travel,Medium,Privilege Escalation,False Positive,No,a.rahman,Night
ALT-002935,2026-08-14 04:51:04,2026-08,SIEM,Audit log cleared,Medium,Credential Access,False Positive,No,n.akter,Night
ALT-002936,2026-08-14 05:14:08,2026-08,IDS,Nmap scan,Low,Discovery,False Positive,No,s.khatun,Night
ALT-002946,2026-08-14 07:51:16,2026-08,Email-GW,Malicious attachment,Low,Initial Access,True Positive,Yes,m.hasan,Morning
ALT-002949,2026-08-14 08:27:31,2026-08,Email-GW,Spoofed internal sender,Medium,Credential Access,True Positive,Yes,a.rahman,Morning
ALT-002941,2026-08-14 08:41:02,2026-08,SIEM,Brute-force logon burst,Low,Collection,False Positive,No,s.khatun,Morning
ALT-002948,2026-08-14 11:00:30,2026-08,WAF,Web shell upload,Medium,Collection,True Positive,No,m.hasan,Morning
ALT-002943,2026-08-14 11:41:19,2026-08,CASB,Mass external share,Low,Command and Control,True Positive,No,t.begum,Morning
ALT-002944,2026-08-14 12:04:00,2026-08,SIEM,Logon from disabled account,Low,Collection,True Positive,No,r.islam,Morning
ALT-002951,2026-08-14 13:00:16,2026-08,SIEM,Impossible travel,Low,Impact,False Positive,No,a.rahman,Morning
ALT-002950,2026-08-14 13:18:49,2026-08,EDR,LOLBin execution,Critical,Execution,True Positive,Yes,m.hasan,Morning
ALT-002937,2026-08-14 14:21:23,2026-08,WAF,Web shell upload,Medium,Exfiltration,True Positive,Yes,m.hasan,Evening
ALT-002942,2026-08-14 15:39:43,2026-08,SIEM,Brute-force logon burst,Critical,Impact,True Positive,Yes,a.rahman,Evening
ALT-002945,2026-08-14 15:53:35,2026-08,Email-GW,Business email compromise,Low,Defense Evasion,True Positive,No,m.hasan,Evening
ALT-002939,2026-08-14 16:28:39,2026-08,SIEM,New privileged account,High,Initial Access,False Positive,No,s.khatun,Evening
ALT-002938,2026-08-14 18:41:28,2026-08,SIEM,Impossible travel,Low,Exfiltration,True Positive,No,s.khatun,Evening
ALT-002940,2026-08-14 23:29:20,2026-08,WAF,SQL injection attempt,High,Credential Access,True Positive,No,t.begum,Night
ALT-002952,2026-08-15 06:10:21,2026-08,Email-GW,Business email compromise,Low,Collection,Benign True Positive,No,s.khatun,Morning
ALT-002954,2026-08-15 10:08:39,2026-08,SIEM,New privileged account,Low,Persistence,True Positive,No,s.khatun,Morning
ALT-002953,2026-08-15 16:27:14,2026-08,EDR,Process hollowing,High,Credential Access,True Positive,No,t.begum,Evening
ALT-002956,2026-08-16 08:42:14,2026-08,IDS,Nmap scan,Low,Command and Control,True Positive,No,r.islam,Morning
ALT-002957,2026-08-16 08:43:47,2026-08,IDS,Nmap scan,Low,Impact,True Positive,No,a.rahman,Morning
ALT-002955,2026-08-16 14:39:26,2026-08,Firewall,Geo-blocked destination,High,Credential Access,False Positive,No,s.khatun,Evening
ALT-002963,2026-08-17 04:11:01,2026-08,Firewall,DNS tunneling pattern,Low,Initial Access,Duplicate,No,a.rahman,Night
ALT-002965,2026-08-17 06:20:00,2026-08,WAF,Web shell upload,Medium,Persistence,True Positive,Yes,m.hasan,Morning
ALT-002970,2026-08-17 06:20:48,2026-08,WAF,Web shell upload,Low,Privilege Escalation,False Positive,No,m.hasan,Morning
ALT-002976,2026-08-17 09:00:28,2026-08,Email-GW,Phishing URL,Low,Execution,Duplicate,No,n.akter,Morning
ALT-002974,2026-08-17 09:07:36,2026-08,SIEM,Brute-force logon burst,Medium,Execution,False Positive,No,r.islam,Morning
ALT-002961,2026-08-17 09:21:31,2026-08,Firewall,DNS tunneling pattern,Low,Execution,False Positive,No,s.khatun,Morning
ALT-002969,2026-08-17 09:43:24,2026-08,SIEM,Impossible travel,Critical,Execution,False Positive,No,t.begum,Morning
ALT-002968,2026-08-17 09:44:23,2026-08,SIEM,Brute-force logon burst,Low,Command and Control,False Positive,No,m.hasan,Morning
ALT-002975,2026-08-17 11:03:20,2026-08,SIEM,Impossible travel,Low,Exfiltration,False Positive,No,t.begum,Morning
ALT-002960,2026-08-17 11:08:11,2026-08,SIEM,Mass file download,Low,Command and Control,False Positive,No,m.hasan,Morning
ALT-002958,2026-08-17 11:10:07,2026-08,EDR,LOLBin execution,Medium,Privilege Escalation,False Positive,No,s.khatun,Morning
ALT-002972,2026-08-17 13:19:25,2026-08,SIEM,Brute-force logon burst,Medium,Impact,True Positive,Yes,a.rahman,Morning
ALT-002964,2026-08-17 14:43:49,2026-08,WAF,Path traversal,Medium,Initial Access,False Positive,No,r.islam,Evening
ALT-002967,2026-08-17 15:08:32,2026-08,Email-GW,Malicious attachment,Low,Execution,Benign True Positive,No,n.akter,Evening
ALT-002971,2026-08-17 15:14:09,2026-08,CASB,OAuth grant to risky app,Low,Initial Access,False Positive,No,t.begum,Evening
ALT-002962,2026-08-17 15:48:01,2026-08,SIEM,Audit log cleared,Low,Collection,True Positive,No,m.hasan,Evening
ALT-002973,2026-08-17 16:09:56,2026-08,SIEM,Brute-force logon burst,Low,Exfiltration,Benign True Positive,No,s.khatun,Evening
ALT-002966,2026-08-17 16:51:19,2026-08,EDR,Ransomware canary file,Medium,Defense Evasion,True Positive,Yes,r.islam,Evening
ALT-002959,2026-08-17 17:46:37,2026-08,Firewall,Geo-blocked destination,Low,Credential Access,False Positive,No,m.hasan,Evening
ALT-002992,2026-08-18 05:47:08,2026-08,EDR,LOLBin execution,Low,Exfiltration,Duplicate,No,a.rahman,Night
ALT-002981,2026-08-18 07:11:17,2026-08,IDS,Nmap scan,Medium,Lateral Movement,True Positive,Yes,a.rahman,Morning
ALT-002986,2026-08-18 08:08:44,2026-08,EDR,LOLBin execution,Medium,Discovery,True Positive,Yes,n.akter,Morning
ALT-002991,2026-08-18 09:07:20,2026-08,Firewall,Inbound port scan,Medium,Impact,Duplicate,No,s.khatun,Morning
ALT-002980,2026-08-18 09:13:26,2026-08,Firewall,Tor exit node traffic,High,Collection,False Positive,No,t.begum,Morning
ALT-002982,2026-08-18 09:47:31,2026-08,CASB,Mass external share,Low,Exfiltration,False Positive,No,m.hasan,Morning
ALT-002990,2026-08-18 11:06:31,2026-08,Firewall,Inbound port scan,Medium,Defense Evasion,True Positive,Yes,t.begum,Morning
ALT-002983,2026-08-18 12:01:25,2026-08,EDR,Suspicious PowerShell,Critical,Lateral Movement,True Positive,Yes,a.rahman,Morning
ALT-002993,2026-08-18 13:16:46,2026-08,EDR,Ransomware canary file,Low,Impact,Benign True Positive,No,s.khatun,Morning
ALT-002977,2026-08-18 16:02:10,2026-08,EDR,Ransomware canary file,Medium,Execution,Benign True Positive,No,m.hasan,Evening
ALT-002987,2026-08-18 16:50:31,2026-08,Firewall,Outbound to known C2,Medium,Execution,False Positive,No,r.islam,Evening
ALT-002985,2026-08-18 17:44:42,2026-08,EDR,Process hollowing,Medium,Execution,Benign True Positive,No,a.rahman,Evening
ALT-002988,2026-08-18 18:13:47,2026-08,IDS,SMB lateral movement,High,Privilege Escalation,False Positive,No,a.rahman,Evening
ALT-002978,2026-08-18 18:23:29,2026-08,EDR,Process hollowing,Low,Privilege Escalation,False Positive,No,s.khatun,Evening
ALT-002979,2026-08-18 19:41:33,2026-08,WAF,SQL injection attempt,Low,Persistence,True Positive,No,m.hasan,Evening
ALT-002984,2026-08-18 19:50:17,2026-08,Email-GW,Malicious attachment,Low,Credential Access,False Positive,No,a.rahman,Evening
ALT-002989,2026-08-18 22:52:21,2026-08,WAF,SQL injection attempt,Medium,Lateral Movement,True Positive,Yes,n.akter,Night
ALT-003008,2026-08-19 06:45:01,2026-08,Email-GW,Phishing URL,Medium,Credential Access,False Positive,No,m.hasan,Morning
ALT-002998,2026-08-19 07:17:19,2026-08,IDS,Nmap scan,Medium,Persistence,True Positive,No,m.hasan,Morning
ALT-003009,2026-08-19 08:54:24,2026-08,IDS,SMB lateral movement,Medium,Exfiltration,True Positive,No,n.akter,Morning
ALT-003000,2026-08-19 09:19:44,2026-08,CASB,OAuth grant to risky app,Low,Privilege Escalation,False Positive,No,r.islam,Morning
ALT-002996,2026-08-19 09:46:45,2026-08,SIEM,New privileged account,Medium,Privilege Escalation,True Positive,Yes,a.rahman,Morning
ALT-002995,2026-08-19 12:35:30,2026-08,EDR,Credential dumping tool,Low,Initial Access,True Positive,No,r.islam,Morning
ALT-003001,2026-08-19 12:51:01,2026-08,EDR,Unsigned driver load,Low,Credential Access,True Positive,No,m.hasan,Morning
ALT-003004,2026-08-19 13:50:28,2026-08,SIEM,Impossible travel,Medium,Discovery,True Positive,No,m.hasan,Morning
ALT-003006,2026-08-19 13:52:02,2026-08,SIEM,Brute-force logon burst,Medium,Discovery,True Positive,Yes,r.islam,Morning
ALT-003003,2026-08-19 14:16:19,2026-08,CASB,SaaS impossible travel,Medium,Persistence,False Positive,No,r.islam,Evening
ALT-003005,2026-08-19 14:18:26,2026-08,EDR,Process hollowing,Medium,Impact,True Positive,No,a.rahman,Evening
ALT-003007,2026-08-19 14:25:07,2026-08,SIEM,Mass file download,High,Discovery,Benign True Positive,No,m.hasan,Evening
ALT-003002,2026-08-19 14:36:31,2026-08,EDR,Process hollowing,Medium,Lateral Movement,Benign True Positive,No,r.islam,Evening
ALT-002999,2026-08-19 15:21:17,2026-08,Firewall,DNS tunneling pattern,High,Credential Access,False Positive,No,m.hasan,Evening
ALT-002994,2026-08-19 19:13:46,2026-08,IDS,EternalBlue exploit,Medium,Credential Access,True Positive,No,t.begum,Evening
ALT-002997,2026-08-19 20:03:53,2026-08,Firewall,DNS tunneling pattern,Medium,Command and Control,True Positive,No,r.islam,Evening
ALT-003023,2026-08-20 00:05:12,2026-08,WAF,Path traversal,Medium,Exfiltration,True Positive,No,s.khatun,Night
ALT-003012,2026-08-20 01:59:21,2026-08,EDR,LOLBin execution,Low,Command and Control,Benign True Positive,No,n.akter,Night
ALT-003016,2026-08-20 06:24:11,2026-08,Firewall,Geo-blocked destination,Critical,Initial Access,False Positive,No,s.khatun,Morning
ALT-003022,2026-08-20 07:54:33,2026-08,Firewall,Inbound port scan,Low,Lateral Movement,True Positive,No,a.rahman,Morning
ALT-003010,2026-08-20 07:56:19,2026-08,EDR,Credential dumping tool,Low,Privilege Escalation,True Positive,Yes,a.rahman,Morning
ALT-003025,2026-08-20 09:51:04,2026-08,SIEM,New privileged account,Medium,Exfiltration,False Positive,No,m.hasan,Morning
ALT-003019,2026-08-20 10:07:53,2026-08,IDS,EternalBlue exploit,Medium,Impact,False Positive,No,t.begum,Morning
ALT-003021,2026-08-20 11:37:54,2026-08,Email-GW,Business email compromise,Medium,Execution,True Positive,Yes,m.hasan,Morning
ALT-003011,2026-08-20 15:17:22,2026-08,SIEM,Brute-force logon burst,Medium,Discovery,False Positive,No,n.akter,Evening
ALT-003020,2026-08-20 15:18:48,2026-08,EDR,Ransomware canary file,Low,Lateral Movement,False Positive,No,s.khatun,Evening
ALT-003018,2026-08-20 15:31:47,2026-08,EDR,LOLBin execution,High,Privilege Escalation,False Positive,No,n.akter,Evening
ALT-003024,2026-08-20 16:17:32,2026-08,EDR,Process hollowing,Medium,Impact,True Positive,No,m.hasan,Evening
ALT-003014,2026-08-20 16:53:36,2026-08,SIEM,Audit log cleared,Medium,Privilege Escalation,True Positive,No,r.islam,Evening
ALT-003017,2026-08-20 17:01:20,2026-08,Firewall,Inbound port scan,Low,Discovery,True Positive,No,t.begum,Evening
ALT-003013,2026-08-20 18:11:01,2026-08,Firewall,Geo-blocked destination,Low,Command and Control,False Positive,No,a.rahman,Evening
ALT-003015,2026-08-20 20:00:32,2026-08,SIEM,Audit log cleared,Medium,Initial Access,True Positive,No,r.islam,Evening
ALT-003028,2026-08-21 06:09:56,2026-08,SIEM,Brute-force logon burst,Low,Discovery,Benign True Positive,No,s.khatun,Morning
ALT-003026,2026-08-21 08:01:51,2026-08,WAF,SQL injection attempt,Low,Initial Access,True Positive,No,m.hasan,Morning
ALT-003031,2026-08-21 08:45:35,2026-08,SIEM,Impossible travel,Low,Defense Evasion,False Positive,No,s.khatun,Morning
ALT-003027,2026-08-21 08:50:36,2026-08,Email-GW,Phishing URL,Low,Execution,False Positive,No,n.akter,Morning
ALT-003042,2026-08-21 09:05:28,2026-08,EDR,Suspicious PowerShell,Low,Impact,False Positive,No,r.islam,Morning
ALT-003039,2026-08-21 10:17:24,2026-08,SIEM,Impossible travel,Low,Execution,False Positive,No,s.khatun,Morning
ALT-003038,2026-08-21 10:42:23,2026-08,IDS,Nmap scan,High,Defense Evasion,True Positive,Yes,r.islam,Morning
ALT-003043,2026-08-21 12:47:22,2026-08,Email-GW,Spoofed internal sender,Low,Discovery,False Positive,No,s.khatun,Morning
ALT-003033,2026-08-21 12:50:30,2026-08,Email-GW,Spoofed internal sender,Low,Collection,False Positive,No,r.islam,Morning
ALT-003029,2026-08-21 13:47:42,2026-08,Firewall,DNS tunneling pattern,Low,Command and Control,False Positive,No,s.khatun,Morning
ALT-003041,2026-08-21 14:03:28,2026-08,EDR,Ransomware canary file,Low,Execution,Benign True Positive,No,s.khatun,Evening
ALT-003035,2026-08-21 14:41:31,2026-08,CASB,Mass external share,Low,Discovery,False Positive,No,s.khatun,Evening
ALT-003032,2026-08-21 15:35:39,2026-08,Email-GW,Spoofed internal sender,Low,Persistence,True Positive,No,t.begum,Evening
ALT-003037,2026-08-21 15:45:25,2026-08,EDR,Suspicious PowerShell,Low,Defense Evasion,True Positive,Yes,t.begum,Evening
ALT-003036,2026-08-21 16:12:06,2026-08,SIEM,Brute-force logon burst,Medium,Execution,Duplicate,No,s.khatun,Evening
ALT-003034,2026-08-21 17:40:09,2026-08,IDS,Nmap scan,Medium,Initial Access,False Positive,No,n.akter,Evening
ALT-003030,2026-08-21 18:53:56,2026-08,Email-GW,Malicious attachment,Low,Privilege Escalation,True Positive,No,s.khatun,Evening
ALT-003040,2026-08-21 19:01:38,2026-08,Firewall,Inbound port scan,Low,Defense Evasion,Duplicate,No,m.hasan,Evening
ALT-003044,2026-08-21 19:03:15,2026-08,Firewall,Tor exit node traffic,Low,Lateral Movement,True Positive,No,m.hasan,Evening
ALT-003046,2026-08-22 08:08:44,2026-08,Firewall,Geo-blocked destination,Medium,Execution,False Positive,No,n.akter,Morning
ALT-003047,2026-08-22 10:29:54,2026-08,EDR,Ransomware canary file,High,Discovery,True Positive,Yes,n.akter,Morning
ALT-003045,2026-08-22 11:06:45,2026-08,Firewall,Inbound port scan,Critical,Lateral Movement,False Positive,No,s.khatun,Morning
ALT-003048,2026-08-23 06:16:30,2026-08,Email-GW,Spoofed internal sender,Low,Credential Access,False Positive,No,s.khatun,Morning
ALT-003050,2026-08-23 10:28:16,2026-08,SIEM,Audit log cleared,Medium,Defense Evasion,False Positive,No,m.hasan,Morning
ALT-003049,2026-08-23 19:50:02,2026-08,WAF,XSS attempt,Low,Defense Evasion,False Positive,No,n.akter,Evening
ALT-003061,2026-08-24 00:24:39,2026-08,EDR,Credential dumping tool,Medium,Defense Evasion,False Positive,No,t.begum,Night
ALT-003069,2026-08-24 03:15:39,2026-08,SIEM,Logon from disabled account,Low,Command and Control,True Positive,No,s.khatun,Night
ALT-003062,2026-08-24 05:31:03,2026-08,SIEM,Brute-force logon burst,Low,Collection,False Positive,No,a.rahman,Night
ALT-003065,2026-08-24 08:37:03,2026-08,EDR,Credential dumping tool,Low,Privilege Escalation,False Positive,No,s.khatun,Morning
ALT-003059,2026-08-24 10:58:55,2026-08,SIEM,Mass file download,High,Privilege Escalation,False Positive,No,m.hasan,Morning
ALT-003064,2026-08-24 11:30:19,2026-08,Email-GW,Spoofed internal sender,Medium,Defense Evasion,True Positive,No,a.rahman,Morning
ALT-003060,2026-08-24 11:31:52,2026-08,EDR,Credential dumping tool,Medium,Exfiltration,True Positive,No,t.begum,Morning
ALT-003052,2026-08-24 11:59:57,2026-08,EDR,Unsigned driver load,Medium,Discovery,False Positive,No,m.hasan,Morning
ALT-003057,2026-08-24 12:00:29,2026-08,EDR,LOLBin execution,High,Collection,True Positive,Yes,m.hasan,Morning
ALT-003055,2026-08-24 12:44:16,2026-08,WAF,XSS attempt,Medium,Defense Evasion,False Positive,No,n.akter,Morning
ALT-003068,2026-08-24 13:28:48,2026-08,EDR,Unsigned driver load,Medium,Impact,True Positive,Yes,n.akter,Morning
ALT-003067,2026-08-24 14:38:05,2026-08,EDR,Process hollowing,Low,Execution,False Positive,No,a.rahman,Evening
ALT-003056,2026-08-24 15:06:32,2026-08,EDR,Suspicious PowerShell,Low,Impact,Benign True Positive,No,s.khatun,Evening
ALT-003051,2026-08-24 15:18:44,2026-08,SIEM,Brute-force logon burst,Medium,Defense Evasion,Benign True Positive,No,m.hasan,Evening
ALT-003054,2026-08-24 15:30:23,2026-08,IDS,SMB lateral movement,Low,Privilege Escalation,False Positive,No,n.akter,Evening
ALT-003053,2026-08-24 16:03:35,2026-08,Firewall,Inbound port scan,Low,Persistence,True Positive,No,a.rahman,Evening
ALT-003063,2026-08-24 16:10:38,2026-08,SIEM,New privileged account,Low,Persistence,Duplicate,No,t.begum,Evening
ALT-003070,2026-08-24 16:37:59,2026-08,Firewall,DNS tunneling pattern,Low,Discovery,True Positive,No,t.begum,Evening
ALT-003066,2026-08-24 17:10:50,2026-08,SIEM,Logon from disabled account,Low,Discovery,False Positive,No,m.hasan,Evening
ALT-003058,2026-08-24 19:33:45,2026-08,Email-GW,Spoofed internal sender,Low,Persistence,True Positive,No,m.hasan,Evening
ALT-003076,2026-08-25 08:36:52,2026-08,Firewall,Geo-blocked destination,Low,Collection,False Positive,No,t.begum,Morning
ALT-003075,2026-08-25 08:48:36,2026-08,IDS,Nmap scan,Medium,Credential Access,True Positive,No,n.akter,Morning
ALT-003085,2026-08-25 09:25:35,2026-08,WAF,Web shell upload,Low,Defense Evasion,False Positive,No,n.akter,Morning
ALT-003084,2026-08-25 09:33:57,2026-08,IDS,Cobalt Strike beacon,Low,Lateral Movement,Benign True Positive,No,s.khatun,Morning
ALT-003080,2026-08-25 09:36:00,2026-08,SIEM,Brute-force logon burst,Medium,Initial Access,Benign True Positive,No,m.hasan,Morning
ALT-003071,2026-08-25 09:48:14,2026-08,WAF,XSS attempt,Medium,Exfiltration,True Positive,No,s.khatun,Morning
ALT-003081,2026-08-25 11:04:43,2026-08,SIEM,Brute-force logon burst,High,Lateral Movement,False Positive,No,s.khatun,Morning
ALT-003086,2026-08-25 12:20:47,2026-08,CASB,OAuth grant to risky app,Low,Initial Access,True Positive,No,r.islam,Morning
ALT-003082,2026-08-25 12:47:20,2026-08,Email-GW,Malicious attachment,Low,Persistence,True Positive,No,a.rahman,Morning
ALT-003083,2026-08-25 13:09:03,2026-08,EDR,Credential dumping tool,High,Credential Access,True Positive,Yes,n.akter,Morning
ALT-003078,2026-08-25 14:00:09,2026-08,WAF,XSS attempt,Medium,Command and Control,True Positive,No,t.begum,Evening
ALT-003079,2026-08-25 14:01:57,2026-08,EDR,Credential dumping tool,Low,Impact,False Positive,No,r.islam,Evening
ALT-003072,2026-08-25 14:18:03,2026-08,SIEM,Mass file download,Low,Defense Evasion,False Positive,No,n.akter,Evening
ALT-003074,2026-08-25 14:20:45,2026-08,Email-GW,Spoofed internal sender,High,Impact,True Positive,Yes,t.begum,Evening
ALT-003073,2026-08-25 14:41:29,2026-08,Firewall,Outbound to known C2,Medium,Exfiltration,True Positive,No,m.hasan,Evening
ALT-003077,2026-08-25 16:07:24,2026-08,SIEM,Logon from disabled account,Medium,Privilege Escalation,False Positive,No,n.akter,Evening
ALT-003095,2026-08-26 07:50:57,2026-08,Firewall,DNS tunneling pattern,Low,Discovery,True Positive,No,r.islam,Morning
ALT-003099,2026-08-26 08:28:20,2026-08,WAF,SQL injection attempt,Medium,Collection,Benign True Positive,No,s.khatun,Morning
ALT-003102,2026-08-26 09:09:39,2026-08,SIEM,Impossible travel,Low,Initial Access,True Positive,No,t.begum,Morning
ALT-003089,2026-08-26 10:11:51,2026-08,SIEM,New privileged account,Low,Defense Evasion,False Positive,No,a.rahman,Morning
ALT-003104,2026-08-26 10:29:09,2026-08,EDR,Process hollowing,High,Defense Evasion,Benign True Positive,No,m.hasan,Morning
ALT-003097,2026-08-26 11:49:10,2026-08,EDR,Ransomware canary file,Medium,Impact,False Positive,No,s.khatun,Morning
ALT-003100,2026-08-26 11:55:10,2026-08,IDS,EternalBlue exploit,Medium,Collection,False Positive,No,s.khatun,Morning
ALT-003098,2026-08-26 12:20:02,2026-08,SIEM,Impossible travel,Medium,Defense Evasion,False Positive,No,a.rahman,Morning
ALT-003101,2026-08-26 13:39:36,2026-08,EDR,Unsigned driver load,High,Initial Access,True Positive,Yes,s.khatun,Morning
ALT-003093,2026-08-26 14:31:31,2026-08,EDR,Process hollowing,Low,Exfiltration,Benign True Positive,No,m.hasan,Evening
ALT-003105,2026-08-26 15:22:40,2026-08,Firewall,DNS tunneling pattern,Low,Discovery,False Positive,No,m.hasan,Evening
ALT-003090,2026-08-26 15:38:32,2026-08,EDR,LOLBin execution,Low,Exfiltration,True Positive,No,t.begum,Evening
ALT-003103,2026-08-26 16:09:47,2026-08,EDR,Credential dumping tool,Medium,Lateral Movement,True Positive,Yes,r.islam,Evening
ALT-003096,2026-08-26 17:23:47,2026-08,SIEM,Audit log cleared,High,Credential Access,True Positive,Yes,s.khatun,Evening
ALT-003092,2026-08-26 17:28:49,2026-08,EDR,Ransomware canary file,Medium,Impact,False Positive,No,a.rahman,Evening
ALT-003088,2026-08-26 17:29:17,2026-08,EDR,LOLBin execution,Low,Initial Access,False Positive,No,a.rahman,Evening
ALT-003094,2026-08-26 20:47:52,2026-08,IDS,Cobalt Strike beacon,Low,Impact,True Positive,Yes,a.rahman,Evening
ALT-003091,2026-08-26 22:15:28,2026-08,Firewall,Tor exit node traffic,Critical,Impact,True Positive,Yes,a.rahman,Night
ALT-003087,2026-08-26 22:59:00,2026-08,Firewall,Tor exit node traffic,Medium,Execution,False Positive,No,t.begum,Night
ALT-003113,2026-08-27 07:28:28,2026-08,IDS,Cobalt Strike beacon,Medium,Impact,True Positive,No,t.begum,Morning
ALT-003111,2026-08-27 07:54:45,2026-08,EDR,Credential dumping tool,Low,Command and Control,True Positive,No,t.begum,Morning
ALT-003116,2026-08-27 09:39:25,2026-08,WAF,SQL injection attempt,Low,Command and Control,True Positive,No,r.islam,Morning
ALT-003118,2026-08-27 10:38:36,2026-08,WAF,Web shell upload,Low,Initial Access,True Positive,No,r.islam,Morning
ALT-003109,2026-08-27 12:05:53,2026-08,EDR,Ransomware canary file,Low,Defense Evasion,Benign True Positive,No,a.rahman,Morning
ALT-003119,2026-08-27 12:06:14,2026-08,CASB,OAuth grant to risky app,Low,Initial Access,False Positive,No,t.begum,Morning
ALT-003107,2026-08-27 12:49:54,2026-08,Email-GW,Malicious attachment,Medium,Impact,True Positive,Yes,s.khatun,Morning
ALT-003117,2026-08-27 13:19:27,2026-08,EDR,Suspicious PowerShell,High,Lateral Movement,False Positive,No,n.akter,Morning
ALT-003110,2026-08-27 13:28:57,2026-08,IDS,EternalBlue exploit,Medium,Credential Access,Benign True Positive,No,t.begum,Morning
ALT-003115,2026-08-27 14:21:41,2026-08,Email-GW,Business email compromise,High,Defense Evasion,True Positive,Yes,n.akter,Evening
ALT-003121,2026-08-27 14:43:17,2026-08,Email-GW,Business email compromise,Medium,Defense Evasion,Benign True Positive,No,t.begum,Evening
ALT-003112,2026-08-27 15:39:02,2026-08,Email-GW,Malicious attachment,High,Credential Access,True Positive,Yes,a.rahman,Evening
ALT-003108,2026-08-27 17:01:49,2026-08,EDR,Ransomware canary file,Medium,Command and Control,True Positive,No,n.akter,Evening
ALT-003106,2026-08-27 17:16:19,2026-08,SIEM,New privileged account,Low,Defense Evasion,True Positive,No,a.rahman,Evening
ALT-003114,2026-08-27 19:50:39,2026-08,Firewall,Tor exit node traffic,Low,Impact,True Positive,No,n.akter,Evening
ALT-003120,2026-08-27 21:00:01,2026-08,SIEM,Impossible travel,Low,Lateral Movement,Duplicate,No,t.begum,Evening
ALT-003122,2026-08-28 06:01:15,2026-08,WAF,Path traversal,High,Initial Access,Benign True Positive,No,s.khatun,Morning
ALT-003135,2026-08-28 06:56:18,2026-08,SIEM,New privileged account,Low,Command and Control,Duplicate,No,m.hasan,Morning
ALT-003125,2026-08-28 07:12:48,2026-08,Firewall,Geo-blocked destination,Medium,Defense Evasion,False Positive,No,t.begum,Morning
ALT-003126,2026-08-28 08:54:01,2026-08,SIEM,Brute-force logon burst,Medium,Defense Evasion,True Positive,No,a.rahman,Morning
ALT-003128,2026-08-28 10:13:39,2026-08,SIEM,Impossible travel,Low,Defense Evasion,Duplicate,No,m.hasan,Morning
ALT-003134,2026-08-28 10:47:33,2026-08,Firewall,Inbound port scan,Low,Discovery,True Positive,No,t.begum,Morning
ALT-003131,2026-08-28 11:41:29,2026-08,SIEM,Impossible travel,Low,Discovery,True Positive,No,r.islam,Morning
ALT-003132,2026-08-28 11:42:49,2026-08,EDR,Suspicious PowerShell,High,Command and Control,False Positive,No,a.rahman,Morning
ALT-003123,2026-08-28 12:15:59,2026-08,EDR,Credential dumping tool,Medium,Discovery,True Positive,No,s.khatun,Morning
ALT-003129,2026-08-28 13:23:07,2026-08,EDR,Unsigned driver load,Low,Discovery,Benign True Positive,No,m.hasan,Morning
ALT-003136,2026-08-28 13:30:17,2026-08,Firewall,DNS tunneling pattern,High,Impact,True Positive,No,s.khatun,Morning
ALT-003127,2026-08-28 13:38:32,2026-08,SIEM,Mass file download,High,Persistence,True Positive,Yes,n.akter,Morning
ALT-003138,2026-08-28 13:50:27,2026-08,WAF,Path traversal,Critical,Collection,Benign True Positive,No,a.rahman,Morning
ALT-003130,2026-08-28 13:53:02,2026-08,WAF,SQL injection attempt,Medium,Discovery,True Positive,No,r.islam,Morning
ALT-003124,2026-08-28 15:03:49,2026-08,EDR,LOLBin execution,Low,Collection,True Positive,No,n.akter,Evening
ALT-003137,2026-08-28 18:19:46,2026-08,Firewall,Inbound port scan,High,Command and Control,True Positive,Yes,n.akter,Evening
ALT-003133,2026-08-28 22:22:39,2026-08,SIEM,Brute-force logon burst,Low,Lateral Movement,True Positive,Yes,a.rahman,Night
ALT-003139,2026-08-29 11:04:17,2026-08,Email-GW,Business email compromise,Medium,Collection,True Positive,No,n.akter,Morning
ALT-003141,2026-08-29 13:26:01,2026-08,SIEM,Logon from disabled account,Critical,Command and Control,False Positive,No,s.khatun,Morning
ALT-003140,2026-08-29 18:10:02,2026-08,SIEM,Audit log cleared,Low,Discovery,False Positive,No,t.begum,Evening
ALT-003145,2026-08-30 04:27:51,2026-08,SIEM,Logon from disabled account,Low,Impact,True Positive,No,t.begum,Night
ALT-003144,2026-08-30 10:05:49,2026-08,SIEM,Logon from disabled account,Critical,Persistence,False Positive,No,s.khatun,Morning
ALT-003142,2026-08-30 17:11:48,2026-08,Firewall,Inbound port scan,Low,Lateral Movement,False Positive,No,t.begum,Evening
ALT-003143,2026-08-30 19:39:31,2026-08,WAF,XSS attempt,Low,Collection,False Positive,No,m.hasan,Evening
ALT-003162,2026-08-31 03:21:35,2026-08,SIEM,Impossible travel,High,Execution,False Positive,No,a.rahman,Night
ALT-003160,2026-08-31 04:13:21,2026-08,EDR,Ransomware canary file,High,Discovery,Duplicate,No,t.begum,Night
ALT-003158,2026-08-31 06:11:09,2026-08,EDR,Suspicious PowerShell,Low,Defense Evasion,True Positive,No,a.rahman,Morning
ALT-003161,2026-08-31 07:06:39,2026-08,SIEM,Brute-force logon burst,Medium,Lateral Movement,False Positive,No,t.begum,Morning
ALT-003155,2026-08-31 07:14:25,2026-08,Firewall,Geo-blocked destination,Medium,Impact,Benign True Positive,No,t.begum,Morning
ALT-003146,2026-08-31 07:41:51,2026-08,SIEM,Mass file download,Medium,Privilege Escalation,Benign True Positive,No,t.begum,Morning
ALT-003153,2026-08-31 10:26:34,2026-08,WAF,SQL injection attempt,Medium,Execution,True Positive,Yes,m.hasan,Morning
ALT-003147,2026-08-31 11:24:51,2026-08,Firewall,Geo-blocked destination,Low,Impact,True Positive,No,r.islam,Morning
ALT-003159,2026-08-31 11:33:26,2026-08,Firewall,Outbound to known C2,Medium,Execution,True Positive,No,m.hasan,Morning
ALT-003154,2026-08-31 15:37:39,2026-08,SIEM,Brute-force logon burst,Low,Lateral Movement,True Positive,No,r.islam,Evening
ALT-003152,2026-08-31 16:20:20,2026-08,SIEM,Brute-force logon burst,Low,Lateral Movement,True Positive,No,n.akter,Evening
ALT-003148,2026-08-31 16:49:24,2026-08,IDS,Cobalt Strike beacon,Low,Initial Access,True Positive,No,s.khatun,Evening
ALT-003156,2026-08-31 17:18:08,2026-08,EDR,Unsigned driver load,Low,Execution,Duplicate,No,m.hasan,Evening
ALT-003149,2026-08-31 18:12:40,2026-08,SIEM,Brute-force logon burst,Low,Persistence,Benign True Positive,No,t.begum,Evening
ALT-003150,2026-08-31 19:23:04,2026-08,WAF,Path traversal,Medium,Defense Evasion,False Positive,No,r.islam,Evening
ALT-003151,2026-08-31 20:15:07,2026-08,SIEM,New privileged account,Low,Credential Access,True Positive,No,a.rahman,Evening
ALT-003157,2026-08-31 20:57:19,2026-08,EDR,Ransomware canary file,Low,Command and Control,True Positive,No,t.begum,Evening
